{"type":"FeatureCollection","features":[{"type":"Feature","properties":{"id":"ranges-ne-1159102603-physical-areas-73","category":"ranges"},"geometry":{"type":"Polygon","coordinates":[[[28.897,-26.616],[28.824,-26.887],[28.354,-26.867],[27.931,-26.57],[27.144,-26.239],[26.992,-26.107],[26.158,-25.882],[25.715,-25.379],[25.517,-25.015],[25.409,-24.998],[24.855,-24.909],[24.749,-24.565],[25.279,-24.473],[25.425,-24.484],[26.033,-24.532],[26.866,-24.691],[27.865,-25.061],[28.493,-25.531],[28.811,-25.974],[28.897,-26.616]]]}},{"type":"Feature","properties":{"id":"ranges-ne-1159102605-physical-areas-74","category":"ranges"},"geometry":{"type":"Polygon","coordinates":[[[14.027,21.988],[13.392,21.909],[13.247,22.795],[13.984,23.619],[14.036,23.678],[14.477,24.171],[15.178,25.071],[16.355,26.261],[16.818,26.341],[17.229,26.155],[17.096,25.679],[16.263,24.66],[15.535,23.774],[15.152,22.98],[14.027,21.988]]]}},{"type":"Feature","properties":{"id":"ranges-ne-1159102607-physical-areas-75","category":"ranges"},"geometry":{"type":"Polygon","coordinates":[[[-111.293,42.268],[-111.2,42.189],[-111.049,42.223],[-110.942,42.061],[-110.993,41.897],[-111.081,41.735],[-111.122,41.566],[-111.134,41.395],[-111.16,41.184],[-111.213,40.919],[-111.293,40.668],[-111.359,40.324],[-111.412,40.072],[-111.452,39.795],[-111.571,39.53],[-111.663,39.279],[-111.843,39.266],[-111.848,39.265],[-111.888,39.53],[-111.835,39.768],[-111.767,40.022],[-111.675,40.211],[-111.779,40.365],[-111.822,40.694],[-111.822,40.836],[-111.822,40.853],[-111.822,40.906],[-111.901,41.17],[-111.994,41.567],[-111.888,41.686],[-111.756,41.872],[-111.756,42.002],[-111.705,42.301],[-111.72,42.446],[-111.705,42.641],[-111.557,42.652],[-111.473,42.582],[-111.397,42.501],[-111.329,42.361],[-111.293,42.268]]]}},{"type":"Feature","properties":{"id":"ranges-ne-1159102609-physical-areas-76","category":"ranges"},"geometry":{"type":"Polygon","coordinates":[[[32.145,-27.482],[31.979,-27.793],[31.86,-27.489],[31.797,-27.108],[31.794,-27.092],[31.781,-26.113],[31.873,-25.65],[31.886,-25.2],[31.754,-24.565],[31.728,-23.877],[31.807,-23.428],[31.992,-23.692],[32.138,-24.195],[32.204,-24.711],[32.23,-25.28],[32.349,-25.809],[32.297,-26.034],[32.27,-26.735],[32.191,-27.396],[32.145,-27.482]]]}},{"type":"Feature","properties":{"id":"ranges-ne-1730070733-physical-areas-77","category":"ranges"},"geometry":{"type":"Polygon","coordinates":[[[30.246,0.266],[29.867,-0.074],[29.757,-0.004],[29.734,0.011],[29.673,0.05],[29.673,0.266],[29.704,0.477],[29.796,0.643],[30.083,0.892],[30.233,1.108],[30.414,1.166],[30.453,1.179],[30.436,0.94],[30.312,0.673],[30.292,0.63],[30.246,0.266]]]}},{"type":"Feature","properties":{"id":"ranges-ne-1159102615-physical-areas-78","category":"ranges"},"geometry":{"type":"Polygon","coordinates":[[[-3.475,33.881],[-3.66,33.557],[-3.879,33.312],[-4.084,33.048],[-4.467,32.816],[-4.666,32.783],[-5.01,32.757],[-5.393,32.862],[-5.671,33.028],[-5.446,33.372],[-5.261,33.656],[-4.963,33.941],[-4.652,34.086],[-4.216,34.285],[-3.872,34.298],[-3.733,34.265],[-3.422,34.252],[-3.409,34.08],[-3.475,33.881]]]}},{"type":"Feature","properties":{"id":"ranges-ne-1159102617-physical-areas-79","category":"ranges"},"geometry":{"type":"Polygon","coordinates":[[[-10.632,8.243],[-11.241,7.952],[-11.836,8.296],[-11.876,8.891],[-11.69,9.301],[-11.201,9.526],[-10.738,9.473],[-10.328,9.407],[-10.116,9.182],[-10.381,8.719],[-10.632,8.243]]]}},{"type":"Feature","properties":{"id":"ranges-ne-1730070745-physical-areas-80","category":"ranges"},"geometry":{"type":"Polygon","coordinates":[[[13.158,6.783],[12.991,6.713],[13.044,7.242],[13.379,7.718],[14.005,8.062],[14.331,8.247],[14.922,8.371],[15.252,8.377],[15.425,8.38],[15.533,8.292],[15.663,8.186],[15.593,7.886],[15.16,7.868],[14.781,7.736],[14.252,7.665],[13.829,7.515],[13.441,7.251],[13.158,6.783]]]}},{"type":"Feature","properties":{"id":"deserts-ne-1159102625-physical-areas-83","category":"deserts"},"geometry":{"type":"Polygon","coordinates":[[[24.999,-20.072],[25.157,-20.231],[25.382,-20.125],[25.616,-20.001],[25.792,-20.01],[25.916,-20.204],[26.269,-20.226],[26.317,-20.297],[26.295,-20.645],[26.313,-20.919],[26.22,-21.152],[25.991,-21.196],[25.731,-21.086],[25.462,-21.135],[25.104,-21.117],[24.849,-21.13],[24.394,-21.029],[24.311,-20.698],[24.421,-20.561],[24.562,-20.27],[24.668,-20.019],[24.875,-19.97],[24.999,-20.072]]]}},{"type":"Feature","properties":{"id":"deserts-ne-1730070763-physical-areas-84","category":"deserts"},"geometry":{"type":"Polygon","coordinates":[[[16.801,-18.925],[16.236,-19.119],[15.866,-19.102],[15.831,-18.714],[16.289,-18.467],[16.536,-18.325],[16.871,-18.467],[17.083,-18.696],[16.801,-18.925]]]}},{"type":"Feature","properties":{"id":"deserts-ne-1730070769-physical-areas-85","category":"deserts"},"geometry":{"type":"Polygon","coordinates":[[[16.483,28.506],[16.113,28.47],[15.204,28.497],[14.816,28.832],[14.772,29.282],[15.072,29.679],[15.399,29.952],[15.875,29.758],[16.254,29.617],[16.995,29.423],[16.88,28.894],[16.483,28.506]]]}},{"type":"Feature","properties":{"id":"deserts-ne-1730070773-physical-areas-86","category":"deserts"},"geometry":{"type":"Polygon","coordinates":[[[-106.201,32.771],[-106.343,32.752],[-106.457,32.837],[-106.467,33.018],[-106.334,33.084],[-106.182,33.037],[-106.125,32.904],[-106.201,32.771]]]}},{"type":"Feature","properties":{"id":"deserts-ne-1159102635-physical-areas-87","category":"deserts"},"geometry":{"type":"Polygon","coordinates":[[[-118.737,41.022],[-118.83,40.893],[-118.954,40.805],[-119.113,40.752],[-119.255,40.725],[-119.286,40.796],[-119.255,40.84],[-119.202,40.885],[-119.175,40.933],[-119.135,41.008],[-119.06,41.088],[-119.02,41.053],[-118.998,40.951],[-118.914,40.973],[-118.874,41.084],[-118.857,41.274],[-118.764,41.362],[-118.706,41.438],[-118.596,41.424],[-118.644,41.274],[-118.658,41.154],[-118.737,41.022]]]}},{"type":"Feature","properties":{"id":"ranges-ne-1159102981-physical-areas-198","category":"ranges"},"geometry":{"type":"Polygon","coordinates":[[[-88.981,16.24],[-89.318,16.111],[-89.665,16.181],[-89.546,16.409],[-89.318,16.617],[-89.209,17.003],[-89.011,17.251],[-88.375,17.253],[-88.307,17.003],[-88.375,16.744],[-88.634,16.498],[-88.981,16.24]]]}},{"type":"Feature","properties":{"id":"ranges-ne-1159102983-physical-areas-199","category":"ranges"},"geometry":{"type":"Polygon","coordinates":[[[-104.956,38.564],[-105.106,38.432],[-105.293,38.442],[-105.466,38.474],[-105.623,38.414],[-105.781,38.406],[-105.984,38.518],[-106.07,38.663],[-106.145,38.778],[-106.168,38.939],[-105.988,39.014],[-105.933,39.141],[-105.988,39.504],[-106.094,39.715],[-106.213,39.927],[-106.12,40.085],[-106.252,40.205],[-106.381,40.38],[-106.319,40.469],[-106.147,40.549],[-106.054,40.681],[-105.908,40.893],[-105.737,41.002],[-105.525,41.002],[-105.419,40.866],[-105.247,40.734],[-105.075,40.588],[-105.062,40.377],[-105.141,40.165],[-105.194,39.874],[-105.091,39.625],[-105.062,39.398],[-104.916,39.199],[-104.731,39.12],[-104.572,39.014],[-104.705,38.882],[-104.824,38.723],[-104.956,38.564]]]}},{"type":"Feature","properties":{"id":"ranges-ne-1159102985-physical-areas-200","category":"ranges"},"geometry":{"type":"Polygon","coordinates":[[[-114.812,47.417],[-114.807,47.321],[-114.954,47.357],[-115.057,47.326],[-115.043,47.267],[-114.959,47.253],[-114.84,47.173],[-114.751,47.114],[-114.687,47.02],[-114.535,47.016],[-114.406,47.0],[-114.375,47.031],[-114.254,47.016],[-114.17,46.925],[-113.981,46.867],[-114.044,46.608],[-114.044,46.449],[-114.097,46.171],[-114.084,46.012],[-113.952,45.88],[-113.753,45.814],[-113.515,45.774],[-113.515,45.576],[-113.456,45.357],[-113.337,45.238],[-113.211,45.113],[-113.039,45.033],[-112.907,45.033],[-112.827,44.888],[-112.761,44.716],[-112.444,44.676],[-112.272,44.703],[-112.179,44.755],[-111.901,44.755],[-111.584,44.703],[-111.438,44.636],[-111.372,44.57],[-111.438,44.517],[-111.625,44.465],[-111.676,44.451],[-111.901,44.479],[-111.948,44.484],[-112.006,44.425],[-112.073,44.359],[-112.232,44.292],[-112.31,44.268],[-112.444,44.226],[-112.616,44.081],[-112.681,44.033],[-112.761,43.975],[-112.766,43.98],[-112.907,44.12],[-113.065,44.279],[-113.237,44.464],[-113.409,44.65],[-113.608,44.808],[-113.634,45.02],[-113.799,45.172],[-113.898,45.345],[-114.0,45.418],[-114.137,45.416],[-114.315,45.357],[-114.544,45.313],[-114.658,45.377],[-114.772,45.602],[-114.812,45.827],[-114.759,46.012],[-114.732,46.197],[-114.693,46.343],[-114.891,46.541],[-114.984,46.7],[-115.169,46.859],[-115.328,47.018],[-115.5,47.097],[-115.632,47.203],[-115.809,47.238],[-115.936,47.335],[-116.135,47.362],[-116.36,47.362],[-116.677,47.428],[-116.783,47.573],[-116.783,47.745],[-116.73,47.851],[-116.534,47.996],[-116.479,48.132],[-116.306,48.181],[-116.302,48.183],[-116.122,48.126],[-116.066,48.109],[-115.964,48.088],[-115.922,48.08],[-115.786,48.022],[-115.692,47.943],[-115.585,47.861],[-115.51,47.827],[-115.412,47.717],[-115.376,47.627],[-115.274,47.584],[-115.163,47.574],[-115.01,47.537],[-114.906,47.473],[-114.812,47.417]]]}},{"type":"Feature","properties":{"id":"ranges-ne-1159102987-physical-areas-201","category":"ranges"},"geometry":{"type":"Polygon","coordinates":[[[9.044,61.04],[9.225,60.983],[9.367,60.874],[9.43,60.715],[9.437,60.697],[9.44,60.603],[9.432,60.506],[9.413,60.409],[9.381,60.316],[9.357,60.264],[9.329,60.216],[9.297,60.172],[9.26,60.133],[8.926,59.884],[8.83,59.784],[8.722,59.627],[8.661,59.565],[8.57,59.511],[8.127,59.319],[8.059,59.29],[7.793,59.195],[7.53,59.128],[7.231,59.118],[6.949,59.2],[6.733,59.381],[6.631,59.666],[6.638,59.844],[6.689,59.979],[6.777,60.096],[6.988,60.322],[7.323,60.725],[7.37,60.772],[7.417,60.81],[7.614,60.934],[7.72,60.987],[7.826,61.014],[7.978,61.022],[8.28,61.021],[8.43,61.032],[8.641,61.059],[8.746,61.066],[8.856,61.064],[9.044,61.04]]]}},{"type":"Feature","properties":{"id":"ranges-ne-1730071499-physical-areas-202","category":"ranges"},"geometry":{"type":"Polygon","coordinates":[[[21.394,7.595],[21.039,7.555],[19.491,8.481],[19.742,9.248],[21.33,10.214],[21.903,10.197],[21.956,10.195],[21.974,10.195],[22.639,10.174],[22.661,10.171],[22.665,10.171],[22.796,10.151],[24.161,9.95],[25.457,9.42],[25.332,8.622],[25.285,8.322],[23.645,8.23],[22.454,7.714],[21.394,7.595]]]}},{"type":"Feature","properties":{"id":"ranges-ne-1730071505-physical-areas-203","category":"ranges"},"geometry":{"type":"Polygon","coordinates":[[[51.062,11.272],[50.996,11.137],[50.89,10.922],[50.401,10.704],[50.017,10.618],[49.766,10.809],[49.521,10.869],[49.309,10.922],[48.972,10.776],[48.555,10.69],[48.396,10.79],[48.099,10.843],[47.854,10.829],[47.629,10.743],[47.391,10.545],[47.351,10.393],[47.252,10.016],[47.1,9.791],[46.75,9.639],[46.485,9.559],[46.313,9.612],[46.339,9.824],[46.234,9.877],[46.055,9.844],[45.837,9.659],[45.724,9.745],[45.493,9.877],[45.142,9.844],[44.983,9.804],[44.633,9.725],[44.547,9.883],[44.626,10.062],[44.851,10.227],[45.221,10.38],[45.486,10.512],[45.599,10.757],[45.787,10.828],[45.791,10.829],[45.965,10.806],[46.025,10.794],[46.076,10.791],[46.134,10.783],[46.369,10.723],[46.388,10.718],[46.392,10.717],[46.65,10.73],[46.859,10.875],[46.973,10.925],[47.149,11.045],[47.451,11.16],[47.669,11.12],[47.677,11.121],[47.712,11.112],[48.019,11.139],[48.439,11.29],[48.544,11.314],[48.691,11.318],[48.903,11.255],[48.939,11.258],[49.062,11.271],[49.388,11.343],[49.462,11.374],[49.476,11.377],[49.482,11.379],[49.508,11.385],[49.668,11.455],[50.11,11.529],[50.159,11.556],[50.163,11.557],[50.272,11.62],[50.466,11.728],[50.528,11.823],[50.598,11.901],[50.673,11.953],[50.744,11.971],[51.051,11.886],[51.118,11.868],[51.191,11.842],[51.214,11.838],[51.209,11.793],[51.196,11.69],[51.186,11.603],[51.185,11.596],[51.136,11.505],[51.084,11.336],[51.085,11.329],[51.062,11.272]]]}},{"type":"Feature","properties":{"id":"ranges-ne-1159102995-physical-areas-204","category":"ranges"},"geometry":{"type":"Polygon","coordinates":[[[19.261,-28.83],[18.926,-28.856],[17.965,-28.768],[17.418,-28.671],[17.339,-28.221],[17.18,-28.027],[17.586,-27.515],[17.806,-26.801],[17.806,-26.431],[18.044,-25.884],[18.0,-25.196],[18.256,-25.09],[18.556,-25.593],[18.664,-25.657],[18.97,-25.84],[20.02,-26.281],[20.558,-26.792],[20.285,-27.26],[20.417,-27.665],[20.505,-28.327],[20.085,-28.371],[20.002,-28.38],[19.5,-28.556],[19.261,-28.83]]]}},{"type":"Feature","properties":{"id":"ranges-ne-1730071513-physical-areas-205","category":"ranges"},"geometry":{"type":"Polygon","coordinates":[[[-7.118,7.127],[-7.276,6.951],[-7.947,7.021],[-9.111,7.304],[-9.763,7.533],[-10.204,7.851],[-10.522,8.274],[-10.151,9.103],[-9.746,9.491],[-8.793,9.614],[-7.753,9.306],[-7.338,8.724],[-7.118,7.921],[-7.118,7.127]]]}},{"type":"Feature","properties":{"id":"ranges-ne-1159102999-physical-areas-206","category":"ranges"},"geometry":{"type":"Polygon","coordinates":[[[25.426,13.327],[24.888,12.392],[23.865,12.534],[23.504,13.407],[23.883,14.421],[24.686,15.082],[25.232,15.391],[25.929,15.929],[26.908,16.15],[27.481,15.656],[27.587,15.373],[27.252,14.853],[26.679,14.606],[25.753,14.006],[25.426,13.327]]]}},{"type":"Feature","properties":{"id":"ranges-ne-1730071517-physical-areas-207","category":"ranges"},"geometry":{"type":"Polygon","coordinates":[[[41.266,8.715],[40.631,8.344],[40.455,8.574],[40.472,8.997],[40.667,9.144],[40.684,9.156],[40.722,9.177],[41.195,9.438],[41.731,9.639],[41.76,9.65],[41.831,9.658],[42.367,9.724],[42.468,9.736],[42.483,9.738],[42.828,9.753],[42.889,9.755],[43.191,9.48],[43.15,9.464],[42.854,9.348],[42.695,9.215],[42.271,9.01],[42.132,8.845],[41.725,8.784],[41.306,8.721],[41.266,8.715]]]}},{"type":"Feature","properties":{"id":"ranges-ne-1730071523-physical-areas-208","category":"ranges"},"geometry":{"type":"Polygon","coordinates":[[[23.069,32.38],[23.061,32.38],[22.176,32.393],[21.283,32.333],[20.803,32.007],[20.787,31.996],[20.764,31.983],[20.165,31.645],[19.997,31.874],[19.972,31.907],[19.96,31.923],[20.449,32.477],[20.456,32.482],[21.074,32.776],[21.319,32.778],[21.425,32.799],[21.636,32.937],[21.721,32.942],[21.839,32.909],[22.187,32.918],[22.341,32.88],[22.523,32.794],[22.754,32.741],[22.772,32.735],[22.8,32.724],[23.023,32.638],[23.052,32.475],[23.069,32.38]]]}},{"type":"Feature","properties":{"id":"ranges-ne-1159103005-physical-areas-209","category":"ranges"},"geometry":{"type":"Polygon","coordinates":[[[-4.798,35.171],[-4.485,35.185],[-4.33,35.161],[-3.982,35.243],[-3.788,35.245],[-3.762,35.255],[-3.693,35.244],[-3.603,35.235],[-3.591,35.228],[-3.395,35.212],[-3.388,35.213],[-3.303,35.204],[-3.262,35.231],[-3.206,35.239],[-3.063,35.317],[-2.992,35.388],[-2.966,35.328],[-2.893,35.164],[-2.862,35.161],[-2.84,35.128],[-2.731,35.135],[-2.637,35.113],[-2.541,35.118],[-2.8,34.774],[-3.336,34.41],[-3.872,34.338],[-4.262,34.298],[-4.626,34.199],[-5.122,34.119],[-5.4,34.086],[-5.869,34.139],[-5.803,34.285],[-5.748,34.341],[-5.635,34.457],[-5.499,34.596],[-5.85,34.9],[-5.81,35.138],[-5.836,35.614],[-5.882,35.769],[-5.883,35.773],[-5.882,35.773],[-5.739,35.817],[-5.623,35.829],[-5.522,35.862],[-5.444,35.905],[-5.38,35.918],[-5.379,35.916],[-5.338,35.839],[-5.338,35.745],[-5.253,35.615],[-5.176,35.538],[-5.142,35.475],[-5.129,35.464],[-4.798,35.171]]]}},{"type":"Feature","properties":{"id":"ranges-ne-1730071533-physical-areas-210","category":"ranges"},"geometry":{"type":"Polygon","coordinates":[[[5.468,36.567],[5.838,36.209],[6.143,35.879],[5.428,35.601],[4.158,35.945],[3.364,35.932],[2.412,35.918],[1.671,35.522],[1.499,35.35],[1.235,35.125],[0.983,34.807],[-0.194,34.701],[-0.856,34.582],[-1.808,34.304],[-2.112,34.199],[-2.628,33.921],[-3.224,33.789],[-3.475,33.881],[-3.382,34.106],[-3.025,34.45],[-2.642,34.979],[-2.436,35.112],[-2.419,35.123],[-2.22,35.104],[-2.018,35.085],[-2.012,35.086],[-2.007,35.085],[-2.005,35.086],[-2.003,35.086],[-1.913,35.094],[-1.674,35.183],[-1.484,35.303],[-1.336,35.364],[-1.322,35.379],[-1.279,35.397],[-1.266,35.402],[-1.265,35.404],[-1.134,35.546],[-1.088,35.579],[-0.917,35.668],[-0.712,35.749],[-0.702,35.75],[-0.618,35.76],[-0.543,35.816],[-0.426,35.862],[-0.351,35.863],[-0.189,35.819],[-0.186,35.819],[-0.141,35.799],[-0.105,35.827],[-0.048,35.833],[0.048,35.901],[0.101,35.983],[0.189,36.051],[0.815,36.368],[0.828,36.374],[0.972,36.444],[1.257,36.52],[1.975,36.568],[2.343,36.61],[2.593,36.601],[2.785,36.705],[2.861,36.736],[2.984,36.785],[3.129,36.788],[3.179,36.778],[3.225,36.789],[3.521,36.795],[3.779,36.896],[4.398,36.896],[4.87,36.862],[4.874,36.861],[4.881,36.861],[4.995,36.808],[5.196,36.677],[5.295,36.648],[5.31,36.651],[5.468,36.567]]]}},{"type":"Feature","properties":{"id":"ranges-ne-1159103011-physical-areas-211","category":"ranges"},"geometry":{"type":"Polygon","coordinates":[[[32.971,-20.742],[32.297,-20.795],[32.297,-20.451],[32.442,-20.054],[32.349,-19.379],[32.349,-18.969],[32.138,-18.202],[31.979,-17.951],[31.754,-17.792],[31.701,-17.316],[32.072,-16.892],[32.455,-16.773],[32.799,-16.8],[33.196,-16.985],[33.276,-17.236],[33.368,-17.501],[33.434,-18.162],[33.514,-18.612],[33.593,-18.864],[33.792,-19.115],[33.633,-19.459],[33.434,-20.094],[33.276,-20.504],[32.971,-20.742]]]}},{"type":"Feature","properties":{"id":"ranges-ne-1159103013-physical-areas-212","category":"ranges"},"geometry":{"type":"Polygon","coordinates":[[[147.219,-37.608],[147.125,-37.627],[147.034,-37.62],[146.934,-37.551],[146.888,-37.439],[146.888,-37.311],[146.924,-37.195],[146.964,-37.136],[147.014,-37.091],[147.072,-37.054],[147.592,-36.781],[147.806,-36.638],[147.998,-36.464],[148.28,-36.145],[148.544,-35.812],[148.698,-35.593],[148.789,-35.502],[148.908,-35.434],[148.945,-35.421],[148.991,-35.412],[149.038,-35.413],[149.081,-35.429],[149.118,-35.477],[149.129,-35.541],[149.123,-35.675],[149.102,-35.812],[149.053,-35.937],[148.804,-36.422],[148.754,-36.499],[148.665,-36.602],[148.238,-37.025],[148.102,-37.135],[147.802,-37.33],[147.602,-37.44],[147.395,-37.537],[147.219,-37.608]]]}},{"type":"Feature","properties":{"id":"ranges-ne-1159103015-physical-areas-213","category":"ranges"},"geometry":{"type":"Polygon","coordinates":[[[138.709,-33.262],[138.521,-33.34],[138.315,-33.306],[138.242,-33.245],[138.178,-33.154],[138.085,-32.967],[138.043,-32.851],[138.016,-32.724],[138.002,-32.594],[137.998,-32.472],[138.021,-32.285],[138.077,-32.113],[138.741,-30.564],[139.032,-30.09],[139.115,-29.979],[139.201,-29.887],[139.283,-29.832],[139.376,-29.799],[139.474,-29.787],[139.573,-29.793],[139.601,-29.799],[139.638,-29.809],[139.699,-29.832],[139.755,-29.865],[139.79,-29.909],[139.79,-29.964],[139.647,-30.281],[139.592,-30.404],[139.511,-30.585],[139.384,-30.93],[139.328,-31.037],[139.273,-31.127],[139.231,-31.207],[139.202,-31.292],[139.18,-31.397],[139.166,-31.527],[139.147,-31.997],[139.085,-32.653],[139.059,-32.814],[139.0,-32.953],[138.872,-33.118],[138.709,-33.262]]]}},{"type":"Feature","properties":{"id":"ranges-ne-1159103017-physical-areas-214","category":"ranges"},"geometry":{"type":"Polygon","coordinates":[[[150.58,-33.932],[150.542,-33.941],[150.411,-33.928],[150.308,-33.871],[150.223,-33.783],[150.01,-33.454],[149.976,-33.371],[149.96,-33.313],[149.917,-33.061],[149.91,-33.0],[149.908,-32.918],[149.915,-32.839],[149.936,-32.787],[149.993,-32.761],[150.054,-32.774],[150.111,-32.81],[150.154,-32.851],[150.264,-32.977],[150.287,-33.011],[150.323,-33.085],[150.343,-33.122],[150.411,-33.221],[150.623,-33.599],[150.663,-33.668],[150.685,-33.723],[150.684,-33.779],[150.654,-33.854],[150.634,-33.887],[150.61,-33.914],[150.58,-33.932]]]}},{"type":"Feature","properties":{"id":"ranges-ne-1159103019-physical-areas-215","category":"ranges"},"geometry":{"type":"Polygon","coordinates":[[[143.536,-19.499],[143.432,-19.508],[143.22,-19.449],[143.057,-19.328],[142.536,-18.709],[142.434,-18.616],[142.312,-18.524],[142.218,-18.415],[142.2,-18.273],[142.248,-18.163],[142.332,-18.085],[142.438,-18.052],[142.554,-18.075],[142.635,-18.129],[142.694,-18.199],[142.79,-18.363],[142.943,-18.588],[142.988,-18.668],[143.094,-18.83],[143.228,-18.959],[143.542,-19.183],[143.576,-19.202],[143.617,-19.223],[143.656,-19.246],[143.682,-19.273],[143.698,-19.38],[143.637,-19.456],[143.536,-19.499]]]}},{"type":"Feature","properties":{"id":"ranges-ne-1730071561-physical-areas-216","category":"ranges"},"geometry":{"type":"Polygon","coordinates":[[[141.184,-21.66],[141.131,-21.676],[141.061,-21.663],[140.884,-21.602],[140.844,-21.584],[140.808,-21.558],[140.738,-21.494],[140.71,-21.471],[140.679,-21.451],[140.57,-21.397],[140.224,-21.172],[140.157,-21.12],[139.719,-20.703],[139.531,-20.486],[139.46,-20.422],[139.346,-20.34],[139.219,-20.233],[139.133,-20.106],[139.142,-19.966],[139.187,-19.908],[139.249,-19.874],[139.322,-19.859],[139.402,-19.859],[139.477,-19.868],[139.55,-19.883],[139.794,-19.95],[139.854,-19.971],[139.908,-19.998],[140.01,-20.077],[140.102,-20.175],[140.273,-20.378],[140.402,-20.513],[140.947,-21.009],[141.063,-21.132],[141.151,-21.273],[141.199,-21.446],[141.205,-21.495],[141.209,-21.557],[141.204,-21.617],[141.184,-21.66]]]}},{"type":"Feature","properties":{"id":"ranges-ne-1159103023-physical-areas-217","category":"ranges"},"geometry":{"type":"Polygon","coordinates":[[[135.495,-23.083],[135.532,-23.219],[135.457,-23.352],[135.33,-23.466],[135.208,-23.547],[135.089,-23.613],[134.962,-23.675],[134.832,-23.728],[134.702,-23.772],[134.436,-23.82],[134.156,-23.829],[132.62,-23.785],[130.844,-23.596],[130.592,-23.512],[130.511,-23.468],[130.438,-23.415],[130.371,-23.355],[130.308,-23.289],[130.272,-23.236],[130.255,-23.176],[130.252,-23.112],[130.258,-23.042],[130.29,-22.97],[130.349,-22.946],[130.426,-22.951],[130.515,-22.965],[130.966,-23.009],[131.719,-23.146],[131.974,-23.163],[133.601,-23.157],[134.066,-23.109],[134.868,-22.951],[135.062,-22.938],[135.181,-22.943],[135.297,-22.963],[135.404,-23.007],[135.495,-23.083]]]}},{"type":"Feature","properties":{"id":"ranges-ne-1159103027-physical-areas-218","category":"ranges"},"geometry":{"type":"Polygon","coordinates":[[[116.117,-33.883],[115.987,-33.901],[115.878,-33.838],[115.829,-33.705],[115.819,-33.546],[115.826,-33.408],[115.839,-33.292],[115.897,-32.947],[115.903,-32.86],[115.879,-31.749],[115.902,-30.908],[115.89,-30.628],[115.874,-30.489],[115.85,-30.352],[115.815,-30.217],[115.767,-30.086],[115.653,-29.847],[115.617,-29.725],[115.617,-29.589],[115.648,-29.514],[115.707,-29.425],[115.779,-29.346],[115.847,-29.304],[115.911,-29.302],[115.975,-29.325],[116.033,-29.362],[116.084,-29.401],[116.185,-29.494],[116.281,-29.605],[116.362,-29.726],[116.42,-29.851],[116.499,-30.07],[116.519,-30.144],[116.572,-30.439],[116.701,-31.507],[116.725,-32.282],[116.694,-32.627],[116.618,-32.961],[116.51,-33.286],[116.38,-33.607],[116.318,-33.717],[116.229,-33.815],[116.117,-33.883]]]}},{"type":"Feature","properties":{"id":"ranges-ne-1730071573-physical-areas-219","category":"ranges"},"geometry":{"type":"MultiPolygon","coordinates":[[[[118.714,-22.342],[118.703,-22.338],[118.715,-22.342],[118.714,-22.342]]],[[[118.714,-22.342],[119.231,-22.526],[119.387,-22.571],[119.462,-22.601],[119.53,-22.645],[119.576,-22.694],[119.616,-22.76],[119.631,-22.829],[119.599,-22.889],[119.555,-22.91],[119.502,-22.916],[119.397,-22.912],[119.311,-22.914],[119.283,-22.913],[119.21,-22.899],[119.132,-22.878],[118.689,-22.723],[118.271,-22.625],[118.031,-22.512],[117.905,-22.48],[117.353,-22.406],[117.207,-22.372],[117.069,-22.326],[116.309,-22.028],[116.226,-21.951],[116.218,-21.931],[116.176,-21.827],[116.184,-21.707],[116.275,-21.642],[116.308,-21.641],[116.35,-21.644],[116.426,-21.653],[116.443,-21.659],[116.467,-21.676],[116.486,-21.681],[116.508,-21.682],[116.52,-21.681],[116.553,-21.679],[116.575,-21.68],[116.776,-21.72],[116.896,-21.754],[117.129,-21.854],[117.25,-21.892],[117.535,-21.956],[118.082,-22.119],[118.352,-22.225],[118.355,-22.23],[118.355,-22.235],[118.351,-22.239],[118.345,-22.242],[118.378,-22.259],[118.529,-22.29],[118.714,-22.342]]]]}},{"type":"Feature","properties":{"id":"ranges-ne-1730071579-physical-areas-220","category":"ranges"},"geometry":{"type":"Polygon","coordinates":[[[149.834,-10.238],[149.781,-10.243],[149.726,-10.241],[149.521,-10.217],[149.426,-10.199],[149.237,-10.15],[149.066,-10.09],[148.385,-9.8],[148.052,-9.633],[147.927,-9.558],[147.69,-9.416],[147.677,-9.409],[147.588,-9.366],[147.539,-9.336],[147.498,-9.298],[147.487,-9.278],[147.471,-9.239],[147.461,-9.22],[147.445,-9.201],[147.407,-9.169],[147.389,-9.152],[147.36,-9.111],[147.284,-8.976],[147.236,-8.904],[147.189,-8.833],[147.182,-8.82],[147.167,-8.786],[147.159,-8.773],[147.152,-8.767],[147.134,-8.76],[147.127,-8.755],[147.125,-8.753],[146.922,-8.515],[146.868,-8.424],[146.866,-8.421],[146.802,-8.28],[146.773,-8.205],[146.753,-8.128],[146.742,-8.059],[146.738,-7.802],[146.74,-7.752],[146.751,-7.706],[146.775,-7.665],[146.812,-7.639],[146.86,-7.623],[146.911,-7.614],[146.959,-7.61],[147.044,-7.625],[147.104,-7.676],[147.156,-7.745],[147.213,-7.812],[147.406,-7.982],[147.466,-8.043],[147.65,-8.283],[147.74,-8.399],[148.0,-8.696],[148.08,-8.808],[148.125,-8.86],[148.211,-8.946],[148.237,-8.977],[148.26,-9.002],[148.287,-9.032],[148.299,-9.04],[148.345,-9.075],[148.893,-9.431],[148.915,-9.445],[148.991,-9.508],[149.031,-9.535],[149.089,-9.567],[149.137,-9.589],[149.535,-9.775],[149.611,-9.832],[149.675,-9.895],[149.684,-9.906],[149.703,-9.934],[149.711,-9.943],[149.819,-10.02],[149.852,-10.053],[149.887,-10.108],[149.903,-10.164],[149.889,-10.211],[149.834,-10.238]]]}},{"type":"Feature","properties":{"id":"ranges-ne-1730071583-physical-areas-221","category":"ranges"},"geometry":{"type":"Polygon","coordinates":[[[140.506,-4.821],[140.47,-4.829],[140.366,-4.828],[140.122,-4.792],[139.643,-4.678],[139.308,-4.616],[138.926,-4.58],[138.731,-4.562],[138.386,-4.483],[138.189,-4.461],[136.633,-4.285],[136.433,-4.28],[135.829,-4.266],[135.73,-4.247],[135.637,-4.213],[135.555,-4.162],[135.491,-4.088],[135.485,-4.081],[135.459,-3.989],[135.48,-3.898],[135.551,-3.82],[135.652,-3.748],[135.742,-3.677],[135.822,-3.596],[135.897,-3.494],[135.933,-3.44],[135.971,-3.388],[136.037,-3.317],[136.295,-3.098],[136.427,-3.01],[136.487,-2.956],[136.523,-2.923],[136.571,-2.897],[136.635,-2.893],[136.69,-2.907],[136.742,-2.93],[136.844,-2.984],[136.908,-3.027],[136.98,-3.103],[137.01,-3.134],[137.069,-3.174],[137.202,-3.207],[138.447,-3.243],[138.748,-3.289],[139.037,-3.374],[139.641,-3.599],[139.697,-3.624],[139.781,-3.652],[140.211,-3.872],[140.428,-4.009],[140.53,-4.111],[140.609,-4.19],[140.712,-4.412],[140.696,-4.669],[140.644,-4.757],[140.566,-4.808],[140.506,-4.821]]]}},{"type":"Feature","properties":{"id":"ranges-ne-1159103035-physical-areas-222","category":"ranges"},"geometry":{"type":"Polygon","coordinates":[[[104.745,-5.281],[104.657,-5.297],[104.54,-5.291],[104.426,-5.276],[104.318,-5.253],[104.213,-5.219],[103.86,-5.061],[103.792,-5.018],[103.741,-4.968],[103.696,-4.914],[103.218,-4.454],[103.181,-4.427],[103.137,-4.403],[103.056,-4.369],[103.017,-4.349],[102.981,-4.323],[102.956,-4.295],[102.918,-4.233],[102.896,-4.205],[102.875,-4.188],[102.661,-4.057],[102.619,-4.024],[102.56,-3.956],[102.516,-3.881],[102.443,-3.72],[102.377,-3.619],[102.294,-3.531],[102.202,-3.447],[101.817,-3.059],[101.335,-2.412],[100.597,-1.26],[100.507,-1.094],[100.16,-0.321],[100.077,-0.104],[100.043,0.136],[100.043,0.217],[100.052,0.307],[100.083,0.384],[100.15,0.431],[100.237,0.424],[100.324,0.376],[100.405,0.308],[100.467,0.245],[100.578,0.119],[100.641,0.036],[100.909,-0.396],[100.939,-0.452],[101.026,-0.654],[101.067,-0.717],[101.6,-1.406],[101.747,-1.654],[101.967,-2.085],[102.039,-2.19],[102.685,-2.919],[103.278,-3.477],[103.476,-3.624],[103.536,-3.683],[103.583,-3.735],[103.626,-3.773],[103.675,-3.805],[103.739,-3.838],[103.826,-3.903],[103.899,-3.994],[103.966,-4.092],[104.036,-4.183],[104.517,-4.598],[104.73,-4.839],[104.819,-5.118],[104.8,-5.228],[104.745,-5.281]]]}},{"type":"Feature","properties":{"id":"ranges-ne-1159103037-physical-areas-223","category":"ranges"},"geometry":{"type":"Polygon","coordinates":[[[112.22,48.112],[111.791,47.825],[111.571,47.626],[111.526,47.602],[111.424,47.572],[110.601,47.474],[110.4,47.383],[110.107,47.159],[109.975,47.096],[109.352,47.008],[109.203,47.012],[109.137,47.024],[109.067,47.049],[108.943,47.131],[108.611,47.467],[108.485,47.519],[108.244,47.664],[108.114,47.712],[106.942,47.701],[106.863,47.717],[106.72,47.778],[106.455,47.942],[106.325,47.996],[106.203,48.012],[105.957,48.008],[105.827,48.026],[105.777,48.044],[105.74,48.069],[105.714,48.1],[105.542,48.529],[105.525,48.654],[105.532,48.715],[105.552,48.773],[105.589,48.826],[105.64,48.87],[106.027,49.028],[106.402,49.297],[106.701,49.64],[106.838,49.882],[106.991,50.154],[107.056,50.226],[107.13,50.287],[107.457,50.462],[107.812,50.572],[108.553,50.643],[108.756,50.617],[108.79,50.612],[108.959,50.529],[110.553,49.742],[110.603,49.738],[110.645,49.735],[112.122,49.63],[112.232,49.597],[112.332,49.543],[112.421,49.46],[112.435,49.44],[112.478,49.379],[112.512,49.304],[112.527,49.231],[112.524,49.16],[112.506,49.089],[112.353,48.793],[112.334,48.715],[112.329,48.318],[112.309,48.239],[112.273,48.173],[112.22,48.112]]]}},{"type":"Feature","properties":{"id":"ranges-ne-1159103039-physical-areas-224","category":"ranges"},"geometry":{"type":"Polygon","coordinates":[[[133.335,50.392],[133.223,50.365],[133.113,50.426],[133.056,50.528],[133.034,50.658],[133.047,50.793],[133.093,50.909],[133.138,50.961],[133.196,51.006],[133.387,51.128],[133.575,51.292],[133.686,51.364],[133.927,51.466],[134.039,51.531],[134.328,51.755],[134.431,51.821],[134.612,51.915],[134.797,51.996],[134.988,52.063],[135.184,52.115],[135.534,52.184],[135.711,52.187],[135.886,52.147],[135.977,52.065],[135.95,51.966],[135.86,51.872],[135.765,51.802],[135.044,51.374],[134.291,51.03],[134.205,50.98],[133.964,50.803],[133.548,50.545],[133.445,50.466],[133.335,50.392]]]}},{"type":"Feature","properties":{"id":"ranges-ne-1159103041-physical-areas-225","category":"ranges"},"geometry":{"type":"Polygon","coordinates":[[[135.18,52.268],[135.053,52.266],[134.713,52.32],[134.6,52.353],[134.51,52.411],[134.445,52.479],[134.382,52.56],[134.331,52.648],[134.304,52.738],[134.299,52.996],[134.285,53.085],[134.2,53.351],[134.166,53.483],[134.152,53.623],[134.155,53.981],[134.162,54.037],[134.175,54.09],[134.194,54.14],[134.238,54.216],[134.298,54.28],[134.374,54.328],[134.466,54.358],[134.589,54.374],[134.728,54.373],[134.863,54.35],[134.975,54.299],[135.05,54.222],[135.098,54.128],[135.291,53.561],[135.304,53.505],[135.321,53.373],[135.337,53.299],[135.364,53.236],[135.394,53.177],[135.423,53.112],[135.444,53.04],[135.473,52.887],[135.493,52.813],[135.548,52.688],[135.56,52.629],[135.548,52.552],[135.527,52.495],[135.498,52.442],[135.46,52.394],[135.414,52.353],[135.303,52.295],[135.18,52.268]]]}},{"type":"Feature","properties":{"id":"ranges-ne-1730071603-physical-areas-226","category":"ranges"},"geometry":{"type":"Polygon","coordinates":[[[180,67.019],[179.998,66.884],[179.925,66.865],[179.715,66.812],[179.472,66.768],[179.261,66.761],[177.764,67.025],[177.282,67.157],[175.18,67.917],[173.47,68.726],[173.295,68.785],[172.73,68.895],[172.146,69.068],[171.963,69.146],[171.802,69.267],[171.659,69.457],[171.602,69.664],[171.701,69.838],[171.783,69.869],[171.882,69.875],[172.641,69.781],[172.737,69.762],[172.921,69.695],[173.017,69.675],[173.115,69.672],[173.313,69.68],[173.411,69.674],[173.678,69.631],[175.388,69.182],[175.888,69.11],[175.94,69.096],[176.026,69.067],[176.069,69.056],[176.111,69.054],[176.197,69.061],[176.239,69.059],[176.275,69.048],[176.322,69.015],[176.354,69.002],[176.588,68.961],[177.309,68.894],[177.499,68.857],[177.69,68.802],[178.854,68.391],[179.111,68.279],[179.123,68.266],[179.133,68.246],[179.147,68.225],[179.167,68.21],[179.196,68.199],[179.254,68.187],[179.446,68.125],[179.521,68.094],[179.59,68.052],[179.705,67.934],[179.935,67.632],[180,67.547],[180,67.019]]]}},{"type":"Feature","properties":{"id":"ranges-ne-1159103047-physical-areas-227","category":"ranges"},"geometry":{"type":"Polygon","coordinates":[[[144.78,61.001],[144.563,60.981],[143.667,60.999],[143.315,61.044],[142.645,61.227],[142.166,61.328],[141.804,61.431],[141.448,61.553],[139.904,62.201],[139.689,62.313],[139.61,62.371],[139.544,62.446],[139.501,62.534],[139.481,62.629],[139.484,62.726],[139.51,62.819],[139.548,62.895],[139.602,62.982],[139.665,63.06],[139.73,63.11],[139.809,63.126],[139.904,63.123],[140.287,63.07],[140.388,63.049],[140.579,62.972],[140.672,62.944],[141.081,62.857],[142.037,62.555],[143.206,62.259],[144.241,61.932],[144.408,61.849],[144.583,61.803],[144.763,61.77],[144.938,61.719],[145.094,61.619],[145.164,61.521],[145.19,61.409],[145.177,61.292],[145.125,61.182],[144.98,61.061],[144.78,61.001]]]}},{"type":"Feature","properties":{"id":"ranges-ne-1730071613-physical-areas-228","category":"ranges"},"geometry":{"type":"Polygon","coordinates":[[[134.958,55.228],[134.818,55.221],[134.367,55.226],[134.266,55.237],[134.085,55.298],[133.935,55.403],[133.834,55.551],[133.8,55.739],[133.804,55.827],[133.816,55.913],[133.844,55.994],[133.893,56.067],[134.015,56.149],[134.16,56.191],[134.31,56.225],[134.447,56.286],[134.581,56.361],[134.712,56.411],[135.092,56.497],[135.274,56.523],[135.363,56.551],[135.627,56.657],[135.762,56.699],[136.076,56.766],[136.235,56.823],[136.38,56.899],[136.384,56.902],[136.529,57.001],[136.917,57.308],[139.011,58.668],[139.193,58.768],[139.384,58.851],[139.854,59.016],[139.996,59.038],[140.117,58.989],[140.206,58.81],[140.209,58.571],[140.152,58.33],[140.06,58.146],[139.854,57.923],[139.61,57.734],[138.377,56.946],[138.294,56.871],[138.162,56.75],[138.099,56.686],[138.053,56.639],[137.94,56.54],[137.697,56.357],[137.618,56.311],[137.362,56.199],[137.311,56.169],[137.172,56.065],[137.052,55.989],[136.931,55.93],[136.804,55.883],[136.511,55.792],[136.485,55.784],[136.309,55.715],[135.942,55.538],[135.699,55.373],[135.613,55.329],[135.521,55.302],[134.958,55.228]]]}},{"type":"Feature","properties":{"id":"ranges-ne-1159103051-physical-areas-229","category":"ranges"},"geometry":{"type":"Polygon","coordinates":[[[149.454,64.666],[149.386,64.66],[149.335,64.677],[149.291,64.702],[149.244,64.721],[149.153,64.735],[148.867,64.743],[148.672,64.769],[148.48,64.812],[148.293,64.874],[148.109,64.956],[146.802,65.696],[146.557,65.812],[146.302,65.88],[144.444,66.162],[143.809,66.335],[143.222,66.631],[142.862,66.862],[142.71,67.015],[142.652,67.202],[142.754,67.373],[142.98,67.425],[143.241,67.413],[143.448,67.39],[144.205,67.364],[144.564,67.336],[144.919,67.263],[147.137,66.577],[148.411,66.027],[148.783,65.833],[149.146,65.597],[149.363,65.404],[149.589,65.125],[149.67,64.85],[149.454,64.666]]]}},{"type":"Feature","properties":{"id":"ranges-ne-1159103053-physical-areas-230","category":"ranges"},"geometry":{"type":"Polygon","coordinates":[[[66.895,28.555],[66.544,28.494],[66.455,28.505],[66.45,28.505],[66.368,28.562],[66.305,28.731],[66.315,28.947],[66.363,29.164],[66.416,29.339],[66.447,29.419],[66.491,29.535],[66.583,29.724],[66.794,30.087],[66.933,30.289],[67.078,30.413],[67.236,30.414],[67.435,30.224],[67.488,30.198],[67.509,30.182],[67.589,30.008],[67.608,29.795],[67.588,29.579],[67.493,29.185],[67.466,29.074],[67.413,28.913],[67.339,28.776],[67.289,28.731],[67.218,28.667],[67.063,28.598],[66.895,28.555]]]}},{"type":"Feature","properties":{"id":"ranges-ne-1159103055-physical-areas-231","category":"ranges"},"geometry":{"type":"Polygon","coordinates":[[[70.679,42.575],[70.592,42.566],[70.506,42.575],[70.259,42.639],[70.026,42.668],[69.923,42.7],[69.826,42.75],[69.735,42.814],[69.652,42.883],[69.588,42.955],[69.536,43.032],[69.48,43.105],[69.405,43.167],[69.098,43.349],[69.017,43.381],[68.779,43.432],[68.571,43.505],[68.555,43.511],[67.422,44.075],[67.194,44.211],[66.989,44.372],[66.894,44.457],[66.802,44.532],[66.703,44.599],[66.362,44.785],[66.265,44.869],[66.198,44.978],[66.189,45.068],[66.236,45.125],[66.32,45.16],[66.48,45.195],[66.504,45.198],[66.529,45.201],[66.554,45.201],[66.578,45.199],[66.771,45.14],[66.893,45.065],[66.938,45.037],[67.099,44.92],[68.216,44.255],[68.662,44.05],[68.994,43.929],[69.581,43.715],[70.031,43.516],[70.105,43.47],[70.435,43.267],[70.532,43.198],[70.636,43.132],[70.744,43.072],[70.851,43.02],[70.954,42.994],[71.159,42.988],[71.258,42.969],[71.306,42.946],[71.331,42.917],[71.334,42.882],[71.316,42.837],[71.255,42.773],[71.18,42.753],[71.099,42.75],[71.019,42.742],[70.928,42.707],[70.765,42.609],[70.679,42.575]]]}},{"type":"Feature","properties":{"id":"ranges-ne-1730071631-physical-areas-232","category":"ranges"},"geometry":{"type":"Polygon","coordinates":[[[72.657,24.627],[72.456,24.6],[72.353,24.605],[72.308,24.618],[72.271,24.642],[72.223,24.701],[72.13,24.872],[72.106,24.944],[72.099,25.002],[72.11,25.115],[72.148,25.222],[72.207,25.32],[72.503,25.622],[72.55,25.695],[72.57,25.746],[72.602,26.011],[72.611,26.038],[72.614,26.048],[72.632,26.082],[72.655,26.113],[72.686,26.141],[72.717,26.159],[73.067,26.355],[73.569,26.822],[74.055,27.1],[74.095,27.11],[74.136,27.11],[74.177,27.1],[74.461,26.943],[74.497,26.913],[74.517,26.88],[74.525,26.846],[74.522,26.81],[74.511,26.774],[74.437,26.637],[74.437,26.604],[74.466,26.507],[74.47,26.478],[74.464,26.45],[74.126,26.046],[74.049,25.92],[73.398,25.251],[73.045,25.03],[72.896,24.828],[72.884,24.804],[72.87,24.721],[72.867,24.713],[72.85,24.688],[72.841,24.68],[72.832,24.673],[72.822,24.669],[72.657,24.627]]]}},{"type":"Feature","properties":{"id":"ranges-ne-1159103059-physical-areas-233","category":"ranges"},"geometry":{"type":"Polygon","coordinates":[[[70.437,33.402],[70.508,33.303],[70.563,33.196],[70.58,33.136],[70.588,33.009],[70.504,32.46],[70.37,32.115],[70.349,31.941],[70.388,31.698],[70.619,30.998],[70.641,30.189],[70.628,30.152],[70.607,30.125],[70.516,30.053],[70.486,30.016],[70.285,29.486],[70.233,29.391],[70.223,29.352],[70.21,29.201],[70.195,29.17],[70.169,29.144],[70.088,29.097],[70.018,29.077],[69.957,29.08],[69.903,29.103],[69.853,29.141],[69.511,29.579],[69.455,29.701],[69.431,29.797],[69.383,31.267],[69.358,31.356],[69.305,32.294],[69.286,32.349],[69.254,32.395],[69.092,32.553],[69.067,32.6],[69.049,32.795],[69.031,32.859],[68.946,33.034],[68.932,33.087],[68.925,33.151],[68.932,33.215],[68.952,33.278],[68.964,33.303],[68.976,33.321],[68.987,33.328],[68.994,33.322],[69.047,33.384],[69.368,33.639],[69.467,33.688],[69.695,33.731],[69.922,33.719],[70.037,33.686],[70.255,33.571],[70.437,33.402]]]}},{"type":"Feature","properties":{"id":"ranges-ne-1159103063-physical-areas-234","category":"ranges"},"geometry":{"type":"Polygon","coordinates":[[[64.358,26.11],[64.059,26.105],[63.875,26.142],[63.335,26.31],[63.102,26.367],[62.989,26.403],[62.879,26.454],[62.772,26.519],[62.66,26.6],[62.558,26.691],[62.483,26.786],[62.439,27.026],[62.596,27.163],[62.846,27.225],[63.744,27.279],[64.071,27.334],[64.383,27.433],[64.69,27.581],[64.977,27.754],[65.524,28.151],[65.648,28.226],[65.782,28.267],[65.923,28.27],[66.067,28.232],[66.056,27.88],[65.969,27.56],[65.821,27.26],[65.63,26.966],[65.51,26.827],[65.375,26.715],[64.846,26.336],[64.614,26.196],[64.358,26.11]]]}},{"type":"Feature","properties":{"id":"ranges-ne-1159103065-physical-areas-235","category":"ranges"},"geometry":{"type":"Polygon","coordinates":[[[67.274,25.429],[67.135,25.401],[67.006,25.441],[66.967,25.492],[66.941,25.563],[66.925,25.639],[66.877,26.131],[66.858,26.209],[66.845,26.267],[66.783,26.398],[66.615,26.632],[66.54,26.761],[66.472,26.946],[66.432,27.116],[66.428,27.137],[66.345,27.915],[66.348,28.115],[66.394,28.29],[66.451,28.305],[66.548,28.33],[66.823,28.271],[67.098,28.162],[67.194,28.094],[67.252,28.053],[67.307,27.864],[67.308,27.647],[67.289,27.426],[67.285,27.226],[67.484,25.854],[67.46,25.616],[67.393,25.507],[67.274,25.429]]]}},{"type":"Feature","properties":{"id":"ranges-ne-1730071649-physical-areas-236","category":"ranges"},"geometry":{"type":"Polygon","coordinates":[[[35.458,33.247],[35.414,33.234],[35.31,33.322],[35.35,33.506],[35.454,33.705],[35.544,33.835],[35.877,34.198],[35.948,34.305],[36.022,34.442],[36.066,34.501],[36.11,34.56],[36.222,34.611],[36.308,34.581],[36.35,34.507],[36.358,34.411],[36.34,34.32],[36.297,34.218],[36.243,34.122],[36.122,33.936],[36.029,33.808],[35.572,33.324],[35.493,33.259],[35.458,33.247]]]}},{"type":"Feature","properties":{"id":"ranges-ne-1159103069-physical-areas-237","category":"ranges"},"geometry":{"type":"Polygon","coordinates":[[[60.594,36.212],[60.556,36.201],[60.514,36.204],[60.465,36.211],[60.041,36.316],[59.636,36.512],[58.774,37.055],[58.59,37.203],[58.494,37.271],[58.448,37.297],[57.916,37.538],[57.79,37.579],[57.35,37.647],[57.204,37.691],[57.049,37.756],[56.895,37.832],[56.758,37.927],[56.568,38.156],[56.478,38.208],[56.253,38.264],[56.111,38.331],[55.982,38.431],[55.621,38.745],[55.52,38.867],[55.463,39.011],[55.477,39.177],[55.48,39.186],[55.581,39.328],[55.73,39.386],[55.903,39.383],[56.073,39.344],[56.163,39.313],[56.253,39.276],[56.341,39.234],[56.424,39.186],[56.501,39.127],[56.559,39.064],[56.614,38.996],[56.68,38.924],[56.81,38.807],[56.95,38.698],[57.097,38.598],[57.247,38.508],[57.409,38.426],[57.576,38.361],[57.75,38.318],[57.931,38.302],[58.071,38.298],[58.138,38.289],[58.207,38.27],[58.36,38.203],[58.436,38.159],[58.811,37.945],[58.948,37.848],[59.128,37.669],[59.187,37.611],[59.316,37.502],[59.794,37.207],[60.199,36.891],[60.409,36.76],[60.511,36.683],[60.592,36.586],[60.652,36.452],[60.662,36.402],[60.662,36.346],[60.651,36.291],[60.629,36.245],[60.594,36.212]]]}},{"type":"Feature","properties":{"id":"ranges-ne-1730071657-physical-areas-238","category":"ranges"},"geometry":{"type":"Polygon","coordinates":[[[61.871,35.321],[62.041,35.24],[62.261,35.175],[62.883,35.046],[63.082,35.033],[63.75,35.048],[64.525,35.166],[65.377,35.236],[65.46,35.25],[65.62,35.292],[65.699,35.306],[65.781,35.305],[65.858,35.291],[65.935,35.272],[66.016,35.256],[66.476,35.209],[66.588,35.186],[66.673,35.135],[66.675,34.978],[66.592,34.868],[66.46,34.798],[66.315,34.759],[65.717,34.653],[65.42,34.581],[65.136,34.479],[64.836,34.392],[64.518,34.367],[63.318,34.383],[63.184,34.364],[62.919,34.3],[62.789,34.285],[62.632,34.307],[62.459,34.364],[62.134,34.496],[61.985,34.569],[61.856,34.666],[61.74,34.783],[61.579,34.99],[61.528,35.078],[61.503,35.171],[61.527,35.256],[61.582,35.293],[61.659,35.304],[61.823,35.297],[61.871,35.321]]]}},{"type":"Feature","properties":{"id":"ranges-ne-1730071661-physical-areas-239","category":"ranges"},"geometry":{"type":"Polygon","coordinates":[[[59.249,22.888],[59.306,22.8],[59.402,22.604],[59.429,22.55],[59.438,22.272],[59.379,22.193],[59.288,22.222],[59.171,22.336],[59.036,22.514],[58.884,22.655],[58.691,22.738],[58.046,22.877],[57.818,22.906],[57.589,22.899],[57.36,22.839],[57.219,22.778],[57.08,22.732],[56.95,22.741],[56.838,22.844],[56.78,22.964],[56.695,23.202],[56.629,23.319],[56.514,23.461],[56.268,23.731],[56.158,23.879],[56.022,24.095],[55.913,24.313],[55.862,24.544],[55.9,24.799],[55.939,24.883],[56.035,25.032],[56.067,25.117],[56.087,25.234],[56.094,25.352],[56.086,25.59],[56.077,25.741],[56.078,25.862],[56.1,25.953],[56.145,26.034],[56.146,26.036],[56.221,26.133],[56.273,26.158],[56.318,26.125],[56.351,26.067],[56.365,26.016],[56.36,25.939],[56.319,25.773],[56.312,25.718],[56.307,25.709],[56.298,25.651],[56.314,25.631],[56.314,25.62],[56.351,25.486],[56.364,25.414],[56.361,25.207],[56.359,25.078],[56.38,24.926],[56.464,24.77],[56.474,24.757],[56.49,24.716],[56.641,24.47],[56.774,24.335],[56.913,24.15],[57.123,23.981],[57.22,23.923],[57.306,23.897],[57.381,23.848],[57.509,23.805],[57.604,23.772],[58.291,23.639],[58.325,23.624],[58.393,23.618],[58.396,23.619],[58.57,23.585],[58.73,23.545],[58.773,23.517],[58.83,23.397],[58.912,23.334],[58.983,23.235],[59.03,23.131],[59.174,22.992],[59.249,22.888]]]}},{"type":"Feature","properties":{"id":"ranges-ne-1730071667-physical-areas-240","category":"ranges"},"geometry":{"type":"Polygon","coordinates":[[[45.948,20.388],[45.717,20.356],[45.547,20.423],[45.442,20.663],[45.512,21.101],[45.977,22.425],[46.159,23.159],[46.168,23.79],[46.077,24.287],[45.872,24.85],[45.854,25.046],[45.907,25.203],[46.042,25.31],[46.269,25.29],[46.551,25.103],[46.82,24.799],[47.011,24.428],[47.054,23.841],[46.954,22.98],[46.753,22.03],[46.494,21.177],[46.216,20.626],[45.948,20.388]]]}},{"type":"Feature","properties":{"id":"ranges-ne-1159103077-physical-areas-241","category":"ranges"},"geometry":{"type":"Polygon","coordinates":[[[35.055,37.692],[35.045,37.483],[34.99,37.263],[34.834,37.026],[34.535,36.753],[34.31,36.611],[34.301,36.606],[34.125,36.494],[33.641,36.299],[33.219,36.169],[32.918,36.103],[32.65,36.15],[32.33,36.357],[31.977,36.618],[31.689,36.798],[31.495,36.902],[31.424,36.935],[31.349,36.979],[31.289,37.053],[31.272,37.16],[31.327,37.302],[31.443,37.465],[31.585,37.612],[31.753,37.706],[31.944,37.706],[32.479,37.559],[32.844,37.508],[33.274,37.514],[33.566,37.55],[33.797,37.594],[34.238,37.706],[34.766,37.774],[34.875,37.803],[35.004,37.821],[35.055,37.692]]]}},{"type":"Feature","properties":{"id":"ranges-ne-1159103081-physical-areas-242","category":"ranges"},"geometry":{"type":"Polygon","coordinates":[[[14.002,48.468],[13.937,48.432],[13.852,48.433],[13.721,48.477],[13.476,48.606],[12.585,49.189],[12.453,49.303],[12.349,49.436],[12.308,49.58],[12.366,49.729],[12.485,49.799],[12.653,49.814],[12.826,49.792],[12.961,49.75],[13.081,49.676],[13.699,49.222],[14.077,48.888],[14.137,48.817],[14.16,48.727],[14.141,48.63],[14.077,48.538],[14.002,48.468]]]}},{"type":"Feature","properties":{"id":"ranges-ne-1730071679-physical-areas-243","category":"ranges"},"geometry":{"type":"Polygon","coordinates":[[[26.141,45.037],[25.647,45.018],[25.47,45.025],[25.295,45.033],[25.048,45.026],[23.877,44.863],[23.666,44.821],[23.451,44.756],[23.428,44.751],[22.982,44.653],[22.632,44.638],[22.335,44.625],[22.28,44.639],[21.929,44.732],[21.79,44.769],[21.77,44.821],[21.628,45.186],[21.675,45.312],[21.756,45.42],[21.865,45.513],[21.993,45.59],[22.192,45.674],[22.4,45.736],[22.6,45.779],[22.776,45.808],[25.557,45.957],[26.045,45.941],[26.249,45.895],[26.457,45.793],[26.626,45.642],[26.714,45.453],[26.576,45.176],[26.567,45.159],[26.141,45.037]]]}},{"type":"Feature","properties":{"id":"ranges-ne-1159103085-physical-areas-244","category":"ranges"},"geometry":{"type":"Polygon","coordinates":[[[23.022,49.179],[23.056,49.012],[22.988,48.913],[22.855,48.869],[22.695,48.87],[22.541,48.897],[22.098,49.017],[21.922,49.051],[21.744,49.066],[20.261,49.095],[19.895,49.071],[19.08,48.879],[18.659,48.82],[18.284,48.889],[18.184,48.952],[18.105,49.034],[18.049,49.13],[18.013,49.236],[18.001,49.317],[17.999,49.399],[18.008,49.481],[18.027,49.563],[18.148,49.788],[18.324,49.912],[18.516,49.968],[18.543,49.976],[18.791,50.018],[19.31,50.067],[19.768,50.047],[20.746,49.94],[21.566,49.85],[22.018,49.748],[22.481,49.556],[22.784,49.4],[22.926,49.3],[23.022,49.179]]]}},{"type":"Feature","properties":{"id":"ranges-ne-1159103087-physical-areas-245","category":"ranges"},"geometry":{"type":"Polygon","coordinates":[[[21.507,38.451],[21.358,38.471],[21.358,38.471],[21.355,38.475],[21.331,38.487],[21.331,38.476],[21.314,38.484],[21.195,38.549],[21.098,38.673],[20.978,38.915],[21.074,38.885],[21.112,38.896],[21.152,38.922],[21.145,38.979],[21.118,39.03],[21.069,39.032],[21.034,39.026],[20.923,39.037],[20.908,39.034],[20.887,39.068],[20.886,39.07],[20.809,39.171],[20.724,39.263],[20.439,39.507],[20.279,39.664],[20.145,39.841],[20.039,40.056],[19.992,40.193],[19.955,40.333],[19.934,40.477],[19.944,40.912],[19.937,41.057],[19.937,41.104],[19.946,41.191],[19.968,41.276],[20.006,41.353],[20.063,41.417],[20.118,41.456],[20.177,41.483],[20.24,41.5],[20.311,41.506],[20.403,41.488],[20.464,41.438],[20.507,41.367],[21.07,40.27],[21.235,40.026],[21.451,39.805],[21.704,39.594],[21.819,39.478],[21.921,39.347],[22.027,39.172],[22.108,38.976],[22.121,38.781],[22.02,38.606],[21.872,38.513],[21.693,38.463],[21.507,38.451]]]}},{"type":"Feature","properties":{"id":"ranges-ne-1159103089-physical-areas-246","category":"ranges"},"geometry":{"type":"MultiPolygon","coordinates":[[[[15.607,38.25],[15.61,38.255],[15.619,38.274],[15.635,38.268],[15.606,38.244],[15.607,38.25]]],[[[15.73,39.977],[15.752,40.005],[15.757,40.007],[15.798,40.021],[15.859,40.026],[15.972,40.024],[16.106,40.039],[16.148,40.053],[16.228,40.079],[16.483,40.2],[16.538,40.214],[16.611,40.218],[16.68,40.204],[16.704,40.184],[16.67,40.137],[16.53,39.86],[16.522,39.748],[16.598,39.639],[16.824,39.578],[16.999,39.482],[17.115,39.381],[17.123,39.137],[17.175,38.998],[17.099,38.919],[16.951,38.94],[16.755,38.89],[16.617,38.8],[16.559,38.715],[16.574,38.494],[16.546,38.409],[16.282,38.25],[16.144,38.086],[16.11,38.019],[16.057,37.942],[15.725,37.939],[15.646,38.034],[15.643,38.175],[15.7,38.262],[15.822,38.303],[15.905,38.483],[15.879,38.614],[15.927,38.672],[15.972,38.713],[16.066,38.736],[16.197,38.759],[16.21,38.941],[16.107,39.024],[16.071,39.139],[16.024,39.354],[15.854,39.627],[15.764,39.87],[15.723,39.938],[15.73,39.977]]]]}},{"type":"Feature","properties":{"id":"ranges-ne-1159103091-physical-areas-247","category":"ranges"},"geometry":{"type":"Polygon","coordinates":[[[11.32,51.386],[11.084,51.282],[10.756,51.296],[9.979,51.472],[9.692,51.625],[9.582,51.886],[9.601,51.967],[9.616,52.032],[9.716,52.132],[9.89,52.175],[10.145,52.152],[10.828,52.025],[10.945,52.003],[11.35,51.871],[11.518,51.691],[11.465,51.544],[11.32,51.386]]]}},{"type":"Feature","properties":{"id":"ranges-ne-1159103093-physical-areas-248","category":"ranges"},"geometry":{"type":"Polygon","coordinates":[[[7.142,47.879],[6.883,47.811],[6.651,47.896],[6.53,48.073],[6.522,48.314],[6.632,48.592],[6.87,48.925],[7.545,49.69],[7.671,49.763],[7.851,49.817],[8.023,49.815],[8.127,49.716],[8.155,49.556],[8.137,49.396],[8.064,49.24],[7.928,49.095],[7.609,48.862],[7.506,48.739],[7.451,48.347],[7.335,48.086],[7.142,47.879]]]}},{"type":"Feature","properties":{"id":"ranges-ne-1159103095-physical-areas-249","category":"ranges"},"geometry":{"type":"Polygon","coordinates":[[[17.283,49.91],[17.162,49.902],[17.113,49.912],[16.994,49.948],[16.85,50.013],[16.726,50.113],[16.608,50.236],[16.45,50.363],[16.244,50.487],[15.985,50.603],[15.753,50.681],[15.542,50.728],[14.659,50.796],[14.439,50.829],[14.301,50.885],[14.226,50.973],[14.194,51.079],[14.194,51.187],[14.24,51.27],[14.345,51.304],[15.373,51.167],[16.079,51.019],[16.58,50.841],[17.176,50.504],[17.388,50.354],[17.493,50.206],[17.484,50.071],[17.402,49.969],[17.283,49.91]]]}},{"type":"Feature","properties":{"id":"ranges-ne-1159103099-physical-areas-250","category":"ranges"},"geometry":{"type":"Polygon","coordinates":[[[12.177,50.006],[11.754,49.88],[11.713,49.904],[11.682,49.97],[11.671,50.049],[11.687,50.116],[11.766,50.187],[11.93,50.292],[12.164,50.416],[12.451,50.544],[12.778,50.662],[13.434,50.834],[13.695,50.88],[13.873,50.898],[13.979,50.892],[14.033,50.867],[14.056,50.83],[14.034,50.766],[13.936,50.715],[13.439,50.519],[12.998,50.384],[12.804,50.309],[12.35,50.091],[12.275,50.048],[12.177,50.006]]]}},{"type":"Feature","properties":{"id":"ranges-ne-1159103101-physical-areas-251","category":"ranges"},"geometry":{"type":"Polygon","coordinates":[[[5.416,49.577],[4.824,49.459],[4.368,49.492],[4.17,49.675],[4.164,49.925],[4.28,50.166],[4.447,50.322],[4.759,50.383],[5.343,50.423],[5.906,50.352],[6.154,50.078],[5.931,49.799],[5.416,49.577]]]}},{"type":"Feature","properties":{"id":"ranges-ne-1159103103-physical-areas-252","category":"ranges"},"geometry":{"type":"Polygon","coordinates":[[[5.825,46.06],[5.744,46.054],[5.693,46.138],[5.679,46.272],[5.687,46.419],[5.716,46.565],[5.765,46.698],[5.781,46.729],[5.798,46.758],[5.877,46.864],[6.151,47.16],[6.369,47.349],[6.622,47.484],[6.896,47.578],[7.179,47.644],[7.314,47.661],[7.404,47.652],[7.467,47.62],[7.523,47.573],[7.582,47.53],[7.644,47.503],[7.716,47.489],[7.805,47.485],[7.907,47.47],[7.996,47.433],[8.039,47.392],[8.008,47.362],[6.667,46.85],[6.545,46.788],[6.431,46.709],[6.324,46.621],[6.116,46.428],[6.085,46.392],[6.059,46.344],[6.019,46.243],[5.992,46.198],[5.915,46.12],[5.825,46.06]]]}},{"type":"Feature","properties":{"id":"ranges-ne-1159103105-physical-areas-253","category":"ranges"},"geometry":{"type":"Polygon","coordinates":[[[-5.542,55.919],[-5.533,55.977],[-5.511,56.028],[-5.474,56.073],[-5.424,56.111],[-4.931,56.472],[-4.059,56.938],[-3.03,57.238],[-2.089,57.104],[-2.09,57.103],[-2.112,57.071],[-2.225,56.996],[-3.66,56.587],[-4.793,56.156],[-4.804,56.151],[-4.8,56.158],[-4.819,56.15],[-4.827,56.143],[-4.881,56.122],[-4.896,56.117],[-5.247,55.983],[-5.247,56.0],[-5.223,56.066],[-5.176,56.117],[-4.997,56.233],[-5.084,56.197],[-5.282,56.09],[-5.383,56.019],[-5.41,55.995],[-5.419,55.975],[-5.418,55.952],[-5.416,55.946],[-5.428,55.944],[-5.542,55.919]]]}},{"type":"Feature","properties":{"id":"ranges-ne-1159103107-physical-areas-254","category":"ranges"},"geometry":{"type":"Polygon","coordinates":[[[-3.29,51.621],[-3.768,51.65],[-3.961,51.679],[-4.097,51.727],[-4.194,51.794],[-4.267,51.868],[-4.288,51.934],[-4.229,51.979],[-4.128,52.025],[-4.049,52.101],[-3.997,52.202],[-3.978,52.323],[-3.991,52.468],[-3.999,52.524],[-3.98,52.542],[-4.003,52.547],[-4.004,52.551],[-4.016,52.633],[-4.022,52.716],[-4.023,52.73],[-4.028,52.799],[-3.963,53.179],[-3.906,53.242],[-3.753,53.235],[-3.32,53.166],[-3.165,53.109],[-3.105,52.997],[-3.141,52.661],[-3.149,52.452],[-3.118,52.296],[-3.065,52.127],[-3.05,51.899],[-3.112,51.701],[-3.29,51.621]]]}},{"type":"Feature","properties":{"id":"ranges-ne-1159103109-physical-areas-255","category":"ranges"},"geometry":{"type":"Polygon","coordinates":[[[-16.961,64.901],[-16.63,64.786],[-16.375,64.798],[-16.129,64.891],[-15.893,64.834],[-15.593,64.788],[-15.352,64.782],[-15.417,64.508],[-15.666,64.35],[-16.363,64.077],[-16.572,63.995],[-16.748,64.033],[-16.961,64.161],[-17.227,64.11],[-17.375,64.186],[-17.543,64.182],[-18.007,64.165],[-18.167,64.382],[-18.025,64.513],[-17.939,64.701],[-17.71,64.718],[-17.532,64.8],[-17.309,64.835],[-17.158,64.912],[-16.961,64.901]]]}},{"type":"Feature","properties":{"id":"ranges-ne-1730071739-physical-areas-256","category":"ranges"},"geometry":{"type":"Polygon","coordinates":[[[-115.153,58.369],[-114.402,58.554],[-113.8,58.675],[-113.65,58.695],[-113.288,58.787],[-112.918,58.967],[-112.676,59.16],[-112.186,59.085],[-111.99,59.037],[-111.652,58.943],[-111.411,59.006],[-111.212,58.885],[-111.281,58.79],[-111.094,58.627],[-111.069,58.458],[-111.254,58.438],[-111.487,58.439],[-111.487,58.368],[-111.381,58.157],[-111.346,58.016],[-111.428,57.664],[-111.507,57.55],[-111.664,57.308],[-112.545,57.081],[-112.968,57.028],[-113.321,56.992],[-113.745,57.01],[-114.08,57.028],[-114.644,57.028],[-115.032,57.116],[-115.35,57.257],[-115.438,57.451],[-115.35,57.874],[-115.244,58.157],[-115.153,58.369]]]}},{"type":"Feature","properties":{"id":"ranges-ne-1159103113-physical-areas-257","category":"ranges"},"geometry":{"type":"Polygon","coordinates":[[[-113.8,58.675],[-114.402,58.554],[-115.153,58.369],[-115.818,58.467],[-116.479,58.845],[-116.39,59.286],[-116.126,59.762],[-116.055,60.185],[-115.861,60.503],[-115.44,60.841],[-115.05,60.644],[-114.697,60.167],[-114.221,59.762],[-113.815,59.374],[-113.674,59.074],[-113.8,58.675]]]}},{"type":"Feature","properties":{"id":"ranges-ne-1159103117-physical-areas-258","category":"ranges"},"geometry":{"type":"Polygon","coordinates":[[[-129.761,61.826],[-129.478,61.561],[-129.21,61.293],[-129.179,61.261],[-129.231,61.049],[-129.231,61.009],[-129.231,60.851],[-129.163,60.632],[-129.161,60.626],[-129.163,60.43],[-129.164,60.41],[-129.165,60.273],[-129.071,60.213],[-129.071,60.213],[-128.951,60.136],[-128.565,59.98],[-128.469,59.94],[-128.28,59.862],[-128.005,59.89],[-127.714,59.999],[-127.448,59.865],[-127.499,59.787],[-127.516,59.761],[-127.693,59.546],[-127.643,59.243],[-127.306,58.974],[-126.868,58.553],[-126.471,58.249],[-126.296,58.115],[-125.631,57.423],[-125.645,57.423],[-125.816,57.423],[-126.009,57.517],[-126.126,57.604],[-126.331,57.648],[-126.53,57.619],[-126.557,57.399],[-126.761,57.235],[-126.917,57.091],[-126.926,56.917],[-127.123,56.859],[-127.236,56.816],[-127.277,56.623],[-127.529,56.477],[-127.707,56.654],[-127.84,56.725],[-128.087,56.837],[-128.235,56.876],[-128.398,56.984],[-128.602,57.106],[-128.778,57.282],[-129.157,57.476],[-129.443,57.476],[-129.645,57.712],[-129.66,57.964],[-129.706,57.985],[-130.212,58.171],[-130.672,58.301],[-130.924,58.536],[-131.261,58.738],[-131.564,58.906],[-131.911,59.239],[-132.064,59.466],[-132.251,59.746],[-132.439,60.026],[-132.902,60.24],[-133.205,60.43],[-133.564,60.65],[-133.798,60.787],[-134.228,61.069],[-134.289,61.109],[-134.496,61.347],[-134.493,61.595],[-134.492,61.717],[-134.307,61.902],[-133.987,61.919],[-133.549,61.952],[-133.213,61.952],[-132.96,61.952],[-132.563,62.007],[-132.547,62.009],[-132.274,61.917],[-131.697,61.784],[-131.667,61.777],[-131.593,61.776],[-131.235,61.769],[-131.143,61.909],[-130.903,62.044],[-130.502,62.055],[-130.131,62.037],[-129.761,61.826]]]}},{"type":"Feature","properties":{"id":"ranges-ne-1159103119-physical-areas-259","category":"ranges"},"geometry":{"type":"Polygon","coordinates":[[[-138.32,64.996],[-138.082,64.758],[-137.738,64.798],[-137.5,64.837],[-137.129,64.889],[-137.116,64.89],[-136.706,64.89],[-136.071,64.745],[-135.873,64.679],[-135.666,64.578],[-135.211,64.48],[-135.158,64.335],[-135.462,64.202],[-135.793,64.057],[-136.045,64.044],[-136.56,63.858],[-136.851,63.766],[-137.254,63.675],[-137.381,63.647],[-137.711,63.739],[-138.181,63.915],[-138.241,63.938],[-138.442,64.001],[-138.664,64.07],[-139.035,64.184],[-139.14,64.216],[-139.626,64.262],[-139.946,64.305],[-140.169,64.341],[-140.448,64.392],[-140.578,64.515],[-140.754,64.634],[-140.851,64.625],[-141.0,64.82],[-140.595,64.917],[-140.265,64.943],[-139.974,64.996],[-139.735,64.996],[-139.392,65.062],[-139.021,65.102],[-138.32,64.996]]]}},{"type":"Feature","properties":{"id":"ranges-ne-1159103121-physical-areas-260","category":"ranges"},"geometry":{"type":"Polygon","coordinates":[[[-141.49,62.801],[-141.382,62.688],[-141.461,62.536],[-141.625,62.479],[-141.803,62.312],[-141.951,62.265],[-142.091,62.093],[-142.09,62.059],[-142.077,61.874],[-142.143,61.742],[-142.249,61.57],[-142.606,61.438],[-142.977,61.398],[-143.373,61.358],[-143.392,61.359],[-143.665,61.371],[-143.956,61.451],[-144.22,61.517],[-144.423,61.604],[-144.598,61.684],[-144.828,61.769],[-144.974,61.822],[-145.004,61.835],[-145.165,61.902],[-145.336,62.05],[-145.409,62.154],[-145.38,62.269],[-145.216,62.349],[-145.024,62.431],[-144.776,62.546],[-144.605,62.615],[-144.474,62.661],[-144.352,62.704],[-144.32,62.706],[-143.987,62.715],[-143.654,62.71],[-143.149,63.025],[-142.698,63.069],[-142.578,63.239],[-142.374,63.169],[-141.998,63.094],[-141.791,63.011],[-141.601,62.909],[-141.49,62.801]]]}},{"type":"Feature","properties":{"id":"ranges-ne-1730071761-physical-areas-261","category":"ranges"},"geometry":{"type":"Polygon","coordinates":[[[-73.584,43.087],[-73.674,42.93],[-73.705,42.795],[-73.888,42.841],[-74.034,42.884],[-74.142,42.933],[-74.225,42.969],[-74.371,42.956],[-74.506,42.916],[-74.605,42.93],[-74.65,42.994],[-74.855,43.062],[-75.449,43.469],[-75.819,44.181],[-75.398,44.495],[-75.018,44.742],[-74.63,44.883],[-74.313,45.051],[-73.942,45.121],[-73.695,45.148],[-73.61,45.138],[-73.457,45.121],[-73.328,45.08],[-73.297,44.885],[-73.339,44.741],[-73.367,44.574],[-73.33,44.521],[-73.294,44.405],[-73.372,44.204],[-73.425,44.038],[-73.395,43.86],[-73.352,43.779],[-73.425,43.637],[-73.398,43.574],[-73.431,43.411],[-73.528,43.269],[-73.584,43.087]]]}},{"type":"Feature","properties":{"id":"ranges-ne-1159103123-physical-areas-262","category":"ranges"},"geometry":{"type":"Polygon","coordinates":[[[-83.811,34.609],[-84.235,34.573],[-84.464,34.626],[-84.746,34.803],[-84.729,35.226],[-84.358,35.579],[-83.723,35.962],[-82.806,36.232],[-82.259,36.599],[-81.923,36.761],[-81.42,37.01],[-80.919,37.166],[-80.519,37.208],[-79.878,37.418],[-79.582,37.704],[-79.225,38.022],[-79.04,38.26],[-78.855,38.472],[-78.683,38.71],[-78.523,39.055],[-78.074,39.146],[-77.843,39.15],[-77.789,39.139],[-77.757,39.133],[-77.863,38.935],[-78.048,38.723],[-78.298,38.472],[-78.299,38.472],[-78.3,38.471],[-78.537,38.128],[-78.934,37.77],[-79.437,37.427],[-79.525,37.365],[-79.763,37.198],[-79.907,37.06],[-80.037,36.937],[-80.284,36.708],[-80.521,36.605],[-80.813,36.478],[-81.042,36.249],[-81.088,36.185],[-81.218,36.002],[-81.642,35.579],[-82.009,35.276],[-82.349,35.206],[-82.506,35.173],[-82.976,34.944],[-83.172,34.823],[-83.356,34.71],[-83.471,34.684],[-83.811,34.609]]]}},{"type":"Feature","properties":{"id":"ranges-ne-1159103125-physical-areas-263","category":"ranges"},"geometry":{"type":"Polygon","coordinates":[[[-123.711,42.671],[-123.638,42.675],[-123.587,42.668],[-123.579,42.614],[-123.531,42.568],[-123.479,42.549],[-123.47,42.458],[-123.337,42.447],[-123.209,42.442],[-123.118,42.43],[-122.985,42.456],[-122.934,42.374],[-122.491,41.686],[-122.38,41.425],[-122.379,41.422],[-122.373,41.132],[-122.384,41.092],[-122.411,40.991],[-122.513,40.736],[-122.685,40.603],[-122.723,40.574],[-122.727,40.554],[-122.745,40.456],[-122.776,40.288],[-123.027,40.39],[-123.331,40.443],[-123.53,40.549],[-123.688,40.707],[-123.94,40.919],[-124.11,41.112],[-124.14,41.146],[-124.14,41.156],[-124.133,41.178],[-124.091,41.291],[-124.069,41.375],[-124.045,41.462],[-124.117,41.621],[-124.118,41.622],[-124.122,41.63],[-124.127,41.641],[-124.131,41.65],[-124.163,41.719],[-124.165,41.721],[-124.186,41.763],[-124.215,41.822],[-124.21,41.845],[-124.183,41.992],[-124.278,42.069],[-124.326,42.108],[-124.38,42.206],[-124.407,42.295],[-124.393,42.45],[-124.284,42.515],[-124.198,42.512],[-124.114,42.574],[-124.041,42.59],[-124.033,42.654],[-123.941,42.698],[-123.866,42.749],[-123.794,42.722],[-123.711,42.671]]]}},{"type":"Feature","properties":{"id":"ranges-ne-1159103127-physical-areas-264","category":"ranges"},"geometry":{"type":"Polygon","coordinates":[[[-93.9,35.487],[-93.783,35.401],[-93.582,35.42],[-93.506,35.427],[-93.235,35.303],[-93.203,35.283],[-93.037,35.178],[-92.947,35.155],[-92.713,35.096],[-92.701,35.087],[-92.572,34.996],[-92.464,34.932],[-92.307,34.793],[-92.374,34.563],[-92.365,34.283],[-92.487,33.928],[-92.785,33.629],[-93.383,33.563],[-93.916,33.909],[-94.187,34.002],[-94.729,34.03],[-95.102,34.124],[-95.532,34.217],[-95.859,34.301],[-95.999,34.61],[-95.915,34.843],[-95.766,35.142],[-95.561,35.262],[-95.369,35.309],[-95.188,35.334],[-95.123,35.404],[-95.075,35.473],[-94.92,35.394],[-94.752,35.364],[-94.663,35.306],[-94.549,35.313],[-94.512,35.354],[-94.489,35.38],[-94.403,35.453],[-94.332,35.382],[-94.331,35.382],[-94.152,35.375],[-94.118,35.434],[-94.102,35.461],[-93.916,35.499],[-93.9,35.487]]]}},{"type":"Feature","properties":{"id":"ranges-ne-1159103129-physical-areas-265","category":"ranges"},"geometry":{"type":"Polygon","coordinates":[[[-114.829,45.425],[-114.658,45.377],[-114.544,45.313],[-114.315,45.357],[-114.137,45.416],[-114.0,45.418],[-113.898,45.345],[-113.871,45.24],[-113.899,45.124],[-113.956,44.971],[-113.979,44.845],[-114.06,44.699],[-114.166,44.613],[-114.182,44.491],[-114.285,44.319],[-114.428,44.277],[-114.625,44.278],[-114.72,44.277],[-114.881,44.261],[-114.913,44.212],[-115.023,44.213],[-115.195,44.213],[-115.354,44.16],[-115.5,44.12],[-115.685,44.134],[-115.857,44.12],[-116.068,44.134],[-116.174,44.173],[-116.267,44.345],[-116.293,44.491],[-116.315,44.612],[-116.346,44.782],[-116.355,44.893],[-116.36,44.954],[-116.333,45.099],[-116.316,45.117],[-116.234,45.199],[-116.226,45.224],[-116.169,45.411],[-115.968,45.448],[-115.879,45.473],[-115.656,45.445],[-115.526,45.396],[-115.429,45.458],[-115.303,45.532],[-115.17,45.584],[-114.986,45.52],[-114.829,45.425]]]}},{"type":"Feature","properties":{"id":"ranges-ne-1159103131-physical-areas-266","category":"ranges"},"geometry":{"type":"Polygon","coordinates":[[[-103.108,43.622],[-103.549,43.411],[-104.237,43.657],[-104.502,43.922],[-104.855,44.522],[-104.643,44.751],[-103.796,44.751],[-103.267,44.451],[-103.091,43.993],[-103.108,43.622]]]}},{"type":"Feature","properties":{"id":"ranges-ne-1159103135-physical-areas-267","category":"ranges"},"geometry":{"type":"Polygon","coordinates":[[[-109.375,35.006],[-109.308,34.543],[-109.3,34.463],[-109.282,34.291],[-109.573,34.133],[-109.811,34.093],[-109.943,33.908],[-109.943,33.696],[-110.102,33.537],[-110.195,33.537],[-110.406,33.617],[-110.592,33.789],[-110.79,33.815],[-110.896,33.709],[-111.213,33.749],[-111.425,33.947],[-111.65,34.08],[-111.729,34.172],[-111.928,34.331],[-111.756,34.529],[-111.584,34.728],[-111.24,34.715],[-110.831,34.787],[-110.79,34.794],[-110.433,34.873],[-110.023,34.979],[-109.626,35.032],[-109.375,35.006]]]}},{"type":"Feature","properties":{"id":"ranges-ne-1159103137-physical-areas-268","category":"ranges"},"geometry":{"type":"Polygon","coordinates":[[[-71.623,7.568],[-72.082,7.533],[-72.364,8.08],[-72.117,8.327],[-71.552,8.838],[-70.953,9.279],[-70.784,9.436],[-70.76,9.459],[-70.459,9.738],[-69.859,10.338],[-69.348,10.902],[-68.75,11.028],[-68.677,11.043],[-68.519,10.865],[-68.352,10.677],[-68.331,10.654],[-68.254,10.567],[-68.271,10.549],[-68.289,10.531],[-69.002,9.818],[-69.118,9.703],[-69.4,9.385],[-69.433,9.349],[-69.806,8.927],[-70.582,8.397],[-70.591,8.387],[-70.97,7.956],[-71.318,7.749],[-71.432,7.682],[-71.494,7.645],[-71.623,7.568]]]}},{"type":"Feature","properties":{"id":"ranges-ne-1159103139-physical-areas-269","category":"ranges"},"geometry":{"type":"Polygon","coordinates":[[[-54.339,-34.577],[-55.221,-34.824],[-55.697,-34.736],[-56.085,-34.771],[-55.874,-34.295],[-55.786,-33.872],[-55.75,-33.625],[-55.627,-33.254],[-55.38,-33.043],[-55.239,-32.884],[-54.551,-32.531],[-53.881,-32.037],[-53.528,-32.178],[-53.599,-32.443],[-53.704,-32.919],[-53.687,-33.378],[-53.581,-33.836],[-53.863,-34.26],[-54.339,-34.577]]]}},{"type":"Feature","properties":{"id":"ranges-ne-1730071801-physical-areas-270","category":"ranges"},"geometry":{"type":"Polygon","coordinates":[[[-54.693,2.799],[-54.112,2.538],[-53.058,2.594],[-52.62,2.633],[-52.652,2.336],[-52.691,1.967],[-53.368,1.847],[-53.9,1.781],[-54.723,1.714],[-55.401,1.741],[-55.893,1.675],[-56.155,1.814],[-56.182,1.906],[-56.285,2.267],[-56.069,2.413],[-55.865,2.552],[-55.746,2.633],[-55.142,2.849],[-55.255,3.109],[-54.79,3.269],[-54.693,2.799]]]}},{"type":"Feature","properties":{"id":"ranges-ne-1159103143-physical-areas-271","category":"ranges"},"geometry":{"type":"Polygon","coordinates":[[[-56.061,2.381],[-56.285,2.267],[-56.591,2.809],[-56.829,3.708],[-57.014,4.105],[-57.411,4.449],[-57.04,4.978],[-56.591,4.899],[-56.088,4.581],[-55.956,3.867],[-55.453,3.126],[-55.142,2.849],[-55.711,2.559],[-56.061,2.381]]]}},{"type":"Feature","properties":{"id":"ranges-ne-1730071811-physical-areas-272","category":"ranges"},"geometry":{"type":"Polygon","coordinates":[[[-43.427,-9.471],[-44.089,-9.947],[-44.272,-9.925],[-44.75,-9.868],[-44.649,-9.412],[-44.644,-9.391],[-44.561,-9.327],[-43.956,-8.862],[-43.295,-8.333],[-42.898,-8.095],[-42.09,-8.118],[-41.945,-8.122],[-41.549,-8.333],[-41.707,-8.651],[-42.872,-9.127],[-43.427,-9.471]]]}},{"type":"Feature","properties":{"id":"ranges-ne-1730071815-physical-areas-273","category":"ranges"},"geometry":{"type":"Polygon","coordinates":[[[-40.596,-6.56],[-40.631,-6.79],[-41.002,-6.719],[-41.305,-6.451],[-41.46,-6.313],[-41.478,-5.237],[-41.249,-4.338],[-41.213,-3.632],[-41.408,-3.28],[-41.037,-3.138],[-40.208,-3.297],[-40.296,-3.668],[-40.543,-3.95],[-40.631,-4.902],[-40.684,-5.802],[-40.629,-6.274],[-40.596,-6.56]]]}},{"type":"Feature","properties":{"id":"ranges-ne-1159103149-physical-areas-274","category":"ranges"},"geometry":{"type":"Polygon","coordinates":[[[-57.45,1.033],[-57.979,0.768],[-59.103,0.938],[-59.69,1.186],[-60.035,1.265],[-60.096,1.562],[-59.701,1.83],[-59.623,1.882],[-59.079,1.937],[-58.244,1.959],[-57.82,1.8],[-57.745,1.709],[-57.45,1.351],[-57.45,1.033]]]}},{"type":"Feature","properties":{"id":"ranges-ne-1730071825-physical-areas-275","category":"ranges"},"geometry":{"type":"Polygon","coordinates":[[[-65.158,2.42],[-65.06,2.201],[-64.768,2.396],[-64.015,2.201],[-63.493,2.405],[-63.456,2.42],[-63.067,2.444],[-62.994,2.153],[-63.966,1.715],[-63.65,1.35],[-63.164,1.131],[-63.042,0.84],[-63.251,0.721],[-64.404,1.204],[-64.852,0.95],[-65.133,0.742],[-65.109,0.426],[-65.644,0.28],[-66.102,0.395],[-66.398,0.596],[-66.339,0.752],[-66.252,0.985],[-65.984,1.204],[-66.033,1.447],[-65.936,1.788],[-65.497,2.133],[-65.376,2.614],[-65.158,2.42]]]}},{"type":"Feature","properties":{"id":"ranges-ne-1159103155-physical-areas-276","category":"ranges"},"geometry":{"type":"Polygon","coordinates":[[[-53.896,-9.824],[-54.425,-10.564],[-55.272,-10.106],[-56.401,-9.259],[-57.247,-8.871],[-57.565,-8.166],[-57.847,-7.425],[-57.882,-6.719],[-57.6,-6.437],[-56.859,-6.19],[-56.365,-6.437],[-55.66,-7.531],[-54.637,-8.448],[-54.037,-8.906],[-53.896,-9.824]]]}},{"type":"Feature","properties":{"id":"ranges-ne-1730071835-physical-areas-277","category":"ranges"},"geometry":{"type":"Polygon","coordinates":[[[-49.929,-15.42],[-50.31,-16.384],[-51.066,-15.474],[-51.194,-15.32],[-51.129,-15.173],[-51.122,-15.157],[-50.39,-13.492],[-49.949,-12.749],[-49.667,-11.805],[-49.35,-11.585],[-49.145,-11.443],[-48.864,-12.126],[-48.751,-12.721],[-48.703,-12.97],[-48.924,-13.753],[-49.447,-14.576],[-49.929,-15.42]]]}},{"type":"Feature","properties":{"id":"ranges-ne-1730071839-physical-areas-278","category":"ranges"},"geometry":{"type":"Polygon","coordinates":[[[-50.942,-10.938],[-51.49,-11.09],[-52.099,-10.602],[-51.795,-9.536],[-51.703,-8.653],[-51.795,-7.891],[-51.307,-7.038],[-50.515,-5.759],[-49.327,-6.216],[-50.119,-7.922],[-50.606,-8.805],[-50.789,-9.749],[-50.942,-10.938]]]}},{"type":"Feature","properties":{"id":"ranges-ne-1159103161-physical-areas-279","category":"ranges"},"geometry":{"type":"Polygon","coordinates":[[[-48.375,-19.26],[-49.169,-19.895],[-49.645,-18.784],[-49.5,-17.77],[-49.397,-17.048],[-49.38,-16.932],[-49.38,-15.874],[-48.692,-14.498],[-48.057,-13.334],[-47.581,-12.91],[-47.211,-13.757],[-47.528,-15.027],[-47.708,-15.82],[-48.057,-17.355],[-48.168,-18.019],[-48.375,-19.26]]]}},{"type":"Feature","properties":{"id":"ranges-ne-1730071849-physical-areas-280","category":"ranges"},"geometry":{"type":"Polygon","coordinates":[[[-63.164,4.487],[-62.775,4.438],[-62.507,4.633],[-61.802,4.633],[-61.389,4.9],[-60.976,4.803],[-60.701,4.728],[-59.906,4.511],[-60.222,4.025],[-61.219,4.073],[-61.997,3.393],[-62.677,3.393],[-63.504,3.636],[-64.212,3.352],[-64.355,3.295],[-64.841,2.979],[-64.987,3.393],[-64.483,3.855],[-64.159,4.152],[-64.112,4.195],[-63.869,4.608],[-63.845,5.022],[-63.31,4.803],[-63.164,4.487]]]}},{"type":"Feature","properties":{"id":"deserts-ne-1159103253-physical-areas-320","category":"deserts"},"geometry":{"type":"Polygon","coordinates":[[[-66.732,-20.249],[-67.393,-21.26],[-68.054,-20.249],[-67.393,-19.239],[-66.732,-20.249]]]}},{"type":"Feature","properties":{"id":"deserts-ne-1730072041-physical-areas-321","category":"deserts"},"geometry":{"type":"Polygon","coordinates":[[[58.872,21.248],[58.68,21.134],[58.483,21.271],[58.289,21.653],[58.204,22.087],[58.335,22.382],[58.522,22.434],[58.798,22.418],[59.074,22.277],[59.261,21.952],[59.232,21.71],[59.079,21.457],[58.872,21.248]]]}},{"type":"Feature","properties":{"id":"deserts-ne-1159103257-physical-areas-322","category":"deserts"},"geometry":{"type":"Polygon","coordinates":[[[42.907,12.816],[42.919,12.818],[42.934,12.82],[42.97,12.808],[42.975,12.825],[43.068,12.838],[43.083,12.825],[43.117,12.709],[43.131,12.66],[43.29,12.473],[43.316,12.424],[43.343,12.371],[43.367,12.325],[43.4,12.22],[43.4,12.158],[43.38,12.091],[43.35,12.046],[43.343,12.042],[43.277,12.004],[43.274,11.992],[43.267,11.966],[43.048,11.829],[42.799,11.739],[42.64,11.56],[42.522,11.572],[42.54,11.504],[42.584,11.497],[42.653,11.51],[42.79,11.562],[42.912,11.587],[43.043,11.588],[43.162,11.566],[43.246,11.5],[43.441,11.346],[43.631,11.035],[43.658,11.005],[43.542,10.664],[43.303,10.426],[43.012,10.532],[42.457,10.54],[41.504,10.664],[41.001,10.585],[40.869,11.167],[40.825,11.722],[40.446,12.781],[40.157,13.4],[40.13,13.458],[40.084,13.557],[40.099,13.635],[40.137,13.83],[39.93,14.251],[39.855,14.403],[39.853,14.53],[39.85,14.752],[39.849,14.887],[39.847,15.036],[39.846,15.1],[40.155,15.038],[40.196,15.023],[40.204,15.014],[40.305,14.974],[40.373,14.969],[40.476,14.953],[40.546,14.934],[40.577,14.916],[40.746,14.747],[41.169,14.615],[41.541,14.132],[41.564,14.102],[41.665,13.97],[41.672,13.962],[41.806,13.884],[42.245,13.588],[42.27,13.542],[42.335,13.397],[42.368,13.323],[42.399,13.213],[42.417,13.214],[42.421,13.204],[42.567,13.145],[42.604,13.13],[42.629,13.12],[42.734,13.019],[42.796,12.864],[42.894,12.833],[42.907,12.816]]]}},{"type":"Feature","properties":{"id":"deserts-ne-1159103261-physical-areas-323","category":"deserts"},"geometry":{"type":"Polygon","coordinates":[[[34.994,29.618],[34.96,29.575],[34.898,29.578],[34.892,29.579],[34.828,29.638],[34.779,29.727],[34.753,29.802],[34.715,29.957],[34.578,30.326],[34.518,30.576],[34.47,30.729],[34.348,31.029],[34.273,31.186],[34.251,31.265],[34.249,31.343],[34.248,31.361],[34.27,31.362],[34.42,31.371],[35.317,31.387],[35.428,31.361],[35.421,31.242],[35.405,31.13],[35.257,30.508],[35.191,30.313],[35.113,30.13],[35.109,30.122],[35.076,30.01],[35.07,29.946],[35.054,29.772],[35.022,29.654],[34.994,29.618]]]}},{"type":"Feature","properties":{"id":"deserts-ne-1159103263-physical-areas-324","category":"deserts"},"geometry":{"type":"Polygon","coordinates":[[[39.692,2.343],[39.811,1.708],[40.217,1.357],[40.3,1.284],[40.223,1.183],[40.168,1.112],[39.745,1.073],[39.784,0.491],[39.401,0.411],[38.779,0.385],[38.369,0.729],[38.21,0.914],[38.223,1.456],[37.8,1.615],[37.535,1.748],[37.019,1.761],[36.716,1.707],[36.57,1.681],[36.08,1.364],[36.062,1.699],[36.054,1.853],[35.988,2.078],[35.723,2.568],[35.63,2.846],[35.458,3.123],[35.525,3.428],[35.697,3.957],[35.829,4.592],[35.85,4.606],[36.093,4.777],[36.662,4.671],[37.35,4.34],[37.364,4.333],[37.826,4.089],[38.104,3.719],[38.673,3.295],[38.868,3.2],[39.215,3.031],[39.528,2.579],[39.692,2.343]]]}},{"type":"Feature","properties":{"id":"deserts-ne-1159103265-physical-areas-325","category":"deserts"},"geometry":{"type":"Polygon","coordinates":[[[35.392,24.246],[35.445,24.201],[35.478,24.155],[35.555,24.108],[35.736,23.955],[35.498,23.99],[35.498,23.986],[35.498,23.794],[35.498,23.642],[35.514,23.61],[35.523,23.443],[35.564,23.271],[35.698,22.946],[35.797,22.849],[35.846,22.786],[35.913,22.74],[35.941,22.73],[35.955,22.701],[35.961,22.689],[36.856,22.044],[36.858,22.041],[36.838,22.041],[35.908,22.041],[34.89,22.041],[34.405,22.041],[33.699,22.041],[31.52,22.12],[31.516,22.12],[32.561,22.65],[33.02,23.196],[32.978,23.774],[32.879,24.131],[32.932,24.621],[32.872,25.077],[32.581,25.269],[32.523,25.459],[32.488,25.573],[32.551,25.628],[32.713,25.772],[32.722,25.826],[32.733,25.892],[32.766,26.089],[32.714,26.115],[32.664,26.14],[32.634,26.155],[32.429,26.102],[32.125,26.195],[31.708,26.632],[31.258,27.161],[30.855,27.452],[30.908,27.683],[30.848,28.027],[30.755,28.126],[30.737,28.296],[30.736,28.312],[30.737,28.314],[30.841,28.523],[30.98,28.9],[31.042,28.992],[31.166,29.176],[31.242,29.411],[31.285,29.542],[31.298,29.859],[31.245,30.104],[31.3,30.176],[31.327,30.211],[31.406,30.314],[31.671,30.49],[31.723,30.525],[32.27,30.627],[32.273,30.622],[32.416,30.375],[32.57,30.111],[32.555,30.083],[32.314,29.626],[32.538,29.294],[32.588,29.22],[32.59,29.215],[32.635,29.101],[32.632,28.992],[32.659,28.928],[32.742,28.834],[32.799,28.691],[32.875,28.602],[32.898,28.565],[32.947,28.517],[33.136,28.295],[33.202,28.208],[33.236,28.177],[33.496,27.871],[33.555,27.757],[33.559,27.701],[33.55,27.607],[33.657,27.431],[33.697,27.341],[33.802,27.268],[33.849,27.185],[33.893,27.049],[33.959,26.649],[34.05,26.551],[34.329,26.024],[34.565,25.691],[34.679,25.443],[34.853,25.14],[35.194,24.475],[35.36,24.307],[35.392,24.246]]]}},{"type":"Feature","properties":{"id":"deserts-ne-1730072065-physical-areas-326","category":"deserts"},"geometry":{"type":"Polygon","coordinates":[[[-12.127,16.776],[-12.189,16.582],[-12.762,16.308],[-13.494,16.167],[-13.944,16.282],[-14.367,16.661],[-15.081,16.67],[-15.593,16.564],[-16.202,16.555],[-16.475,16.211],[-16.475,16.244],[-16.475,16.388],[-16.468,16.408],[-16.36,16.741],[-16.06,17.331],[-15.716,17.861],[-15.293,18.222],[-14.835,18.792],[-14.826,18.804],[-14.736,18.899],[-14.27,19.395],[-13.776,19.889],[-13.423,19.677],[-12.947,19.483],[-12.647,18.901],[-12.356,17.834],[-12.277,17.058],[-12.127,16.776]]]}},{"type":"Feature","properties":{"id":"deserts-ne-1730072069-physical-areas-327","category":"deserts"},"geometry":{"type":"Polygon","coordinates":[[[-11.854,19.96],[-12.162,19.554],[-12.744,19.572],[-13.124,19.616],[-13.379,19.739],[-13.582,19.898],[-13.557,20.068],[-13.538,20.198],[-13.459,20.365],[-13.238,20.824],[-13.097,21.212],[-12.436,21.221],[-12.003,21.477],[-11.465,21.626],[-10.751,21.75],[-10.257,21.9],[-10.046,21.75],[-10.266,21.653],[-10.61,21.565],[-11.095,21.433],[-11.368,21.283],[-11.377,21.009],[-11.704,20.762],[-12.127,20.533],[-12.076,20.303],[-12.074,20.295],[-11.854,19.96]]]}},{"type":"Feature","properties":{"id":"deserts-ne-1159103271-physical-areas-328","category":"deserts"},"geometry":{"type":"Polygon","coordinates":[[[7.095,28.894],[8.149,29.44],[8.969,29.793],[10.16,30.384],[12.065,30.878],[12.894,31.134],[13.194,31.019],[13.299,30.508],[14.102,30.04],[14.243,29.679],[13.829,29.37],[13.908,28.973],[13.934,28.603],[13.247,28.514],[12.982,28.453],[12.523,28.779],[11.897,28.92],[10.989,28.841],[9.922,28.647],[9.004,28.638],[8.855,28.709],[8.634,28.682],[7.858,28.462],[7.011,28.338],[6.456,28.294],[6.076,28.356],[6.2,28.55],[7.095,28.894]]]}},{"type":"Feature","properties":{"id":"deserts-ne-1730072077-physical-areas-329","category":"deserts"},"geometry":{"type":"Polygon","coordinates":[[[-3.193,28.581],[-2.972,28.431],[-2.329,28.514],[-1.641,28.373],[-1.464,28.228],[-1.367,28.078],[-2.743,27.006],[-2.999,27.236],[-3.656,27.544],[-4.269,27.509],[-4.555,27.5],[-4.763,27.509],[-5.027,27.619],[-5.032,27.752],[-4.427,28.135],[-4.145,28.263],[-3.775,28.581],[-3.193,28.581]]]}},{"type":"Feature","properties":{"id":"deserts-ne-1159103275-physical-areas-330","category":"deserts"},"geometry":{"type":"Polygon","coordinates":[[[140.931,-31.089],[140.805,-31.091],[140.684,-31.078],[140.599,-31.04],[140.548,-30.963],[140.512,-30.858],[140.422,-30.448],[140.351,-30.25],[140.261,-30.061],[140.153,-29.879],[140.098,-29.752],[140.078,-29.613],[140.084,-29.196],[140.105,-29.062],[140.15,-28.935],[140.224,-28.825],[140.256,-28.794],[140.327,-28.734],[140.358,-28.702],[140.361,-28.699],[140.44,-28.581],[140.472,-28.546],[140.536,-28.505],[140.596,-28.491],[140.66,-28.49],[141.125,-28.453],[141.527,-28.448],[141.929,-28.471],[142.319,-28.521],[142.562,-28.621],[142.792,-28.811],[142.984,-29.046],[143.109,-29.28],[143.142,-29.437],[143.145,-29.622],[143.132,-29.749],[143.125,-29.806],[143.088,-29.961],[143.042,-30.049],[142.982,-30.165],[142.822,-30.343],[142.63,-30.487],[142.424,-30.595],[142.223,-30.676],[142.021,-30.787],[141.875,-30.837],[141.57,-30.901],[141.435,-30.94],[141.17,-31.045],[141.03,-31.08],[140.931,-31.089]]]}},{"type":"Feature","properties":{"id":"deserts-ne-1159103279-physical-areas-331","category":"deserts"},"geometry":{"type":"Polygon","coordinates":[[[137.385,-26.896],[137.252,-26.919],[137.117,-26.908],[136.725,-26.812],[136.527,-26.749],[136.347,-26.653],[136.169,-26.494],[136.021,-26.292],[135.925,-26.074],[135.867,-25.84],[135.775,-24.948],[135.764,-24.837],[135.775,-24.579],[135.794,-24.445],[135.8,-24.421],[135.831,-24.295],[135.892,-24.156],[135.985,-24.054],[136.099,-24.0],[136.25,-23.951],[136.53,-23.882],[136.68,-23.858],[136.982,-23.834],[137.131,-23.81],[137.391,-23.73],[137.483,-23.716],[137.732,-23.719],[137.985,-23.76],[138.224,-23.845],[138.434,-23.977],[138.547,-24.086],[138.645,-24.209],[138.813,-24.482],[138.952,-25.197],[138.668,-25.86],[138.138,-26.42],[137.539,-26.827],[137.385,-26.896]]]}},{"type":"Feature","properties":{"id":"deserts-ne-1159103281-physical-areas-332","category":"deserts"},"geometry":{"type":"Polygon","coordinates":[[[131.823,-20.671],[131.481,-20.672],[131.329,-20.661],[130.911,-20.566],[130.742,-20.515],[130.621,-20.435],[130.529,-20.323],[130.306,-19.921],[130.261,-19.792],[130.253,-19.634],[130.278,-19.487],[130.321,-19.347],[130.428,-19.072],[130.475,-18.969],[130.53,-18.893],[130.602,-18.829],[130.695,-18.764],[130.829,-18.7],[130.967,-18.673],[131.599,-18.631],[131.718,-18.635],[132.001,-18.662],[132.285,-18.709],[132.557,-18.793],[132.806,-18.931],[132.862,-18.98],[132.902,-19.033],[132.93,-19.093],[133.046,-19.602],[133.061,-19.832],[133.03,-20.06],[132.944,-20.264],[132.792,-20.426],[132.49,-20.58],[132.163,-20.651],[131.823,-20.671]]]}},{"type":"Feature","properties":{"id":"deserts-ne-1159103283-physical-areas-333","category":"deserts"},"geometry":{"type":"Polygon","coordinates":[[[66.152,30.8],[66.106,30.481],[66.005,30.262],[65.954,30.152],[65.726,29.876],[65.455,29.717],[65.292,29.702],[65.15,29.737],[65.016,29.792],[64.876,29.839],[64.64,29.852],[64.399,29.81],[63.822,29.637],[63.717,29.618],[63.619,29.634],[63.529,29.707],[63.48,29.799],[63.46,29.904],[63.459,30.012],[63.47,30.115],[63.493,30.214],[63.531,30.299],[63.584,30.373],[63.653,30.433],[63.667,30.44],[63.747,30.481],[63.848,30.518],[63.876,30.531],[63.941,30.561],[64.01,30.626],[64.022,30.655],[64.025,30.667],[64.028,30.676],[64.036,30.677],[64.044,30.676],[64.052,30.677],[64.057,30.685],[64.063,30.7],[64.077,30.719],[64.097,30.772],[64.101,30.789],[64.103,30.806],[64.1,30.821],[64.104,30.825],[64.107,30.83],[64.108,30.837],[64.103,30.845],[64.096,30.854],[64.095,30.861],[64.098,30.867],[64.102,30.889],[64.107,30.902],[64.114,30.916],[64.124,30.927],[64.141,30.951],[64.165,31.011],[64.183,31.033],[64.165,31.069],[64.163,31.088],[64.172,31.105],[64.185,31.124],[64.187,31.141],[64.186,31.158],[64.189,31.177],[64.21,31.213],[64.224,31.231],[64.234,31.239],[64.271,31.3],[64.333,31.358],[64.36,31.392],[64.374,31.43],[64.377,31.444],[64.377,31.45],[64.367,31.465],[64.36,31.473],[64.354,31.476],[64.349,31.481],[64.347,31.496],[64.347,31.626],[64.35,31.648],[64.355,31.656],[64.358,31.662],[64.357,31.664],[64.359,31.666],[64.378,31.674],[64.398,31.689],[64.432,31.722],[64.559,31.811],[64.582,31.823],[64.625,31.834],[64.682,31.883],[64.736,31.909],[64.744,31.921],[64.75,31.938],[64.792,31.993],[64.849,32.103],[64.875,32.13],[64.935,32.17],[64.953,32.188],[64.966,32.208],[64.979,32.235],[65.0,32.102],[64.997,31.959],[65.025,31.822],[65.136,31.707],[65.204,31.677],[65.431,31.622],[65.541,31.579],[65.644,31.521],[65.741,31.452],[65.834,31.376],[65.958,31.255],[66.055,31.123],[66.121,30.974],[66.152,30.8]]]}},{"type":"Feature","properties":{"id":"deserts-ne-1159103285-physical-areas-334","category":"deserts"},"geometry":{"type":"Polygon","coordinates":[[[63.999,32.084],[64.276,32.08],[64.415,32.165],[64.579,32.29],[64.753,32.367],[64.926,32.312],[64.944,32.294],[64.958,32.275],[64.97,32.256],[64.979,32.235],[64.966,32.208],[64.953,32.188],[64.935,32.17],[64.875,32.13],[64.849,32.103],[64.792,31.993],[64.75,31.938],[64.744,31.921],[64.736,31.909],[64.682,31.883],[64.625,31.834],[64.582,31.823],[64.559,31.811],[64.432,31.722],[64.398,31.689],[64.378,31.674],[64.359,31.666],[64.357,31.664],[64.358,31.662],[64.355,31.656],[64.35,31.648],[64.347,31.626],[64.347,31.496],[64.349,31.481],[64.354,31.476],[64.36,31.473],[64.367,31.465],[64.377,31.45],[64.377,31.444],[64.374,31.43],[64.36,31.392],[64.333,31.358],[64.271,31.3],[64.234,31.239],[64.224,31.231],[64.21,31.213],[64.189,31.177],[64.186,31.158],[64.187,31.141],[64.185,31.124],[64.172,31.105],[64.163,31.088],[64.165,31.069],[64.183,31.033],[64.165,31.011],[64.141,30.951],[64.124,30.927],[64.114,30.916],[64.107,30.902],[64.102,30.889],[64.098,30.867],[64.095,30.861],[64.096,30.854],[64.103,30.845],[64.108,30.837],[64.107,30.83],[64.104,30.825],[64.1,30.821],[64.103,30.806],[64.101,30.789],[64.097,30.772],[64.077,30.719],[64.063,30.7],[64.057,30.685],[64.052,30.677],[64.044,30.676],[64.036,30.677],[64.028,30.676],[64.025,30.667],[64.022,30.655],[64.01,30.626],[63.98,30.577],[63.97,30.568],[63.954,30.558],[63.924,30.545],[63.911,30.536],[63.887,30.53],[63.876,30.531],[63.847,30.532],[63.808,30.539],[63.775,30.55],[63.675,30.565],[63.629,30.583],[63.606,30.588],[63.588,30.585],[63.535,30.566],[63.524,30.557],[63.515,30.544],[63.495,30.535],[63.456,30.525],[63.432,30.516],[63.415,30.507],[63.366,30.469],[63.352,30.46],[63.301,30.429],[63.271,30.403],[63.255,30.375],[63.233,30.368],[63.189,30.361],[63.17,30.346],[63.134,30.302],[63.117,30.293],[63.101,30.287],[63.063,30.263],[63.038,30.259],[63.028,30.262],[63.009,30.271],[62.996,30.273],[62.985,30.27],[62.959,30.259],[62.873,30.259],[62.855,30.255],[62.821,30.241],[62.782,30.235],[62.559,30.17],[62.474,30.166],[62.428,30.171],[62.215,30.231],[62.099,30.284],[62.052,30.293],[62.011,30.29],[61.996,30.293],[61.969,30.305],[61.932,30.31],[61.916,30.318],[61.904,30.329],[61.886,30.341],[61.861,30.352],[61.854,30.359],[61.811,30.433],[61.811,30.434],[61.814,30.469],[61.832,30.561],[61.818,30.68],[61.819,30.689],[61.824,30.711],[61.824,30.735],[61.819,30.739],[61.79,30.773],[61.798,30.78],[61.785,30.807],[61.783,30.814],[61.787,30.822],[61.794,30.827],[61.801,30.831],[61.804,30.834],[61.804,30.841],[61.802,30.848],[61.799,30.854],[61.798,30.855],[61.799,30.873],[61.802,30.88],[61.808,30.883],[61.804,30.951],[61.8,30.963],[61.792,30.975],[61.773,30.995],[61.746,31.013],[61.718,31.024],[61.661,31.07],[61.566,31.195],[61.513,31.251],[61.428,31.315],[61.339,31.373],[61.356,31.461],[61.369,31.551],[61.385,31.738],[61.517,31.956],[61.808,32.012],[62.149,32.012],[62.435,32.063],[62.798,32.281],[62.989,32.371],[63.194,32.411],[63.483,32.347],[63.743,32.205],[63.999,32.084]]]}},{"type":"Feature","properties":{"id":"deserts-ne-1159103287-physical-areas-335","category":"deserts"},"geometry":{"type":"Polygon","coordinates":[[[56.232,35.528],[56.248,35.523],[56.268,35.527],[56.287,35.529],[56.305,35.52],[56.328,35.504],[56.348,35.485],[56.356,35.47],[56.358,35.462],[56.368,35.449],[56.37,35.442],[56.368,35.409],[56.37,35.399],[56.394,35.363],[56.435,35.349],[56.481,35.342],[56.521,35.33],[56.554,35.306],[56.578,35.277],[56.617,35.199],[56.637,35.17],[56.747,35.07],[56.773,35.052],[56.795,35.03],[56.822,34.968],[56.841,34.942],[56.867,34.924],[56.899,34.919],[56.908,34.909],[56.9,34.885],[56.867,34.826],[56.862,34.807],[56.865,34.789],[56.879,34.769],[56.898,34.759],[56.946,34.744],[56.96,34.729],[56.96,34.712],[56.946,34.68],[56.943,34.664],[56.948,34.644],[56.968,34.613],[56.987,34.537],[56.987,34.514],[56.981,34.495],[56.972,34.473],[56.961,34.454],[56.949,34.446],[56.884,34.444],[56.863,34.439],[56.834,34.415],[56.814,34.382],[56.791,34.351],[56.753,34.336],[56.729,34.341],[56.71,34.354],[56.696,34.374],[56.687,34.396],[56.685,34.414],[56.687,34.427],[56.685,34.438],[56.672,34.452],[56.63,34.46],[56.584,34.441],[56.501,34.391],[56.443,34.373],[56.4,34.366],[56.381,34.355],[56.322,34.29],[56.312,34.271],[56.308,34.251],[56.301,34.237],[56.247,34.199],[56.236,34.184],[56.224,34.158],[56.22,34.134],[56.236,34.123],[56.261,34.116],[56.274,34.098],[56.275,34.075],[56.267,34.055],[56.22,33.99],[56.208,33.98],[56.19,33.975],[56.13,33.939],[56.099,33.909],[56.082,33.877],[56.046,33.748],[56.023,33.713],[55.99,33.689],[55.946,33.671],[55.908,33.648],[55.896,33.614],[55.893,33.573],[55.884,33.528],[55.862,33.487],[55.846,33.467],[55.832,33.459],[55.817,33.452],[55.802,33.421],[55.788,33.411],[55.77,33.412],[55.745,33.418],[55.722,33.429],[55.712,33.442],[55.702,33.451],[55.644,33.486],[55.607,33.535],[55.556,33.647],[55.524,33.699],[55.466,33.743],[55.401,33.759],[55.33,33.767],[55.26,33.788],[55.242,33.797],[55.227,33.81],[55.217,33.828],[55.213,33.853],[55.213,33.895],[55.211,33.909],[55.205,33.925],[55.214,33.991],[55.273,34.062],[55.401,34.175],[55.425,34.245],[55.353,34.27],[55.074,34.279],[54.92,34.234],[54.842,34.24],[54.803,34.254],[54.781,34.259],[54.756,34.261],[54.734,34.259],[54.693,34.25],[54.67,34.248],[54.61,34.25],[54.58,34.247],[54.552,34.239],[54.527,34.222],[54.477,34.155],[54.453,34.139],[54.433,34.141],[54.411,34.148],[54.381,34.148],[54.361,34.139],[54.125,33.973],[54.118,33.958],[54.128,33.939],[54.136,33.904],[54.134,33.879],[54.126,33.846],[54.114,33.817],[54.097,33.799],[54.07,33.8],[54.053,33.821],[54.041,33.848],[54.026,33.869],[54.012,33.859],[54.0,33.847],[53.991,33.832],[53.985,33.816],[53.977,33.773],[53.971,33.753],[53.958,33.74],[53.896,33.782],[53.854,33.821],[53.848,33.829],[53.826,33.872],[53.814,33.884],[53.787,33.894],[53.733,33.892],[53.708,33.907],[53.696,33.928],[53.684,33.975],[53.67,33.994],[53.637,33.965],[53.617,33.955],[53.609,33.963],[53.606,33.988],[53.598,34.003],[53.583,34.008],[53.561,34.001],[53.526,33.98],[53.511,33.966],[53.505,33.949],[53.496,33.931],[53.473,33.925],[53.423,33.925],[53.413,33.923],[53.392,33.913],[53.382,33.911],[53.37,33.913],[53.302,33.945],[53.273,33.971],[53.218,34.033],[53.192,34.049],[53.104,34.069],[53.039,34.099],[52.978,34.138],[52.919,34.19],[52.89,34.21],[52.848,34.227],[52.805,34.24],[52.782,34.25],[52.772,34.264],[52.778,34.286],[52.794,34.299],[52.876,34.336],[53.005,34.443],[53.032,34.476],[53.05,34.513],[53.053,34.635],[53.063,34.65],[53.085,34.646],[53.158,34.604],[53.176,34.591],[53.193,34.553],[53.214,34.544],[53.239,34.544],[53.26,34.548],[53.268,34.552],[53.283,34.564],[53.293,34.57],[53.329,34.582],[53.337,34.586],[53.355,34.593],[53.403,34.589],[53.423,34.59],[53.445,34.614],[53.459,34.696],[53.471,34.727],[53.535,34.775],[53.602,34.79],[53.753,34.793],[53.813,34.81],[53.837,34.811],[53.904,34.795],[53.93,34.794],[53.973,34.807],[54.084,34.886],[54.237,34.971],[54.517,35.051],[54.587,35.082],[54.652,35.122],[54.714,35.172],[54.776,35.211],[54.843,35.23],[55.041,35.235],[55.085,35.244],[55.244,35.308],[55.377,35.316],[55.395,35.323],[55.43,35.341],[55.548,35.357],[55.627,35.353],[55.647,35.36],[55.662,35.371],[55.696,35.387],[55.712,35.399],[55.73,35.436],[55.732,35.476],[55.739,35.511],[55.774,35.536],[55.837,35.546],[55.853,35.552],[55.911,35.611],[55.945,35.635],[55.981,35.647],[56.165,35.659],[56.206,35.654],[56.239,35.632],[56.25,35.609],[56.244,35.592],[56.232,35.575],[56.226,35.552],[56.232,35.528]]]}},{"type":"Feature","properties":{"id":"deserts-ne-1159103289-physical-areas-336","category":"deserts"},"geometry":{"type":"Polygon","coordinates":[[[43.827,28.915],[44.157,28.535],[44.335,28.355],[44.66,28.123],[44.774,27.978],[44.783,27.775],[44.742,27.677],[44.685,27.643],[44.607,27.647],[44.501,27.659],[43.943,27.691],[43.764,27.73],[43.562,27.818],[42.972,28.178],[42.519,28.392],[42.033,28.585],[41.533,28.73],[41.037,28.8],[40.281,28.789],[39.895,28.852],[39.618,29.047],[39.565,29.223],[39.572,29.461],[39.631,29.693],[39.739,29.851],[39.862,29.905],[40.009,29.919],[40.827,29.908],[41.365,29.866],[41.729,29.811],[42.089,29.733],[43.069,29.417],[43.37,29.276],[43.644,29.09],[43.827,28.915]]]}},{"type":"Feature","properties":{"id":"deserts-ne-1730072117-physical-areas-337","category":"deserts"},"geometry":{"type":"Polygon","coordinates":[[[-103.261,29.021],[-103.303,29.004],[-103.543,29.133],[-103.586,29.156],[-103.772,29.231],[-104.043,29.341],[-104.08,29.355],[-104.456,29.615],[-104.507,29.691],[-104.587,29.812],[-104.639,29.889],[-104.65,29.952],[-104.704,30.234],[-104.555,30.569],[-104.414,30.763],[-104.184,31.046],[-103.779,31.116],[-103.408,31.028],[-103.126,30.887],[-102.95,30.622],[-102.685,30.005],[-102.667,29.742],[-102.678,29.72],[-102.9,29.277],[-103.025,29.117],[-103.099,29.087],[-103.261,29.021]]]}},{"type":"Feature","properties":{"id":"ranges-ne-1159103521-physical-areas-407","category":"ranges"},"geometry":{"type":"Polygon","coordinates":[[[-9.578,28.567],[-10.434,28.4],[-10.61,28.409],[-10.83,28.594],[-10.601,28.964],[-10.589,28.974],[-10.543,29.012],[-9.878,29.555],[-9.199,30.146],[-8.582,30.525],[-8.255,30.719],[-7.682,30.931],[-7.25,31.09],[-6.527,31.196],[-5.945,31.319],[-5.557,31.443],[-5.16,31.601],[-4.613,31.698],[-4.313,31.531],[-4.542,31.301],[-4.913,30.86],[-5.213,30.428],[-5.415,30.164],[-6.156,30.014],[-6.624,30.014],[-6.95,29.917],[-7.585,29.767],[-8.114,29.511],[-8.273,29.167],[-8.634,29.035],[-9.155,28.797],[-9.578,28.567]]]}},{"type":"Feature","properties":{"id":"ranges-ne-1730072577-physical-areas-408","category":"ranges"},"geometry":{"type":"Polygon","coordinates":[[[27.464,-17.205],[26.996,-17.735],[26.652,-17.717],[26.934,-17.117],[27.711,-16.121],[28.055,-15.627],[28.54,-15.274],[28.495,-15.027],[28.617,-14.868],[28.945,-14.436],[29.598,-14.092],[30.039,-13.836],[30.506,-13.228],[30.93,-12.725],[31.071,-12.487],[31.256,-12.117],[31.635,-11.755],[32.014,-11.385],[32.402,-10.909],[32.537,-10.909],[32.623,-10.909],[32.702,-11.076],[32.235,-11.94],[31.741,-12.787],[31.159,-13.704],[30.762,-14.172],[30.418,-14.657],[30.268,-15.168],[29.66,-15.565],[28.936,-15.847],[28.769,-16.121],[28.522,-16.385],[27.94,-16.526],[27.464,-17.205]]]}},{"type":"Feature","properties":{"id":"ranges-ne-1730072581-physical-areas-409","category":"ranges"},"geometry":{"type":"MultiPolygon","coordinates":[[[[-50.007,-29.761],[-50.033,-29.801],[-50.073,-29.894],[-50.28,-29.764],[-50.239,-28.964],[-50.227,-28.732],[-50.194,-28.678],[-49.975,-28.308],[-49.81,-28.031],[-49.615,-27.704],[-49.637,-27.685],[-50.2,-27.198],[-50.015,-26.589],[-49.911,-26.54],[-49.565,-26.378],[-49.222,-25.452],[-49.779,-25.127],[-49.789,-25.121],[-49.77,-25.109],[-49.119,-24.699],[-48.776,-24.64],[-48.25,-24.55],[-47.934,-24.64],[-47.728,-24.699],[-47.888,-24.998],[-47.914,-25.0],[-47.989,-25.036],[-47.959,-25.065],[-47.925,-25.067],[-47.927,-25.072],[-48.187,-25.311],[-48.186,-25.31],[-48.273,-25.306],[-48.402,-25.272],[-48.458,-25.311],[-48.428,-25.403],[-48.476,-25.443],[-48.564,-25.447],[-48.644,-25.437],[-48.732,-25.369],[-48.692,-25.492],[-48.507,-25.521],[-48.43,-25.55],[-48.401,-25.597],[-48.545,-25.816],[-48.666,-25.844],[-48.679,-25.875],[-48.613,-25.875],[-48.576,-25.935],[-48.619,-26.179],[-48.679,-26.226],[-48.714,-26.227],[-48.748,-26.269],[-48.701,-26.348],[-48.652,-26.406],[-48.658,-26.519],[-48.677,-26.612],[-48.678,-26.703],[-48.616,-26.878],[-48.593,-27.058],[-48.568,-27.123],[-48.554,-27.196],[-48.596,-27.264],[-48.572,-27.373],[-48.643,-27.558],[-48.612,-27.782],[-48.655,-28.221],[-48.693,-28.31],[-48.797,-28.443],[-48.798,-28.459],[-49.592,-28.838],[-50.007,-29.761]]],[[[-48.597,-26.313],[-48.592,-26.406],[-48.603,-26.414],[-48.666,-26.29],[-48.557,-26.187],[-48.597,-26.313]]]]}},{"type":"Feature","properties":{"id":"ranges-ne-1159103527-physical-areas-410","category":"ranges"},"geometry":{"type":"Polygon","coordinates":[[[-50.196,-23.174],[-49.713,-24.054],[-49.169,-24.155],[-49.38,-24.34],[-49.77,-25.109],[-49.779,-25.127],[-49.814,-25.196],[-49.354,-25.399],[-49.565,-26.378],[-49.909,-26.536],[-49.911,-26.54],[-50.2,-27.198],[-49.618,-27.648],[-49.637,-27.685],[-49.81,-28.031],[-49.909,-28.23],[-49.975,-28.308],[-50.174,-28.547],[-50.194,-28.678],[-50.239,-28.964],[-50.359,-29.738],[-51.283,-29.54],[-51.887,-29.506],[-52.433,-29.709],[-52.629,-29.782],[-53.527,-29.817],[-53.942,-29.524],[-54.113,-29.403],[-53.009,-28.523],[-53.544,-27.97],[-53.665,-27.487],[-52.992,-27.021],[-53.043,-26.262],[-53.544,-25.814],[-53.923,-24.657],[-53.458,-23.743],[-52.888,-23.174],[-52.336,-23.191],[-51.974,-23.191],[-51.301,-23.605],[-50.196,-23.174]]]}},{"type":"Feature","properties":{"id":"ranges-ne-1159103531-physical-areas-411","category":"ranges"},"geometry":{"type":"Polygon","coordinates":[[[-49.345,-24.64],[-49.31,-24.323],[-47.405,-23.511],[-46.452,-22.594],[-45.182,-21.783],[-44.23,-21.465],[-43.295,-21.06],[-41.345,-21.36],[-41.232,-21.377],[-41.231,-21.377],[-41.496,-21.906],[-41.61,-21.983],[-42.043,-22.277],[-42.572,-22.559],[-43.018,-22.606],[-43.242,-22.629],[-43.806,-22.841],[-44.204,-23.009],[-44.368,-23.005],[-44.637,-23.055],[-44.681,-23.107],[-44.674,-23.207],[-44.672,-23.207],[-44.724,-23.229],[-45.429,-23.582],[-46.593,-23.899],[-47.581,-24.64],[-47.934,-24.64],[-48.776,-24.64],[-49.345,-24.64]]]}},{"type":"Feature","properties":{"id":"ranges-ne-1730072595-physical-areas-412","category":"ranges"},"geometry":{"type":"Polygon","coordinates":[[[-62.927,6.969],[-61.692,6.792],[-60.74,7.074],[-60.034,7.11],[-59.646,6.581],[-59.187,6.298],[-58.835,6.228],[-58.517,5.734],[-58.482,5.028],[-58.376,4.746],[-58.482,4.323],[-58.694,4.146],[-59.608,3.808],[-59.646,3.794],[-60.457,3.97],[-61.128,3.794],[-62.045,3.229],[-63.491,3.511],[-64.02,3.123],[-64.127,3.055],[-64.62,2.735],[-65.39,3.115],[-66.372,3.209],[-66.896,3.882],[-67.609,4.218],[-67.797,5.173],[-67.512,5.769],[-67.374,6.154],[-67.031,7.11],[-66.452,7.567],[-66.124,7.697],[-65.748,7.846],[-65.739,7.85],[-65.726,7.846],[-64.303,7.427],[-63.703,7.039],[-62.927,6.969]]]}},{"type":"Feature","properties":{"id":"ranges-ne-1159103533-physical-areas-413","category":"ranges"},"geometry":{"type":"Polygon","coordinates":[[[-92.247,17.751],[-91.852,17.643],[-91.612,17.481],[-91.48,17.395],[-91.352,17.244],[-91.252,17.11],[-91.119,16.977],[-90.919,16.83],[-90.936,16.611],[-91.019,16.244],[-91.002,15.795],[-91.26,15.286],[-91.522,15.158],[-91.951,14.962],[-92.119,15.146],[-92.501,15.195],[-92.868,15.528],[-93.317,15.845],[-93.767,16.161],[-94.333,16.461],[-94.529,16.584],[-94.757,16.788],[-94.458,17.257],[-94.252,17.518],[-93.909,17.671],[-93.218,17.66],[-92.718,17.65],[-92.247,17.751]]]}},{"type":"Feature","properties":{"id":"ranges-ne-1159103535-physical-areas-414","category":"ranges"},"geometry":{"type":"Polygon","coordinates":[[[-129.903,63.359],[-129.67,63.163],[-129.618,63.053],[-129.484,62.946],[-129.227,62.838],[-128.938,62.771],[-128.659,62.659],[-128.378,62.55],[-128.207,62.502],[-127.908,62.569],[-127.806,62.557],[-127.471,62.354],[-127.303,62.2],[-127.116,62.12],[-126.846,62.051],[-126.454,62.048],[-126.073,61.932],[-125.64,61.79],[-125.201,61.673],[-124.812,61.549],[-124.514,61.457],[-124.179,61.49],[-123.697,61.411],[-123.447,61.183],[-123.426,61.051],[-123.426,61.049],[-123.427,61.047],[-123.558,60.827],[-123.528,60.749],[-123.46,60.577],[-123.528,60.511],[-123.684,60.36],[-123.723,60.179],[-123.728,60.158],[-123.964,59.856],[-123.988,59.839],[-124.133,59.742],[-124.304,59.842],[-124.529,59.908],[-124.692,59.793],[-124.809,59.646],[-125.008,59.507],[-125.387,59.458],[-125.621,59.552],[-125.881,59.615],[-126.18,59.603],[-126.528,59.756],[-126.825,59.802],[-127.066,59.787],[-127.516,59.92],[-127.448,60.024],[-127.714,60.158],[-128.005,60.049],[-128.28,60.021],[-128.565,60.139],[-128.951,60.295],[-129.163,60.43],[-129.165,60.432],[-129.163,60.632],[-129.161,60.785],[-129.231,61.009],[-129.231,61.049],[-129.231,61.208],[-129.21,61.293],[-129.179,61.42],[-129.478,61.72],[-129.761,61.984],[-130.131,62.196],[-130.502,62.214],[-130.903,62.203],[-131.143,62.068],[-131.235,61.927],[-131.667,61.936],[-132.075,62.039],[-132.398,62.205],[-132.653,62.461],[-132.706,62.69],[-132.618,62.866],[-132.452,63.052],[-132.742,63.131],[-133.077,63.272],[-133.482,63.272],[-133.616,63.241],[-133.782,63.201],[-134.047,63.237],[-134.206,63.342],[-134.206,63.501],[-134.139,63.572],[-133.972,63.752],[-133.807,63.809],[-133.482,64.101],[-133.236,64.188],[-132.601,64.217],[-132.353,64.225],[-131.89,64.263],[-131.798,64.534],[-131.417,64.592],[-131.147,64.587],[-130.919,64.359],[-130.776,64.211],[-130.58,64.084],[-130.348,63.994],[-130.152,63.856],[-129.887,63.724],[-129.924,63.528],[-130.083,63.428],[-129.903,63.359]]]}},{"type":"Feature","properties":{"id":"ranges-ne-1159103537-physical-areas-415","category":"ranges"},"geometry":{"type":"Polygon","coordinates":[[[-115.288,48.473],[-115.394,48.235],[-115.692,47.943],[-115.964,48.088],[-115.984,48.099],[-116.122,48.126],[-116.263,48.155],[-116.306,48.181],[-116.507,48.304],[-116.508,48.305],[-116.513,48.308],[-116.518,48.286],[-116.571,48.045],[-116.699,47.917],[-116.849,47.803],[-116.911,47.794],[-117.105,47.767],[-117.325,47.811],[-118.093,47.917],[-118.572,47.926],[-118.968,48.006],[-119.162,48.134],[-119.504,48.071],[-119.703,48.076],[-119.779,48.08],[-119.798,48.081],[-119.715,48.337],[-119.68,48.446],[-119.601,48.737],[-119.654,49.214],[-119.698,49.633],[-119.707,49.716],[-119.689,49.736],[-119.442,50.008],[-119.378,50.347],[-119.363,50.431],[-119.257,50.907],[-119.29,50.976],[-119.574,51.569],[-120.024,52.045],[-120.474,52.098],[-121.135,52.468],[-121.664,52.918],[-121.876,53.447],[-122.405,54.029],[-122.994,54.499],[-123.728,55.035],[-123.873,55.564],[-123.674,55.752],[-123.581,55.84],[-123.197,55.486],[-123.181,55.474],[-122.602,55.059],[-122.517,54.998],[-121.797,54.4],[-121.268,54.082],[-120.606,53.808],[-119.687,53.075],[-119.254,52.868],[-118.833,52.496],[-118.515,52.222],[-118.133,51.989],[-117.747,51.84],[-117.366,51.52],[-116.924,51.249],[-116.388,50.914],[-116.061,50.572],[-115.86,50.277],[-115.764,49.928],[-115.579,49.664],[-115.182,49.267],[-115.235,48.817],[-115.288,48.473]]]}},{"type":"Feature","properties":{"id":"ranges-ne-1730072611-physical-areas-416","category":"ranges"},"geometry":{"type":"MultiPolygon","coordinates":[[[[-63.773,59.498],[-63.85,59.448],[-63.971,59.409],[-63.945,59.38],[-63.781,59.349],[-63.759,59.319],[-63.776,59.277],[-63.752,59.277],[-63.638,59.341],[-63.54,59.333],[-63.415,59.194],[-63.506,59.115],[-63.646,59.079],[-63.756,59.063],[-63.91,59.066],[-63.971,59.054],[-63.941,59.027],[-63.794,59.027],[-63.568,59.047],[-63.399,59.08],[-63.326,59.082],[-63.293,59.076],[-63.291,59.075],[-63.275,59.042],[-63.304,59.034],[-63.31,59.026],[-63.279,59.003],[-63.216,58.928],[-63.222,58.911],[-63.282,58.867],[-63.185,58.858],[-63.054,58.878],[-63.033,58.869],[-63.008,58.855],[-62.926,58.765],[-62.916,58.746],[-62.929,58.646],[-62.93,58.642],[-63.102,58.546],[-63.181,58.528],[-63.449,58.506],[-63.524,58.479],[-63.836,58.507],[-63.857,58.544],[-64.032,58.522],[-64.09,58.623],[-64.211,58.804],[-64.302,58.882],[-64.496,58.89],[-64.757,58.93],[-64.815,59.041],[-64.704,59.067],[-64.473,59.159],[-64.524,59.385],[-64.524,59.496],[-64.757,59.475],[-64.81,59.639],[-64.778,59.964],[-64.736,59.999],[-64.736,59.999],[-64.733,59.998],[-64.559,60.043],[-64.408,60.065],[-64.288,60.064],[-64.278,60.049],[-64.215,60.002],[-64.183,59.973],[-64.169,59.847],[-64.226,59.741],[-64.151,59.794],[-64.058,59.822],[-64.048,59.815],[-63.979,59.754],[-63.969,59.698],[-63.929,59.645],[-63.841,59.574],[-63.825,59.563],[-63.773,59.498]]],[[[-64.72,60.179],[-64.864,60.298],[-64.864,60.299],[-64.845,60.308],[-64.817,60.331],[-64.706,60.336],[-64.499,60.268],[-64.436,60.228],[-64.42,60.171],[-64.528,60.095],[-64.713,60.037],[-64.733,60.028],[-64.72,60.179]]],[[[-64.807,60.488],[-64.66,60.486],[-64.54,60.427],[-64.455,60.316],[-64.444,60.298],[-64.558,60.323],[-64.738,60.376],[-64.809,60.41],[-64.823,60.433],[-64.807,60.488]]]]}},{"type":"Feature","properties":{"id":"ranges-ne-1730072617-physical-areas-417","category":"ranges"},"geometry":{"type":"Polygon","coordinates":[[[142.668,-4.446],[142.75,-4.466],[143.302,-4.548],[143.27,-4.533],[144.291,-4.844],[144.476,-4.943],[144.639,-5.083],[144.793,-5.237],[144.951,-5.379],[145.026,-5.429],[145.179,-5.52],[145.253,-5.573],[145.368,-5.69],[145.407,-5.722],[145.553,-5.816],[145.999,-6.064],[146.243,-6.266],[146.439,-6.513],[146.856,-7.227],[146.908,-7.305],[146.966,-7.375],[147.035,-7.441],[147.182,-7.564],[147.249,-7.631],[147.308,-7.709],[147.412,-7.875],[147.469,-7.951],[147.515,-8.0],[147.532,-8.023],[147.553,-8.059],[147.568,-8.095],[147.592,-8.17],[147.606,-8.206],[147.65,-8.283],[147.706,-8.381],[147.826,-8.548],[147.959,-8.705],[148.26,-9.002],[148.299,-9.04],[148.389,-9.129],[148.547,-9.258],[148.718,-9.37],[148.834,-9.415],[148.893,-9.431],[148.955,-9.447],[149.063,-9.497],[149.137,-9.589],[149.141,-9.594],[149.165,-9.723],[149.12,-9.815],[149.025,-9.867],[148.898,-9.877],[148.699,-9.854],[148.511,-9.815],[148.328,-9.749],[148.146,-9.645],[148.115,-9.619],[148.093,-9.595],[148.067,-9.574],[148.025,-9.558],[147.983,-9.554],[147.927,-9.558],[147.896,-9.561],[147.853,-9.552],[147.836,-9.541],[147.806,-9.505],[147.791,-9.49],[147.677,-9.409],[147.619,-9.369],[147.54,-9.301],[147.47,-9.225],[147.236,-8.904],[147.127,-8.755],[146.979,-8.553],[146.866,-8.421],[146.8,-8.342],[146.418,-7.948],[146.285,-7.848],[145.233,-7.222],[144.983,-7.053],[144.855,-6.983],[144.606,-6.893],[143.82,-6.683],[143.698,-6.633],[143.359,-6.435],[143.235,-6.377],[142.978,-6.275],[141.155,-5.384],[140.5,-4.984],[140.477,-4.969],[140.36,-4.922],[140.233,-4.897],[140.104,-4.878],[139.98,-4.85],[139.677,-4.734],[139.571,-4.712],[139.439,-4.698],[139.309,-4.677],[138.926,-4.58],[138.601,-4.498],[138.456,-4.47],[138.31,-4.461],[138.189,-4.461],[138.014,-4.462],[137.822,-4.451],[136.433,-4.28],[135.775,-4.199],[135.591,-4.16],[135.491,-4.088],[135.46,-4.066],[135.444,-3.883],[135.474,-3.814],[135.519,-3.766],[135.631,-3.685],[136.276,-3.087],[136.397,-3.0],[136.487,-2.956],[136.526,-2.937],[136.644,-2.926],[136.753,-2.968],[136.955,-3.092],[136.98,-3.103],[137.064,-3.139],[137.163,-3.161],[137.264,-3.171],[137.884,-3.173],[138.816,-3.244],[138.873,-3.245],[139.012,-3.254],[139.127,-3.288],[139.828,-3.647],[140.047,-3.739],[140.516,-3.858],[140.538,-3.865],[141.142,-4.075],[141.921,-4.271],[142.311,-4.339],[142.507,-4.392],[142.668,-4.446]]]}},{"type":"Feature","properties":{"id":"ranges-ne-1159103543-physical-areas-418","category":"ranges"},"geometry":{"type":"Polygon","coordinates":[[[103.47,45.9],[103.043,45.688],[102.584,45.584],[101.985,45.659],[101.349,45.738],[101.029,45.705],[100.721,45.739],[99.364,46.139],[99.086,46.286],[98.955,46.32],[98.553,46.506],[96.66,46.864],[96.56,46.911],[96.474,46.969],[96.432,47.011],[96.406,47.052],[96.362,47.22],[96.341,47.264],[96.305,47.309],[96.253,47.352],[95.936,47.499],[95.883,47.54],[95.84,47.595],[95.812,47.671],[95.794,47.864],[95.804,47.947],[95.843,48.054],[95.908,48.149],[95.993,48.234],[96.201,48.373],[97.114,48.751],[97.55,48.791],[98.86,48.707],[100.454,48.211],[100.76,48.053],[101.792,47.749],[102.608,47.509],[103.48,46.994],[103.607,46.879],[103.709,46.75],[103.776,46.604],[103.8,46.476],[103.798,46.358],[103.77,46.249],[103.72,46.148],[103.652,46.057],[103.47,45.9]]]}},{"type":"Feature","properties":{"id":"ranges-ne-1159103545-physical-areas-419","category":"ranges"},"geometry":{"type":"Polygon","coordinates":[[[129.683,41.589],[129.684,41.547],[129.684,41.547],[129.682,41.494],[129.733,41.426],[129.752,41.384],[129.759,41.34],[129.756,41.285],[129.742,41.248],[129.649,41.105],[129.628,41.059],[129.627,41.018],[129.653,40.988],[129.715,40.97],[129.708,40.931],[129.687,40.894],[129.657,40.86],[129.603,40.819],[129.341,40.726],[129.245,40.661],[129.213,40.621],[128.947,40.428],[128.945,40.428],[128.843,40.358],[128.701,40.318],[128.611,40.198],[128.511,40.13],[128.393,40.089],[128.304,40.036],[128.106,40.033],[127.967,39.996],[127.867,39.896],[127.568,39.782],[127.527,39.696],[127.547,39.563],[127.549,39.485],[127.507,39.464],[127.18,39.578],[127.123,39.611],[127.08,39.653],[127.057,39.708],[127.052,39.754],[127.056,39.79],[127.082,39.87],[127.081,39.898],[127.068,39.931],[127.016,40.002],[126.607,40.398],[126.559,40.473],[126.532,40.56],[126.521,40.984],[126.52,41.038],[126.527,41.065],[126.535,41.082],[126.544,41.094],[126.602,41.134],[126.62,41.154],[126.668,41.188],[126.675,41.195],[126.683,41.207],[126.686,41.221],[126.683,41.276],[126.685,41.289],[126.691,41.3],[126.719,41.328],[126.752,41.35],[127.067,41.435],[127.129,41.471],[127.272,41.606],[127.3,41.619],[127.329,41.622],[127.462,41.603],[127.761,41.661],[127.808,41.683],[127.85,41.712],[127.888,41.751],[127.936,41.824],[128.105,42.24],[128.154,42.31],[128.218,42.367],[128.924,42.678],[130.032,42.885],[130.099,42.877],[130.161,42.857],[130.215,42.823],[130.281,42.747],[130.439,42.658],[130.465,42.637],[130.558,42.476],[130.568,42.443],[130.57,42.411],[130.563,42.38],[130.543,42.348],[130.513,42.321],[130.469,42.301],[130.458,42.302],[130.418,42.277],[130.249,42.201],[130.096,42.059],[130.068,42.046],[130.007,41.991],[129.95,41.922],[129.846,41.826],[129.774,41.726],[129.756,41.712],[129.717,41.647],[129.689,41.607],[129.683,41.589]]]}},{"type":"Feature","properties":{"id":"ranges-ne-1159103549-physical-areas-420","category":"ranges"},"geometry":{"type":"Polygon","coordinates":[[[157.228,53.359],[157.078,53.358],[156.955,53.509],[156.899,53.742],[156.891,54.017],[156.926,54.29],[156.999,54.517],[157.385,55.244],[157.499,55.493],[157.549,55.653],[157.576,55.704],[157.617,55.756],[158.115,56.278],[160.273,58.183],[161.37,59.45],[161.481,59.599],[161.605,59.734],[161.761,59.824],[161.805,59.836],[161.903,59.854],[162.318,59.968],[162.499,60.04],[162.662,60.131],[163.157,60.467],[163.419,60.61],[163.697,60.715],[163.833,60.721],[163.938,60.668],[163.995,60.566],[163.988,60.429],[163.92,60.308],[163.816,60.214],[163.698,60.13],[163.592,60.041],[163.262,59.72],[163.087,59.578],[162.895,59.448],[162.794,59.393],[162.765,59.374],[162.737,59.347],[162.697,59.293],[162.672,59.267],[162.348,59.002],[162.245,58.906],[161.912,58.524],[161.275,57.885],[160.542,56.963],[160.37,56.781],[160.292,56.683],[160.182,56.527],[160.12,56.455],[160.047,56.391],[159.884,56.287],[159.784,56.209],[159.513,55.948],[159.434,55.883],[159.348,55.83],[159.161,55.741],[159.059,55.682],[158.97,55.607],[158.557,55.143],[158.047,54.378],[157.939,54.235],[157.828,54.116],[157.489,53.606],[157.375,53.459],[157.228,53.359]]]}},{"type":"Feature","properties":{"id":"ranges-ne-1159103551-physical-areas-421","category":"ranges"},"geometry":{"type":"Polygon","coordinates":[[[166.148,60.616],[165.845,60.597],[165.552,60.64],[165.297,60.776],[165.198,60.888],[165.126,61.031],[165.098,61.186],[165.134,61.333],[165.214,61.42],[165.324,61.476],[165.559,61.547],[165.83,61.666],[166.167,61.779],[169.75,62.977],[170.518,63.147],[172.849,63.431],[173.681,63.467],[173.777,63.479],[174.058,63.55],[174.149,63.564],[174.542,63.583],[174.762,63.614],[175.187,63.64],[176.415,63.638],[176.799,63.597],[177.092,63.468],[177.108,63.196],[177.004,63.106],[176.845,63.058],[176.165,62.977],[174.936,62.756],[174.609,62.668],[174.183,62.592],[170.02,61.543],[169.334,61.425],[168.921,61.296],[166.433,60.665],[166.305,60.643],[166.148,60.616]]]}},{"type":"Feature","properties":{"id":"ranges-ne-1159103553-physical-areas-422","category":"ranges"},"geometry":{"type":"Polygon","coordinates":[[[155.198,60.751],[154.805,60.714],[154.707,60.73],[154.61,60.767],[154.528,60.827],[154.476,60.912],[154.467,61.025],[154.495,61.151],[154.553,61.269],[154.63,61.354],[154.673,61.381],[154.811,61.455],[154.909,61.524],[155.087,61.679],[155.191,61.741],[155.53,61.904],[155.824,62.095],[156.314,62.321],[156.64,62.443],[158.214,63.134],[158.443,63.257],[158.62,63.375],[158.655,63.394],[159.626,63.729],[160.547,63.991],[160.948,64.149],[161.11,64.201],[161.582,64.319],[161.699,64.368],[161.809,64.431],[161.988,64.547],[162.044,64.573],[162.102,64.595],[162.739,64.774],[162.922,64.838],[162.982,64.868],[163.084,64.934],[163.142,64.964],[163.243,65.001],[163.338,65.022],[163.435,65.032],[163.651,65.042],[163.868,65.066],[163.979,65.071],[164.114,65.063],[164.217,65.032],[164.306,64.971],[164.398,64.873],[164.467,64.769],[164.511,64.653],[164.521,64.53],[164.488,64.406],[164.413,64.305],[164.309,64.228],[164.194,64.168],[163.984,64.076],[163.879,64.039],[163.224,63.856],[162.96,63.737],[162.82,63.693],[162.402,63.585],[162.141,63.489],[161.095,63.204],[158.721,62.396],[157.341,61.834],[157.216,61.795],[156.961,61.732],[156.834,61.687],[156.755,61.645],[155.555,60.888],[155.198,60.751]]]}},{"type":"Feature","properties":{"id":"ranges-ne-1159103555-physical-areas-423","category":"ranges"},"geometry":{"type":"Polygon","coordinates":[[[146.728,64.083],[146.569,64.078],[146.519,64.082],[146.46,64.097],[146.415,64.121],[146.375,64.147],[146.334,64.166],[146.061,64.224],[145.968,64.255],[145.241,64.57],[145.069,64.66],[144.984,64.693],[144.861,64.715],[144.599,64.729],[144.473,64.743],[142.554,65.202],[142.171,65.335],[141.535,65.492],[141.472,65.517],[141.357,65.574],[141.301,65.593],[141.024,65.645],[139.618,66.057],[139.217,66.248],[138.205,66.851],[138.009,66.995],[137.829,67.153],[137.493,67.502],[137.452,67.556],[137.375,67.674],[137.328,67.729],[137.298,67.756],[137.201,67.834],[137.176,67.861],[137.031,68.099],[136.936,68.397],[136.968,68.667],[137.204,68.821],[137.317,68.833],[137.441,68.834],[137.68,68.82],[138.061,68.765],[138.312,68.698],[138.512,68.587],[139.68,67.694],[140.014,67.38],[140.19,67.253],[140.461,67.111],[142.526,66.338],[142.666,66.297],[142.904,66.249],[142.982,66.226],[143.285,66.16],[143.925,66.088],[144.239,66.002],[144.551,65.897],[145.581,65.67],[146.034,65.538],[146.5,65.315],[146.866,64.992],[147.02,64.56],[147.023,64.365],[146.999,64.22],[146.913,64.125],[146.728,64.083]]]}},{"type":"Feature","properties":{"id":"ranges-ne-1159103557-physical-areas-424","category":"ranges"},"geometry":{"type":"Polygon","coordinates":[[[93.563,21.491],[93.491,21.406],[93.517,21.446],[92.984,21.374],[92.948,21.38],[92.912,21.393],[92.709,21.541],[92.632,21.63],[92.607,21.68],[92.59,21.736],[92.578,22.063],[92.567,22.12],[92.419,22.381],[92.397,22.476],[92.4,22.562],[92.422,22.643],[92.563,22.961],[92.578,23.053],[92.567,23.176],[92.57,23.187],[92.577,23.196],[92.612,23.234],[92.618,23.245],[92.619,23.258],[92.607,23.308],[92.581,23.357],[92.335,23.624],[92.287,23.725],[92.29,23.798],[92.331,23.844],[92.4,23.867],[92.486,23.869],[92.579,23.852],[92.669,23.819],[93.31,23.263],[93.662,22.841],[93.746,22.687],[93.77,22.61],[93.775,22.513],[93.675,22.131],[93.639,21.682],[93.612,21.581],[93.563,21.491]]]}},{"type":"Feature","properties":{"id":"ranges-ne-1730072653-physical-areas-425","category":"ranges"},"geometry":{"type":"Polygon","coordinates":[[[111.557,41.682],[111.703,41.235],[111.707,41.223],[111.632,41.179],[111.434,41.061],[111.204,40.923],[110.816,40.835],[107.35,41.34],[107.183,41.364],[107.006,41.188],[106.548,41.047],[106.159,41.223],[105.701,41.541],[106.018,42.141],[106.564,42.326],[107.683,42.404],[111.098,41.964],[111.557,41.682]]]}},{"type":"Feature","properties":{"id":"ranges-ne-1730072659-physical-areas-426","category":"ranges"},"geometry":{"type":"Polygon","coordinates":[[[95.779,51.631],[95.747,51.591],[95.706,51.56],[95.653,51.536],[95.488,51.501],[95.308,51.489],[94.645,51.627],[92.09,51.508],[91.409,51.344],[91.068,51.337],[91.003,51.354],[90.948,51.386],[90.904,51.43],[90.872,51.485],[90.852,51.548],[90.852,51.548],[90.845,51.617],[90.853,51.689],[90.874,51.762],[90.939,51.863],[90.978,51.925],[90.991,51.958],[91.0,51.999],[90.969,52.423],[90.97,52.433],[90.985,52.574],[91.03,52.722],[91.058,52.77],[91.066,52.783],[91.111,52.829],[91.167,52.855],[91.199,52.937],[93.999,53.131],[95.182,53.214],[95.469,53.163],[95.595,53.111],[95.703,53.036],[95.829,52.895],[95.881,52.809],[95.899,52.766],[95.91,52.724],[95.901,52.504],[95.913,52.427],[95.941,52.365],[96.016,52.193],[96.026,52.153],[96.029,52.114],[96.023,52.071],[96.01,52.031],[95.779,51.631]]]}},{"type":"Feature","properties":{"id":"ranges-ne-1730072663-physical-areas-427","category":"ranges"},"geometry":{"type":"Polygon","coordinates":[[[90.999,49.847],[90.962,49.159],[90.355,49.249],[90.203,49.412],[90.117,49.495],[90.105,49.511],[90.095,49.531],[89.923,49.624],[89.812,49.628],[89.697,49.662],[89.011,50.061],[88.72,50.159],[88.666,50.177],[88.61,50.209],[88.571,50.244],[88.544,50.283],[88.529,50.327],[88.521,50.527],[88.521,50.551],[88.536,50.661],[88.539,50.671],[88.596,50.855],[88.603,50.907],[88.602,50.961],[88.567,51.111],[88.396,51.53],[88.368,51.823],[88.549,53.074],[88.637,53.259],[88.763,53.416],[88.886,53.503],[89.029,53.557],[89.675,53.666],[89.826,53.72],[89.961,53.805],[90.177,54.077],[90.219,54.115],[90.267,54.143],[90.309,54.158],[90.408,54.17],[90.77,54.142],[90.864,54.108],[90.944,54.058],[91.011,53.993],[91.066,53.916],[91.18,53.629],[91.189,53.559],[91.183,53.494],[91.068,53.176],[91.058,52.77],[91.058,52.757],[90.97,52.433],[90.958,52.391],[90.939,51.863],[90.933,51.7],[90.899,51.623],[90.852,51.548],[90.544,51.051],[90.53,51.004],[90.527,50.956],[90.534,50.903],[90.564,50.823],[90.67,50.538],[90.678,50.515],[90.911,50.144],[90.973,49.987],[90.991,49.892],[90.999,49.847]]]}},{"type":"Feature","properties":{"id":"ranges-ne-1159103567-physical-areas-428","category":"ranges"},"geometry":{"type":"Polygon","coordinates":[[[96.177,50.999],[96.494,50.717],[96.618,50.538],[96.65,50.457],[96.658,50.381],[96.642,50.31],[96.633,50.296],[96.601,50.244],[96.533,50.181],[96.357,50.084],[96.189,50.023],[96.014,49.997],[95.925,50.003],[95.837,50.024],[95.749,50.063],[95.661,50.129],[95.464,50.343],[95.437,50.374],[95.357,50.433],[94.907,50.612],[94.089,50.741],[92.523,50.684],[92.319,50.643],[91.945,50.486],[91.896,50.466],[91.873,50.444],[91.801,50.314],[91.603,50.12],[91.59,50.096],[91.466,50.078],[91.088,49.909],[90.991,49.892],[90.873,49.87],[90.772,49.873],[90.68,49.896],[90.642,49.915],[90.446,50.096],[90.408,50.118],[90.241,50.167],[90.211,50.182],[90.187,50.205],[90.17,50.241],[90.161,50.294],[90.169,50.388],[90.204,50.479],[90.261,50.554],[90.331,50.649],[90.564,50.823],[90.974,51.13],[91.342,51.287],[91.802,51.344],[92.349,51.507],[94.245,51.597],[95.8,51.209],[96.177,50.999]]]}},{"type":"Feature","properties":{"id":"ranges-ne-1159103569-physical-areas-429","category":"ranges"},"geometry":{"type":"Polygon","coordinates":[[[113.863,35.477],[113.251,35.356],[113.155,35.36],[113.095,35.388],[113.066,35.438],[113.06,35.507],[113.171,36.071],[113.097,36.758],[112.989,37.075],[112.966,37.215],[112.98,37.325],[113.059,37.589],[113.063,37.662],[113.053,37.725],[112.91,38.0],[112.889,38.065],[112.876,38.209],[112.899,38.335],[112.948,38.448],[113.243,38.865],[113.297,38.985],[113.325,39.117],[113.34,40.957],[113.259,41.223],[113.259,41.274],[113.273,41.324],[113.304,41.372],[113.342,41.409],[113.387,41.436],[113.489,41.467],[113.703,41.488],[113.751,41.504],[113.961,41.634],[114.014,41.653],[114.081,41.666],[114.224,41.662],[114.503,41.582],[114.638,41.516],[114.758,41.423],[114.804,41.369],[114.842,41.308],[114.87,41.242],[114.897,41.089],[114.893,40.98],[114.84,40.786],[114.661,40.43],[114.609,40.266],[114.603,40.12],[114.687,39.728],[114.684,39.71],[114.675,39.701],[114.648,39.692],[114.637,39.683],[114.633,39.665],[114.641,39.592],[114.634,39.553],[114.558,39.4],[114.546,39.36],[114.543,39.194],[114.536,39.157],[114.436,38.971],[114.394,38.837],[114.403,37.908],[114.411,37.027],[114.413,36.757],[114.418,36.235],[114.392,36.138],[114.347,36.039],[114.0,35.574],[113.933,35.517],[113.863,35.477]]]}},{"type":"Feature","properties":{"id":"ranges-ne-1159103571-physical-areas-430","category":"ranges"},"geometry":{"type":"Polygon","coordinates":[[[112.518,34.784],[112.217,34.718],[112.121,34.734],[111.917,34.832],[111.847,34.846],[111.804,34.847],[111.764,34.86],[111.667,34.869],[111.577,34.913],[111.497,34.984],[111.368,35.177],[111.291,35.385],[111.268,35.991],[111.264,36.095],[111.217,37.359],[111.298,37.74],[111.299,37.877],[111.145,38.377],[111.136,38.486],[111.165,38.702],[111.554,39.879],[111.58,40.084],[111.568,40.364],[111.588,40.45],[111.627,40.521],[111.671,40.571],[111.933,40.756],[112.142,40.966],[112.196,41.004],[112.211,41.011],[112.333,40.719],[112.593,39.368],[112.702,39.144],[112.733,39.017],[112.829,37.765],[112.96,37.334],[113.034,35.506],[112.985,35.172],[112.916,34.952],[112.889,34.907],[112.857,34.873],[112.824,34.852],[112.821,34.85],[112.518,34.784]]]}},{"type":"Feature","properties":{"id":"ranges-ne-1159103573-physical-areas-431","category":"ranges"},"geometry":{"type":"Polygon","coordinates":[[[112.992,34.728],[113.391,34.117],[113.411,34.046],[113.392,34.011],[113.334,33.981],[113.307,33.945],[113.307,33.904],[113.326,33.858],[113.598,33.484],[114.169,32.942],[114.193,32.896],[114.205,32.854],[114.203,32.815],[114.19,32.777],[113.989,32.551],[113.963,32.533],[113.937,32.525],[113.907,32.528],[113.87,32.545],[112.764,33.513],[112.581,33.605],[112.525,33.619],[112.414,33.616],[112.415,33.554],[112.433,33.497],[112.485,33.394],[112.499,33.349],[112.492,33.308],[112.453,33.272],[112.373,33.239],[112.297,33.221],[112.228,33.216],[112.163,33.222],[111.859,33.335],[111.859,33.287],[111.873,33.245],[111.939,33.139],[111.954,33.101],[111.957,33.058],[111.944,33.008],[111.933,32.989],[111.839,32.902],[111.827,32.886],[111.812,32.85],[111.792,32.773],[111.785,32.756],[111.776,32.743],[111.685,32.682],[111.568,32.662],[110.774,32.849],[110.488,32.815],[109.935,32.653],[109.793,32.634],[108.931,32.701],[108.841,32.73],[108.576,32.889],[107.598,33.272],[105.889,33.198],[105.592,33.234],[105.463,33.28],[105.356,33.353],[105.243,33.482],[105.147,33.639],[105.074,33.809],[105.032,33.976],[105.028,34.035],[105.032,34.087],[105.044,34.134],[105.088,34.216],[105.292,34.441],[105.402,34.52],[105.52,34.577],[105.771,34.642],[106.256,34.659],[106.847,34.556],[107.349,34.539],[107.848,34.358],[109.214,34.347],[111.14,34.801],[111.407,34.792],[112.075,34.672],[112.223,34.679],[112.518,34.784],[112.708,34.851],[112.809,34.857],[112.824,34.852],[112.903,34.821],[112.992,34.728]]]}},{"type":"Feature","properties":{"id":"ranges-ne-1159103575-physical-areas-432","category":"ranges"},"geometry":{"type":"Polygon","coordinates":[[[107.845,29.242],[107.886,29.226],[107.9,29.229],[108.037,29.351],[108.051,29.356],[108.08,29.339],[108.15,29.241],[108.274,28.951],[108.337,28.583],[108.333,28.554],[108.32,28.509],[108.306,28.48],[108.292,28.463],[108.248,28.429],[108.232,28.406],[108.215,28.369],[108.139,27.917],[108.109,27.853],[108.074,27.808],[107.979,27.734],[107.757,27.616],[107.454,27.381],[107.391,27.351],[107.328,27.337],[107.0,27.377],[106.667,27.342],[106.595,27.315],[106.567,27.295],[106.529,27.27],[106.252,26.962],[106.127,26.868],[106.088,26.815],[106.076,26.763],[106.094,26.615],[106.085,26.568],[106.049,26.521],[105.964,26.454],[105.888,26.414],[105.819,26.395],[105.446,26.409],[105.406,26.429],[105.378,26.463],[105.313,26.59],[105.281,26.624],[104.891,26.748],[104.826,26.752],[104.788,26.762],[104.767,26.777],[104.745,26.822],[104.727,26.849],[104.691,26.879],[104.543,26.954],[104.396,27.072],[104.006,27.61],[103.911,27.813],[103.852,28.052],[103.852,28.097],[103.862,28.138],[103.886,28.179],[103.926,28.221],[104.117,28.37],[104.175,28.436],[104.218,28.52],[104.237,28.575],[104.255,28.609],[104.281,28.629],[104.282,28.629],[104.317,28.639],[104.504,28.645],[104.681,28.684],[105.092,28.681],[105.191,28.7],[105.296,28.745],[105.344,28.779],[105.412,28.828],[105.457,28.849],[105.516,28.853],[105.768,28.814],[105.805,28.809],[105.871,28.81],[105.926,28.828],[106.167,29.023],[106.713,29.466],[106.916,29.537],[106.96,29.553],[106.973,29.555],[107.099,29.574],[107.255,29.639],[107.281,29.644],[107.311,29.641],[107.345,29.628],[107.39,29.598],[107.559,29.38],[107.6,29.349],[107.744,29.299],[107.845,29.242]]]}},{"type":"Feature","properties":{"id":"ranges-ne-1159103577-physical-areas-433","category":"ranges"},"geometry":{"type":"Polygon","coordinates":[[[101.683,15.096],[104.869,14.923],[105.039,14.942],[105.205,14.986],[105.387,15.086],[105.419,15.092],[105.451,15.089],[105.476,15.078],[105.68,14.871],[105.722,14.81],[105.748,14.745],[105.76,14.672],[105.758,14.529],[105.739,14.433],[105.705,14.343],[105.658,14.262],[105.596,14.192],[105.522,14.134],[105.434,14.092],[105.232,14.057],[105.036,14.06],[104.308,14.257],[103.953,14.276],[103.207,14.157],[103.156,14.141],[103.108,14.118],[103.064,14.085],[102.879,13.887],[102.843,13.863],[102.802,13.845],[102.739,13.834],[102.543,13.83],[102.473,13.883],[101.23,14.256],[100.785,14.614],[100.747,14.659],[100.718,14.713],[100.654,14.933],[100.646,14.987],[100.649,15.017],[100.668,15.073],[100.765,15.244],[101.084,15.545],[101.115,15.562],[101.147,15.569],[101.188,15.564],[101.229,15.547],[101.31,15.489],[101.437,15.348],[101.544,15.181],[101.588,15.135],[101.612,15.119],[101.635,15.107],[101.683,15.096]]]}},{"type":"Feature","properties":{"id":"ranges-ne-1159103579-physical-areas-434","category":"ranges"},"geometry":{"type":"Polygon","coordinates":[[[94.074,23.346],[94.024,23.337],[93.968,23.393],[93.936,23.426],[93.744,23.431],[93.697,23.442],[93.657,23.462],[93.62,23.495],[93.361,23.956],[93.312,24.102],[93.301,24.183],[93.305,24.376],[93.848,25.986],[94.025,26.225],[94.704,26.865],[95.494,27.286],[95.619,27.294],[95.721,27.257],[95.8,27.185],[95.859,27.087],[95.897,26.972],[95.92,26.731],[95.907,26.621],[95.876,26.53],[95.853,26.494],[95.825,26.449],[95.706,26.343],[95.368,26.04],[95.202,25.814],[95.075,25.639],[94.867,25.191],[94.641,24.297],[94.581,24.163],[94.502,24.045],[94.256,23.788],[94.233,23.746],[94.172,23.426],[94.158,23.399],[94.139,23.376],[94.112,23.359],[94.074,23.346]]]}},{"type":"Feature","properties":{"id":"ranges-ne-1159103581-physical-areas-435","category":"ranges"},"geometry":{"type":"Polygon","coordinates":[[[94.907,17.227],[94.833,17.239],[94.799,17.253],[94.768,17.273],[94.765,17.276],[94.739,17.3],[94.712,17.335],[94.624,17.517],[94.461,18.178],[94.418,18.231],[94.407,18.245],[94.266,18.507],[94.262,18.533],[94.276,18.744],[94.278,18.784],[94.212,19.116],[94.136,19.307],[94.038,19.474],[93.683,19.882],[93.707,19.912],[93.658,19.911],[93.513,20.077],[93.49,20.114],[93.478,20.155],[93.481,20.202],[93.521,20.295],[93.519,20.382],[93.494,20.462],[93.424,20.575],[93.306,20.763],[93.271,20.843],[93.256,20.93],[93.267,21.046],[93.307,21.141],[93.371,21.215],[93.453,21.271],[93.55,21.31],[93.646,21.325],[93.766,21.343],[93.876,21.34],[93.978,21.322],[94.067,21.285],[94.144,21.233],[94.209,21.167],[94.264,21.089],[94.343,20.909],[94.377,20.755],[94.391,20.526],[94.415,20.42],[94.439,20.372],[94.508,20.291],[94.749,20.081],[94.851,19.92],[94.992,19.542],[95.107,17.609],[95.125,17.292],[95.123,17.269],[95.111,17.253],[95.087,17.242],[94.907,17.227]]]}},{"type":"Feature","properties":{"id":"ranges-ne-1730072703-physical-areas-436","category":"ranges"},"geometry":{"type":"Polygon","coordinates":[[[78.481,10.726],[78.58,10.46],[78.601,10.32],[78.591,10.178],[78.568,10.103],[78.531,10.036],[78.424,9.921],[78.148,9.745],[77.532,9.482],[77.445,9.414],[77.371,9.327],[77.329,9.207],[77.361,9.097],[77.745,8.664],[77.781,8.532],[77.743,8.38],[77.761,8.397],[77.737,8.328],[77.678,8.288],[77.594,8.273],[77.496,8.278],[77.297,8.327],[77.216,8.362],[77.162,8.396],[77.12,8.44],[77.09,8.489],[76.994,8.826],[76.534,9.615],[76.404,9.953],[76.344,10.305],[76.366,10.624],[76.369,10.671],[76.538,10.638],[76.765,10.552],[76.875,10.511],[77.055,10.477],[77.177,10.484],[77.269,10.513],[77.575,10.669],[77.826,10.724],[78.481,10.726]]]}},{"type":"Feature","properties":{"id":"ranges-ne-1159103587-physical-areas-437","category":"ranges"},"geometry":{"type":"Polygon","coordinates":[[[79.311,21.671],[79.25,21.647],[79.182,21.633],[78.654,21.649],[78.507,21.627],[78.319,21.565],[77.629,21.221],[77.45,21.184],[76.815,21.163],[76.558,21.064],[75.307,21.07],[75.155,21.104],[75.086,21.135],[75.023,21.179],[74.965,21.236],[74.912,21.31],[74.88,21.372],[74.863,21.429],[74.859,21.483],[74.868,21.533],[74.887,21.582],[74.917,21.629],[75.002,21.724],[75.026,21.83],[75.048,21.869],[75.08,21.904],[75.16,21.963],[75.248,22.004],[77.564,22.44],[78.022,22.673],[78.37,22.752],[78.764,22.915],[79.673,22.978],[79.765,22.957],[79.808,22.935],[79.847,22.904],[79.884,22.862],[79.93,22.787],[79.931,22.785],[80.006,22.593],[80.01,22.562],[80.016,22.507],[80.006,22.452],[79.982,22.407],[79.949,22.37],[79.725,22.219],[79.662,22.146],[79.547,21.915],[79.463,21.798],[79.366,21.705],[79.311,21.671]]]}},{"type":"Feature","properties":{"id":"ranges-ne-1730072715-physical-areas-438","category":"ranges"},"geometry":{"type":"Polygon","coordinates":[[[73.239,32.91],[73.163,32.906],[72.897,32.942],[72.823,32.963],[72.743,33.015],[72.69,33.068],[72.655,33.122],[72.635,33.179],[72.627,33.238],[72.648,33.493],[72.632,33.881],[72.639,33.949],[72.661,33.998],[72.693,34.031],[72.737,34.053],[72.789,34.067],[73.131,34.095],[73.506,34.126],[73.556,34.13],[73.739,34.146],[73.813,34.152],[73.885,34.158],[73.913,34.155],[73.967,34.149],[74.406,34.104],[74.478,34.096],[75.167,33.918],[75.208,33.894],[75.24,33.863],[75.259,33.823],[75.266,33.362],[75.201,33.198],[75.189,33.183],[75.174,33.169],[75.141,33.152],[74.818,33.082],[74.713,33.075],[74.516,33.061],[73.921,33.02],[73.512,32.992],[73.407,32.96],[73.239,32.91]]]}},{"type":"Feature","properties":{"id":"ranges-ne-1159103591-physical-areas-439","category":"ranges"},"geometry":{"type":"Polygon","coordinates":[[[85.676,44.061],[86.771,43.605],[86.844,43.543],[86.889,43.468],[86.9,43.378],[86.849,43.224],[86.743,43.107],[86.595,43.024],[86.418,42.971],[86.035,42.938],[85.704,42.978],[83.58,43.599],[83.345,43.668],[82.237,43.739],[82.08,43.797],[81.959,43.887],[81.853,43.94],[81.796,43.926],[81.722,43.93],[81.243,44.107],[81.184,44.168],[81.152,44.276],[81.15,44.413],[81.177,44.563],[81.235,44.709],[81.325,44.836],[81.449,44.925],[81.608,44.96],[82.14,44.902],[83.024,44.591],[83.637,44.498],[84.67,44.341],[85.192,44.261],[85.676,44.061]]]}},{"type":"Feature","properties":{"id":"ranges-ne-1730072723-physical-areas-440","category":"ranges"},"geometry":{"type":"Polygon","coordinates":[[[82.049,45.672],[82.153,45.663],[82.238,45.677],[82.713,45.966],[82.818,46.004],[82.919,46.013],[83.017,45.986],[83.076,45.926],[83.184,45.685],[83.249,45.388],[83.255,45.259],[83.236,45.164],[83.189,45.12],[81.832,45.194],[81.479,45.139],[81.426,45.113],[81.372,45.065],[81.227,44.822],[81.006,44.576],[80.976,44.51],[80.906,44.437],[80.776,44.398],[79.861,44.367],[79.755,44.326],[79.597,44.229],[79.084,44.071],[78.807,43.935],[78.771,43.929],[78.733,43.932],[78.574,43.977],[78.537,43.981],[78.048,43.94],[77.737,43.94],[77.707,43.96],[77.681,44.0],[77.586,44.221],[77.56,44.255],[77.53,44.266],[77.028,44.229],[76.917,44.246],[76.835,44.287],[76.792,44.357],[76.801,44.464],[76.859,44.59],[76.94,44.671],[77.038,44.718],[77.36,44.781],[77.454,44.815],[78.176,45.476],[78.312,45.555],[78.704,45.647],[79.907,45.702],[80.047,45.766],[80.521,46.182],[80.659,46.265],[80.821,46.314],[80.891,46.308],[80.966,46.275],[81.43,45.908],[81.814,45.737],[82.049,45.672]]]}},{"type":"Feature","properties":{"id":"ranges-ne-1159103595-physical-areas-441","category":"ranges"},"geometry":{"type":"Polygon","coordinates":[[[93.932,26.487],[93.382,25.726],[93.37,25.693],[93.381,25.669],[93.429,25.612],[93.453,25.541],[93.456,25.46],[93.44,25.377],[93.408,25.296],[93.362,25.223],[93.305,25.165],[93.239,25.125],[93.152,25.1],[93.067,25.091],[92.984,25.095],[91.982,25.318],[90.668,25.289],[90.479,25.341],[90.402,25.38],[90.37,25.412],[90.345,25.459],[90.318,25.581],[90.318,25.714],[90.339,25.826],[90.362,25.875],[90.394,25.912],[90.432,25.94],[90.475,25.96],[90.573,25.979],[90.677,25.983],[90.65,25.983],[90.767,26.022],[91.136,26.069],[91.838,26.261],[92.49,26.282],[92.736,26.339],[92.808,26.376],[92.865,26.424],[93.006,26.621],[93.033,26.648],[93.062,26.656],[93.767,26.66],[93.866,26.638],[93.938,26.599],[93.952,26.555],[93.932,26.487]]]}},{"type":"Feature","properties":{"id":"ranges-ne-1159103597-physical-areas-442","category":"ranges"},"geometry":{"type":"Polygon","coordinates":[[[45.286,41.348],[45.592,41.203],[46.44,40.693],[46.546,40.608],[46.699,40.417],[46.789,40.325],[47.005,40.148],[47.115,40.038],[47.183,39.932],[47.19,39.875],[47.175,39.671],[47.186,39.564],[47.208,39.445],[47.223,39.329],[47.212,39.23],[47.144,39.128],[47.043,39.078],[46.925,39.06],[46.805,39.054],[46.571,39.027],[46.456,39.026],[46.333,39.054],[46.159,39.131],[45.992,39.229],[45.673,39.443],[45.324,39.641],[45.216,39.718],[45.133,39.805],[45.067,39.905],[44.871,40.251],[44.779,40.368],[44.665,40.448],[44.515,40.479],[44.456,40.474],[44.393,40.467],[44.33,40.463],[44.268,40.472],[44.221,40.495],[44.144,40.539],[44.07,40.587],[44.03,40.622],[43.998,40.736],[43.994,40.859],[43.975,40.976],[43.897,41.07],[43.836,41.093],[43.767,41.1],[43.626,41.099],[43.33,41.122],[43.231,41.119],[43.02,41.141],[42.716,41.254],[42.611,41.293],[42.395,41.329],[42.233,41.317],[42.146,41.315],[42.076,41.328],[42.027,41.366],[42.0,41.386],[41.947,41.427],[41.884,41.571],[41.884,41.732],[41.889,41.746],[41.943,41.881],[42.023,41.974],[42.129,42.049],[42.259,42.106],[42.411,42.141],[42.486,42.146],[42.637,42.148],[42.71,42.157],[42.964,42.23],[43.048,42.246],[43.198,42.246],[43.344,42.217],[43.611,42.122],[43.763,42.081],[44.226,42.049],[44.368,42.001],[44.487,41.908],[44.585,41.789],[44.666,41.659],[44.787,41.52],[44.931,41.452],[45.099,41.409],[45.286,41.348]]]}},{"type":"Feature","properties":{"id":"ranges-ne-1159103599-physical-areas-443","category":"ranges"},"geometry":{"type":"Polygon","coordinates":[[[35.653,41.626],[35.713,41.64],[35.814,41.689],[35.85,41.687],[35.908,41.651],[35.941,41.621],[35.995,41.552],[36.023,41.519],[36.149,41.404],[36.275,41.322],[36.341,41.3],[36.382,41.286],[36.405,41.275],[36.51,41.263],[36.513,41.266],[36.519,41.265],[36.594,41.259],[36.854,41.254],[36.982,41.233],[37.033,41.213],[37.047,41.208],[37.066,41.184],[37.135,41.171],[37.167,41.156],[37.187,41.148],[37.225,41.134],[37.354,41.101],[37.419,41.088],[37.422,41.087],[37.615,41.065],[37.618,41.065],[37.686,41.049],[37.837,40.999],[37.894,40.985],[37.898,40.984],[37.915,40.98],[37.991,40.973],[38.053,40.973],[38.082,40.974],[38.381,40.925],[38.557,40.937],[38.683,40.971],[38.733,40.967],[38.88,40.955],[38.947,40.963],[39.076,41.015],[39.147,41.037],[39.236,41.051],[39.264,41.053],[39.28,41.053],[39.442,41.061],[39.544,41.058],[39.545,41.058],[39.59,41.053],[39.808,40.983],[39.911,40.966],[40.0,40.977],[40.128,40.943],[40.265,40.961],[40.327,40.983],[40.398,40.976],[40.458,40.976],[40.505,40.987],[40.548,41.006],[40.595,41.033],[40.704,41.081],[40.819,41.113],[41.174,41.165],[41.291,41.195],[41.399,41.242],[41.491,41.315],[41.503,41.331],[41.54,41.381],[41.626,41.536],[41.671,41.606],[41.718,41.667],[41.744,41.697],[41.772,41.723],[41.805,41.746],[41.842,41.756],[41.881,41.751],[41.889,41.746],[41.923,41.727],[41.967,41.673],[42.004,41.596],[42.026,41.514],[42.027,41.446],[42.0,41.386],[41.99,41.364],[41.902,41.167],[41.579,40.801],[41.002,40.449],[40.118,40.213],[39.087,40.143],[38.136,40.2],[37.308,40.345],[35.593,40.896],[35.057,41.021],[34.462,41.102],[34.263,41.145],[34.112,41.236],[34.051,41.378],[34.122,41.57],[34.309,41.767],[34.535,41.88],[34.788,41.92],[35.058,41.894],[35.127,41.872],[35.133,41.869],[35.149,41.861],[35.209,41.794],[35.298,41.729],[35.558,41.634],[35.58,41.639],[35.597,41.632],[35.599,41.632],[35.653,41.626]]]}},{"type":"Feature","properties":{"id":"ranges-ne-1730072741-physical-areas-444","category":"ranges"},"geometry":{"type":"Polygon","coordinates":[[[55.923,28.914],[55.732,28.902],[55.576,28.948],[55.418,29.025],[54.845,29.352],[54.749,29.386],[54.563,29.418],[54.478,29.438],[54.379,29.48],[54.157,29.62],[53.972,29.783],[53.812,29.962],[53.66,30.153],[53.459,30.376],[53.027,30.799],[52.835,31.038],[52.554,31.5],[52.437,31.646],[52.171,31.906],[52.057,32.048],[51.98,32.214],[51.921,32.551],[51.876,32.712],[51.78,32.859],[51.535,33.049],[51.269,33.164],[50.995,33.263],[50.726,33.4],[50.625,33.482],[50.569,33.561],[50.536,33.651],[50.503,33.769],[50.466,33.865],[50.417,33.938],[50.129,34.248],[49.998,34.454],[49.953,34.67],[50.062,34.866],[50.141,34.906],[50.22,34.902],[50.299,34.866],[50.379,34.816],[50.785,34.526],[50.915,34.383],[51.097,34.058],[51.231,33.906],[51.374,33.8],[51.527,33.707],[52.074,33.446],[52.181,33.383],[52.264,33.299],[52.3,33.233],[52.322,33.163],[52.351,33.005],[52.463,32.693],[52.649,32.413],[53.326,31.634],[54.448,30.634],[54.788,30.375],[55.145,30.138],[55.948,29.704],[56.128,29.55],[56.213,29.348],[56.185,29.156],[56.081,29.006],[55.923,28.914]]]}},{"type":"Feature","properties":{"id":"ranges-ne-1159103605-physical-areas-445","category":"ranges"},"geometry":{"type":"Polygon","coordinates":[[[23.585,43.506],[25.222,43.373],[25.688,43.403],[26.054,43.466],[26.431,43.499],[26.769,43.504],[27.021,43.48],[27.197,43.449],[27.332,43.403],[27.414,43.3],[27.431,43.096],[27.301,42.911],[26.891,42.693],[26.142,42.529],[24.995,42.506],[23.832,42.626],[23.297,42.739],[22.919,42.891],[22.654,43.132],[22.438,43.439],[22.327,43.702],[22.38,43.814],[22.597,43.769],[23.253,43.565],[23.585,43.506]]]}},{"type":"Feature","properties":{"id":"ranges-ne-1730072751-physical-areas-446","category":"ranges"},"geometry":{"type":"MultiPolygon","coordinates":[[[[16.564,45.164],[17.144,45.049],[19.508,44.763],[19.695,44.717],[19.929,44.643],[19.95,44.636],[20.061,44.6],[20.554,44.48],[20.712,44.421],[20.782,44.383],[20.84,44.339],[20.891,44.288],[20.991,44.172],[21.044,44.128],[21.164,44.046],[21.272,43.945],[21.377,43.811],[21.468,43.666],[21.538,43.531],[21.589,43.401],[21.631,43.245],[21.644,43.088],[21.611,42.953],[21.554,42.878],[21.472,42.806],[21.223,42.616],[21.174,42.591],[21.128,42.584],[21.047,42.619],[20.891,42.734],[20.8,42.768],[20.656,42.767],[20.54,42.725],[19.986,42.322],[19.88,42.224],[19.812,42.171],[19.731,42.123],[19.656,42.071],[19.606,42.003],[19.597,41.959],[19.603,41.92],[19.612,41.885],[19.616,41.854],[19.612,41.839],[19.601,41.825],[19.592,41.819],[19.581,41.813],[19.553,41.803],[19.468,41.856],[19.342,41.869],[19.186,41.949],[19.122,42.06],[19.033,42.135],[19.03,42.141],[18.996,42.231],[18.854,42.325],[18.63,42.417],[18.633,42.423],[18.646,42.443],[18.592,42.444],[18.577,42.438],[18.556,42.447],[18.545,42.453],[18.25,42.605],[18.223,42.617],[18.209,42.622],[18.047,42.692],[18.035,42.698],[17.98,42.722],[17.824,42.797],[17.793,42.802],[17.785,42.806],[17.773,42.811],[17.681,42.851],[17.585,42.899],[17.724,42.851],[17.668,42.897],[17.585,42.938],[17.537,42.962],[17.33,43.115],[17.129,43.211],[16.903,43.392],[16.6,43.464],[16.394,43.543],[16.269,43.531],[16.131,43.506],[16.076,43.506],[16.025,43.524],[15.946,43.587],[15.949,43.607],[15.942,43.657],[15.821,43.736],[15.675,43.802],[15.662,43.814],[15.636,43.838],[15.468,43.991],[15.41,44.052],[15.378,44.114],[15.368,44.187],[15.374,44.277],[15.373,44.288],[15.372,44.289],[15.471,44.272],[15.381,44.328],[15.366,44.336],[15.36,44.375],[15.3,44.436],[15.115,44.525],[15.104,44.533],[15.016,44.594],[14.92,44.686],[14.894,44.72],[14.885,44.818],[14.907,44.971],[14.855,45.081],[14.632,45.223],[14.55,45.298],[14.386,45.342],[14.359,45.341],[14.329,45.351],[14.322,45.351],[14.28,45.353],[14.179,45.346],[14.13,45.349],[14.086,45.362],[14.042,45.383],[13.957,45.432],[13.854,45.51],[13.788,45.597],[13.778,45.613],[13.774,45.621],[13.783,45.627],[13.754,45.654],[13.754,45.655],[13.734,45.688],[13.718,45.711],[13.667,45.783],[13.602,45.976],[13.596,45.994],[13.719,46.145],[13.939,46.22],[14.156,46.202],[14.454,46.098],[14.989,45.913],[15.204,45.822],[15.987,45.401],[16.564,45.164]]],[[[16.774,43.359],[16.834,43.351],[16.891,43.315],[16.878,43.302],[16.774,43.359]]],[[[14.776,45.001],[14.771,45.026],[14.81,44.977],[14.779,44.972],[14.776,45.001]]]]}},{"type":"Feature","properties":{"id":"ranges-ne-1159103609-physical-areas-447","category":"ranges"},"geometry":{"type":"Polygon","coordinates":[[[-3.076,43.263],[-2.88,43.256],[-2.278,43.268],[-2.192,43.27],[-2.157,43.271],[-2.008,43.237],[-1.97,43.198],[-1.908,43.135],[-1.946,42.984],[-1.974,42.87],[-2.359,42.772],[-5.514,42.798],[-6.401,42.682],[-6.692,42.686],[-6.988,42.737],[-7.068,42.76],[-7.157,42.792],[-7.245,42.833],[-7.323,42.882],[-7.383,42.943],[-7.412,43.013],[-7.398,43.093],[-7.331,43.182],[-7.153,43.299],[-6.948,43.357],[-5.666,43.428],[-3.47,43.334],[-3.265,43.286],[-3.076,43.263]]]}},{"type":"Feature","properties":{"id":"ranges-ne-1159103611-physical-areas-448","category":"ranges"},"geometry":{"type":"Polygon","coordinates":[[[-2.942,36.841],[-3.184,36.831],[-3.789,36.864],[-4.375,36.937],[-4.456,36.952],[-4.54,36.977],[-4.618,37.013],[-4.678,37.061],[-4.703,37.099],[-4.714,37.143],[-4.709,37.193],[-4.686,37.249],[-4.53,37.435],[-4.321,37.568],[-3.868,37.764],[-3.663,37.831],[-3.4,37.884],[-3.135,37.916],[-2.924,37.92],[-2.757,37.898],[-2.25,37.774],[-2.119,37.731],[-2.021,37.658],[-1.971,37.551],[-1.982,37.407],[-2.033,37.202],[-2.078,37.104],[-2.152,37.022],[-2.274,36.963],[-2.419,36.931],[-2.708,36.884],[-2.827,36.857],[-2.942,36.841]]]}},{"type":"Feature","properties":{"id":"ranges-ne-1159103613-physical-areas-449","category":"ranges"},"geometry":{"type":"Polygon","coordinates":[[[-2.908,38.734],[-2.837,38.73],[-2.746,38.733],[-2.699,38.731],[-2.656,38.724],[-2.578,38.694],[-2.528,38.654],[-2.5,38.597],[-2.493,38.517],[-2.503,38.431],[-2.531,38.365],[-2.581,38.313],[-2.654,38.27],[-2.749,38.222],[-2.797,38.204],[-2.85,38.195],[-3.071,38.179],[-3.145,38.166],[-3.354,38.102],[-3.461,38.084],[-3.561,38.1],[-3.664,38.131],[-4.096,38.167],[-4.209,38.163],[-4.32,38.147],[-4.535,38.094],[-4.567,38.082],[-4.604,38.055],[-4.669,37.985],[-4.707,37.957],[-4.769,37.933],[-4.838,37.92],[-4.975,37.906],[-5.037,37.893],[-5.762,37.668],[-6.122,37.602],[-6.296,37.559],[-6.606,37.417],[-6.76,37.375],[-6.918,37.36],[-7.074,37.375],[-7.133,37.392],[-7.179,37.417],[-7.206,37.457],[-7.21,37.518],[-7.191,37.592],[-7.157,37.652],[-7.07,37.766],[-7.014,37.863],[-6.984,37.906],[-6.941,37.943],[-6.781,38.035],[-6.611,38.119],[-6.436,38.189],[-6.218,38.255],[-6.143,38.294],[-6.104,38.312],[-5.85,38.4],[-5.778,38.415],[-5.706,38.421],[-5.638,38.418],[-5.497,38.394],[-5.427,38.392],[-5.355,38.411],[-5.261,38.469],[-5.091,38.616],[-4.995,38.668],[-4.874,38.699],[-4.15,38.795],[-4.04,38.821],[-3.923,38.837],[-3.804,38.83],[-3.567,38.796],[-3.228,38.778],[-2.908,38.734]]]}},{"type":"Feature","properties":{"id":"ranges-ne-1730072769-physical-areas-450","category":"ranges"},"geometry":{"type":"Polygon","coordinates":[[[48.649,14.049],[48.594,14.046],[48.449,14.006],[48.335,14.0],[48.331,14.001],[48.175,14.016],[47.99,14.048],[47.931,14.02],[47.894,14.018],[47.757,13.988],[47.628,13.933],[47.288,13.742],[47.057,13.646],[46.819,13.615],[46.602,13.7],[46.537,13.821],[46.524,13.999],[46.565,14.516],[46.599,14.694],[46.66,14.863],[46.758,15.016],[46.953,15.216],[47.015,15.291],[47.146,15.474],[47.22,15.56],[47.305,15.633],[47.483,15.74],[48.678,16.346],[49.326,16.552],[49.996,16.69],[51.211,16.873],[51.49,16.878],[51.694,16.807],[51.773,16.696],[51.83,16.545],[51.866,16.385],[51.883,16.249],[51.874,16.085],[51.809,15.773],[51.804,15.615],[51.755,15.442],[51.749,15.44],[51.683,15.38],[51.681,15.379],[51.604,15.337],[51.322,15.226],[51.086,15.16],[50.828,15.113],[50.542,15.054],[50.404,15.011],[50.191,14.924],[50.1,14.887],[49.917,14.843],[49.546,14.792],[49.293,14.671],[49.176,14.541],[49.103,14.5],[49.048,14.456],[49.005,14.355],[48.929,14.267],[48.815,14.158],[48.649,14.049]]]}},{"type":"Feature","properties":{"id":"deserts-ne-1159103617-physical-areas-451","category":"deserts"},"geometry":{"type":"Polygon","coordinates":[[[13.984,23.619],[13.141,23.364],[12.387,23.443],[12.016,23.814],[11.686,24.29],[11.924,25.229],[12.228,25.878],[13.564,26.116],[14.424,25.93],[14.834,25.825],[14.662,25.097],[14.371,24.422],[14.036,23.678],[14.014,23.629],[13.984,23.619]]]}},{"type":"Feature","properties":{"id":"deserts-ne-1159103621-physical-areas-452","category":"deserts"},"geometry":{"type":"Polygon","coordinates":[[[-5.936,27.359],[-7.453,26.918],[-8.811,27.13],[-9.869,27.165],[-10.628,27.553],[-10.663,27.994],[-10.063,28.294],[-8.776,28.664],[-8.576,28.744],[-7.649,29.112],[-7.576,29.141],[-7.567,29.149],[-7.188,29.511],[-6.606,29.864],[-6.077,29.987],[-5.72,30.082],[-5.415,30.164],[-5.323,30.239],[-4.815,30.655],[-4.683,30.763],[-4.543,30.828],[-3.797,31.174],[-3.731,31.204],[-3.524,31.21],[-3.061,31.222],[-2.863,31.072],[-2.69,30.94],[-2.373,30.64],[-2.461,30.287],[-3.237,30.27],[-3.36,29.688],[-3.731,29.423],[-4.295,29.229],[-3.554,28.858],[-3.925,28.559],[-4.983,27.853],[-5.936,27.359]]]}},{"type":"Feature","properties":{"id":"deserts-ne-1159103623-physical-areas-453","category":"deserts"},"geometry":{"type":"Polygon","coordinates":[[[15.831,14.218],[15.266,13.865],[14.561,14.13],[13.908,14.236],[13.185,14.359],[11.862,14.747],[10.821,15.294],[10.341,16.11],[9.838,17.79],[9.838,18.507],[9.838,18.575],[9.838,18.65],[9.587,19.272],[8.833,19.695],[8.857,20.365],[8.859,20.423],[9.441,21.335],[9.403,21.492],[9.229,22.209],[8.885,22.83],[8.843,22.979],[8.806,23.108],[8.8,23.155],[8.762,23.468],[8.727,23.756],[8.634,24.112],[8.634,24.114],[8.48,24.387],[8.29,24.722],[8.771,24.907],[8.806,24.921],[8.866,24.88],[9.335,24.563],[9.601,24.329],[10.171,23.826],[10.235,23.77],[10.45,23.4],[10.707,22.958],[10.75,22.891],[11.055,22.42],[12.144,22.032],[13.837,21.38],[15.249,21.238],[15.989,20.427],[16.148,20.135],[16.168,20.099],[16.325,19.81],[16.33,19.495],[16.342,18.84],[16.148,17.958],[15.76,16.97],[15.745,16.88],[15.707,16.652],[15.76,16.141],[15.95,15.66],[16.113,15.347],[16.236,14.994],[16.025,14.518],[15.923,14.361],[15.831,14.218]]]}},{"type":"Feature","properties":{"id":"deserts-ne-1730072787-physical-areas-454","category":"deserts"},"geometry":{"type":"Polygon","coordinates":[[[9.445,22.323],[9.481,21.644],[9.403,21.492],[8.863,20.436],[8.651,20.357],[8.631,20.349],[7.917,20.082],[7.751,20.02],[7.258,19.836],[5.9,19.607],[5.168,19.73],[4.057,20.048],[3.951,20.903],[3.325,21.221],[3.219,22.032],[3.977,22.508],[4.515,22.605],[4.983,22.447],[5.362,22.319],[5.884,21.984],[5.979,21.923],[5.988,21.918],[6.509,21.688],[6.53,21.699],[6.833,21.85],[7.108,21.988],[7.858,22.27],[7.927,22.321],[8.59,22.801],[8.819,22.967],[8.843,22.979],[9.216,23.17],[9.445,22.323]]]}},{"type":"Feature","properties":{"id":"deserts-ne-1730072791-physical-areas-455","category":"deserts"},"geometry":{"type":"Polygon","coordinates":[[[7.241,26.998],[7.435,26.689],[7.735,26.627],[8.299,26.486],[8.907,26.451],[9.437,26.601],[9.551,26.469],[9.366,26.169],[9.595,26.036],[9.869,25.666],[10.169,25.472],[10.389,25.684],[10.407,25.869],[10.557,25.842],[10.566,25.516],[10.663,25.101],[10.707,24.625],[10.821,24.325],[10.91,24.228],[11.007,23.955],[11.351,23.787],[11.545,23.382],[11.227,22.641],[10.75,22.891],[10.689,22.923],[10.46,23.373],[10.45,23.4],[10.318,23.761],[10.171,23.826],[10.019,23.893],[9.622,24.299],[9.601,24.329],[9.419,24.59],[8.925,24.863],[8.866,24.88],[8.771,24.907],[8.431,25.004],[8.228,24.687],[7.558,24.528],[7.02,24.634],[6.967,25.066],[6.976,25.366],[6.703,25.648],[6.341,25.648],[6.306,25.313],[6.147,25.232],[5.944,25.128],[5.742,25.245],[5.671,25.287],[5.6,25.542],[5.362,26.107],[5.247,26.389],[4.95,26.627],[4.939,26.636],[4.92,26.73],[4.868,26.989],[5.115,27.165],[5.53,27.306],[5.609,27.174],[5.583,27.068],[5.724,27.033],[5.838,27.183],[5.891,27.439],[6.024,27.465],[6.103,27.342],[6.112,27.059],[6.323,26.848],[6.535,26.742],[6.465,27.156],[6.597,27.447],[6.756,27.589],[6.976,27.465],[7.091,27.121],[7.241,26.998]]]}},{"type":"Feature","properties":{"id":"deserts-ne-1730072795-physical-areas-456","category":"deserts"},"geometry":{"type":"Polygon","coordinates":[[[26.145,29.105],[26.158,28.444],[25.616,27.769],[25.182,27.341],[24.73,26.896],[24.068,26.552],[23.049,26.023],[22.057,24.568],[20.589,24.819],[18.79,25.745],[19.134,26.711],[18.962,27.293],[18.988,27.928],[19.187,28.523],[19.464,28.682],[19.967,28.47],[20.139,28.761],[20.324,29.489],[19.928,29.831],[19.742,29.992],[19.702,30.442],[20.602,31.301],[20.754,31.271],[21.647,31.09],[23.367,30.375],[23.491,30.312],[24.607,29.744],[24.743,29.674],[25.237,29.474],[26.145,29.105]]]}},{"type":"Feature","properties":{"id":"deserts-ne-1159103631-physical-areas-457","category":"deserts"},"geometry":{"type":"Polygon","coordinates":[[[6.248,28.669],[5.574,28.576],[4.85,28.603],[4.846,28.603],[4.828,28.665],[4.753,28.92],[4.039,29.158],[4.489,29.727],[5.402,30.336],[5.666,30.547],[6.486,30.878],[7.532,31.831],[8.074,32.399],[8.55,32.849],[9.132,32.77],[9.463,32.108],[9.635,31.394],[9.794,30.944],[9.741,30.494],[9.397,30.124],[9.04,29.912],[8.444,29.688],[7.704,29.277],[7.095,28.894],[6.248,28.669]]]}},{"type":"Feature","properties":{"id":"deserts-ne-1159103633-physical-areas-458","category":"deserts"},"geometry":{"type":"Polygon","coordinates":[[[3.007,31.209],[2.968,30.375],[2.518,30.217],[1.777,29.833],[0.864,29.82],[0.176,29.635],[-0.379,29.185],[-1.001,29.317],[-1.808,29.833],[-2.179,30.164],[-2.298,30.574],[-2.033,30.772],[-1.689,30.68],[-1.041,30.944],[-0.538,30.957],[-0.194,30.812],[0.401,30.838],[0.758,30.984],[0.943,31.143],[1.314,31.394],[1.248,31.764],[1.327,32.003],[1.79,32.029],[2.174,32.373],[2.941,32.307],[3.047,32.161],[3.364,31.923],[3.007,31.209]]]}},{"type":"Feature","properties":{"id":"deserts-ne-1730072811-physical-areas-459","category":"deserts"},"geometry":{"type":"Polygon","coordinates":[[[-2.784,23.022],[-3.793,22.694],[-4.366,23.002],[-5.874,23.196],[-6.024,23.972],[-5.701,24.203],[-5.433,24.396],[-4.366,24.802],[-3.334,25.428],[-2.761,26.248],[-2.743,26.989],[-1.314,28.109],[-0.424,27.959],[-0.441,27.262],[-0.071,26.565],[-0.697,26.301],[-1.332,25.322],[-1.879,24.422],[-1.87,23.823],[-2.628,23.073],[-2.784,23.022]]]}},{"type":"Feature","properties":{"id":"deserts-ne-1159103639-physical-areas-460","category":"deserts"},"geometry":{"type":"Polygon","coordinates":[[[-6.518,19.21],[-7.453,18.61],[-8.385,18.623],[-8.705,18.628],[-10.628,19.704],[-10.687,19.79],[-10.98,20.215],[-10.963,20.674],[-10.427,21.2],[-9.993,21.626],[-9.287,22.085],[-8.758,22.685],[-7.894,23.126],[-7.329,23.532],[-5.724,24.202],[-5.701,24.203],[-5.248,24.237],[-4.666,24.202],[-3.537,24.061],[-2.784,23.022],[-2.655,22.844],[-2.796,21.979],[-4.578,20.427],[-5.548,19.757],[-5.787,19.622],[-6.518,19.21]]]}},{"type":"Feature","properties":{"id":"deserts-ne-1159103641-physical-areas-461","category":"deserts"},"geometry":{"type":"Polygon","coordinates":[[[-106.444,33.762],[-106.389,33.552],[-105.959,33.647],[-105.924,33.442],[-105.909,33.042],[-105.834,32.612],[-105.619,32.387],[-105.299,32.422],[-105.084,32.322],[-104.884,31.897],[-104.644,31.767],[-104.644,31.927],[-104.469,32.162],[-104.614,32.322],[-104.929,32.547],[-105.224,32.752],[-105.204,33.362],[-105.134,33.627],[-104.739,33.657],[-104.654,33.932],[-104.344,34.072],[-104.264,33.908],[-104.144,33.662],[-104.12,33.623],[-103.929,33.322],[-103.914,33.062],[-103.814,32.672],[-103.744,32.252],[-103.469,31.912],[-103.34,31.668],[-103.329,31.647],[-103.319,31.642],[-102.734,31.392],[-102.274,31.397],[-102.07,31.244],[-101.879,31.102],[-101.649,31.022],[-101.349,30.862],[-100.904,30.342],[-100.674,30.152],[-100.654,29.782],[-100.784,29.547],[-101.039,29.467],[-101.32,29.649],[-101.324,29.652],[-101.599,29.727],[-101.766,29.695],[-101.889,29.672],[-102.214,29.462],[-102.509,29.242],[-102.839,29.317],[-102.869,29.212],[-102.674,28.982],[-102.559,28.752],[-102.619,28.422],[-102.439,28.232],[-102.094,28.057],[-101.869,27.812],[-101.339,27.497],[-101.219,27.347],[-101.089,27.252],[-100.899,27.022],[-100.606,27.06],[-100.514,27.072],[-100.492,26.913],[-100.474,26.782],[-100.554,26.467],[-100.539,26.162],[-100.539,25.822],[-100.829,25.502],[-101.144,25.312],[-101.602,25.289],[-101.902,25.349],[-102.422,25.449],[-102.499,25.465],[-103.079,25.592],[-103.234,25.612],[-103.499,25.412],[-103.619,25.147],[-103.484,24.842],[-103.669,24.522],[-103.824,24.252],[-104.184,24.367],[-104.439,24.767],[-104.714,24.917],[-105.124,25.447],[-105.339,25.561],[-105.359,25.572],[-105.351,25.587],[-105.229,25.827],[-104.914,25.992],[-105.349,26.462],[-105.703,26.889],[-105.963,27.129],[-106.401,27.038],[-106.443,27.029],[-106.441,27.072],[-106.423,27.469],[-106.399,27.807],[-106.294,28.137],[-106.264,28.507],[-106.359,28.832],[-106.389,29.162],[-106.504,29.477],[-106.899,29.702],[-107.324,29.867],[-107.679,29.942],[-108.019,30.116],[-108.109,30.162],[-108.244,30.467],[-108.704,30.73],[-109.229,30.752],[-109.299,30.452],[-109.509,30.407],[-109.647,30.713],[-109.829,31.087],[-110.196,31.143],[-110.244,31.15],[-110.634,31.302],[-111.019,31.362],[-110.934,31.702],[-110.854,31.877],[-110.694,32.462],[-110.424,32.947],[-110.724,33.242],[-110.704,33.442],[-110.429,33.532],[-110.104,33.451],[-109.769,33.272],[-109.249,33.037],[-109.044,32.897],[-108.799,32.822],[-108.574,32.622],[-108.394,32.502],[-108.344,32.757],[-108.169,32.847],[-107.889,32.762],[-107.744,32.607],[-107.619,32.637],[-107.569,32.947],[-107.554,33.262],[-107.384,33.442],[-107.199,33.667],[-107.009,33.837],[-106.939,34.167],[-106.824,34.297],[-106.484,34.232],[-106.444,33.762]]]}},{"type":"Feature","properties":{"id":"deserts-ne-1159103643-physical-areas-462","category":"deserts"},"geometry":{"type":"MultiPolygon","coordinates":[[[[-112.677,34.45],[-112.594,34.277],[-112.509,34.162],[-112.199,34.082],[-111.924,33.897],[-111.569,33.552],[-111.334,33.397],[-111.044,33.202],[-110.724,33.242],[-110.424,32.947],[-110.694,32.462],[-110.854,31.877],[-110.934,31.702],[-111.019,31.362],[-111.189,31.132],[-110.894,30.882],[-110.752,30.721],[-110.634,30.587],[-110.509,30.267],[-110.539,29.892],[-110.299,29.427],[-110.431,29.017],[-110.505,28.79],[-110.084,28.049],[-109.924,27.689],[-110.159,27.567],[-110.394,27.722],[-110.563,27.818],[-110.53,27.864],[-110.718,27.906],[-110.719,27.907],[-110.723,27.907],[-110.759,27.915],[-110.802,27.916],[-111.049,27.945],[-111.072,27.952],[-111.189,28.029],[-111.281,28.114],[-111.349,28.212],[-111.353,28.216],[-111.472,28.384],[-111.68,28.471],[-111.747,28.564],[-111.802,28.618],[-111.814,28.637],[-111.869,28.699],[-111.907,28.752],[-111.919,28.798],[-111.941,28.823],[-112.035,28.889],[-112.075,28.934],[-112.213,29.309],[-112.394,29.497],[-112.407,29.513],[-112.415,29.536],[-112.504,29.64],[-112.591,29.753],[-112.653,29.87],[-112.666,29.883],[-112.749,30.058],[-112.759,30.126],[-112.825,30.3],[-112.867,30.37],[-112.894,30.457],[-113.032,30.616],[-113.044,30.633],[-113.09,30.907],[-113.052,31.079],[-113.043,31.087],[-113.044,31.116],[-113.034,31.162],[-113.046,31.168],[-113.047,31.179],[-113.084,31.207],[-113.16,31.229],[-113.222,31.262],[-113.283,31.264],[-113.417,31.284],[-113.604,31.352],[-113.642,31.504],[-113.705,31.526],[-113.759,31.558],[-113.948,31.629],[-113.977,31.593],[-114.003,31.525],[-114.081,31.51],[-114.148,31.507],[-114.151,31.508],[-114.264,31.554],[-114.549,31.734],[-114.609,31.762],[-114.698,31.777],[-114.741,31.806],[-114.934,31.901],[-114.895,31.851],[-114.84,31.799],[-114.79,31.647],[-114.848,31.538],[-114.851,31.51],[-114.854,31.504],[-114.879,31.347],[-114.872,31.296],[-114.87,31.288],[-114.882,31.156],[-114.845,31.08],[-114.837,31.07],[-114.829,31.017],[-114.771,30.973],[-114.761,30.959],[-114.708,30.782],[-114.699,30.712],[-114.693,30.678],[-114.685,30.621],[-114.678,30.604],[-114.674,30.587],[-114.644,30.425],[-114.64,30.404],[-114.65,30.238],[-114.642,30.205],[-114.644,30.167],[-114.529,29.972],[-114.719,30.122],[-114.854,30.312],[-114.969,30.437],[-115.214,30.602],[-115.244,30.802],[-115.284,31.027],[-115.464,31.227],[-115.509,31.492],[-115.679,31.737],[-115.755,31.915],[-115.779,31.972],[-115.859,32.287],[-115.964,32.502],[-116.164,32.682],[-116.294,32.857],[-116.474,33.077],[-116.499,33.377],[-116.394,33.457],[-116.334,33.547],[-116.549,33.677],[-116.689,33.857],[-116.719,33.992],[-116.519,34.037],[-116.384,33.927],[-116.139,33.782],[-115.919,33.692],[-115.514,33.752],[-115.344,33.902],[-115.279,34.017],[-115.315,34.197],[-115.329,34.272],[-115.019,34.362],[-114.799,34.522],[-114.644,34.612],[-114.454,34.532],[-114.386,34.559],[-114.209,34.632],[-114.024,34.712],[-113.924,34.857],[-113.744,34.902],[-113.594,34.997],[-113.434,34.907],[-113.299,34.822],[-113.024,34.667],[-112.677,34.45]]],[[[-114.744,31.714],[-114.789,31.747],[-114.785,31.79],[-114.771,31.794],[-114.716,31.761],[-114.744,31.714]]]]}},{"type":"Feature","properties":{"id":"deserts-ne-1159103645-physical-areas-463","category":"deserts"},"geometry":{"type":"Polygon","coordinates":[[[-113.266,39.988],[-113.585,39.908],[-113.831,40.317],[-114.039,40.785],[-113.916,41.169],[-113.559,41.434],[-113.324,41.475],[-113.002,41.135],[-113.091,40.368],[-113.266,39.988]]]}},{"type":"Feature","properties":{"id":"deserts-ne-1159103647-physical-areas-464","category":"deserts"},"geometry":{"type":"Polygon","coordinates":[[[125.58,-25.787],[125.204,-25.821],[124.633,-25.809],[124.105,-25.755],[123.597,-25.629],[123.178,-25.403],[123.096,-25.306],[123.05,-25.193],[122.937,-24.721],[122.92,-24.48],[122.941,-24.24],[123.002,-24.013],[123.102,-23.833],[123.24,-23.684],[123.401,-23.556],[123.571,-23.44],[123.874,-23.266],[124.205,-23.134],[124.551,-23.056],[124.9,-23.043],[125.044,-23.057],[125.191,-23.08],[125.484,-23.146],[125.803,-23.249],[126.505,-23.556],[126.697,-23.661],[126.879,-23.805],[127.029,-24.008],[127.105,-24.238],[127.123,-24.485],[127.098,-24.737],[127.066,-24.843],[126.962,-25.038],[126.847,-25.326],[126.76,-25.446],[126.633,-25.524],[125.904,-25.765],[125.801,-25.782],[125.58,-25.787]]]}},{"type":"Feature","properties":{"id":"deserts-ne-1159103649-physical-areas-465","category":"deserts"},"geometry":{"type":"Polygon","coordinates":[[[107.963,40.915],[110.777,40.343],[111.045,40.192],[111.199,40.061],[111.231,40.017],[111.253,39.971],[111.267,39.924],[111.272,39.874],[111.263,39.769],[111.14,39.332],[111.104,39.269],[111.057,39.21],[110.94,39.107],[110.84,38.982],[110.764,38.832],[110.713,38.671],[110.688,38.47],[110.784,37.984],[110.784,37.877],[110.773,37.822],[110.749,37.769],[110.26,37.257],[110.233,37.245],[110.202,37.247],[110.195,37.248],[110.149,37.265],[109.865,37.457],[109.654,37.548],[109.288,37.589],[108.572,37.67],[107.913,37.619],[107.573,37.528],[107.54,37.519],[107.539,37.519],[107.302,37.561],[107.293,37.559],[107.224,37.523],[105.656,37.626],[105.481,37.667],[105.411,37.7],[105.359,37.744],[105.334,37.787],[105.318,37.838],[105.284,38.186],[105.136,38.791],[105.143,38.93],[105.227,39.238],[105.257,39.292],[105.404,39.56],[105.559,39.84],[105.786,40.111],[105.999,40.29],[106.099,40.338],[106.688,40.471],[106.728,40.473],[106.759,40.46],[106.785,40.438],[106.831,40.382],[106.857,40.358],[106.889,40.344],[106.929,40.344],[106.976,40.359],[107.74,40.887],[107.803,40.906],[107.963,40.915]]]}},{"type":"Feature","properties":{"id":"deserts-ne-1159103651-physical-areas-466","category":"deserts"},"geometry":{"type":"Polygon","coordinates":[[[83.963,37.312],[83.573,37.238],[81.707,37.341],[81.063,37.542],[81.001,37.578],[80.954,37.625],[80.795,37.651],[80.62,37.66],[79.572,37.88],[78.53,38.366],[78.413,38.455],[78.339,38.544],[78.294,38.655],[78.279,38.764],[78.292,38.87],[78.328,38.968],[78.386,39.054],[78.461,39.126],[78.55,39.18],[78.65,39.212],[79.099,39.277],[79.297,39.336],[79.517,39.464],[80.012,39.897],[80.194,40.013],[80.414,40.088],[84.874,40.584],[86.77,40.385],[87.084,40.273],[87.35,40.108],[87.547,39.88],[87.654,39.576],[87.64,39.312],[87.522,39.106],[87.326,38.947],[84.387,37.637],[84.034,37.344],[83.963,37.312]]]}},{"type":"Feature","properties":{"id":"deserts-ne-1159103653-physical-areas-467","category":"deserts"},"geometry":{"type":"Polygon","coordinates":[[[59.62,29.82],[59.445,29.802],[59.25,29.818],[58.948,29.861],[58.681,29.919],[58.433,30.01],[58.186,30.15],[58.089,30.224],[58.004,30.302],[57.846,30.466],[57.524,30.749],[57.449,30.803],[57.216,30.932],[57.078,31.044],[56.961,31.175],[56.62,31.625],[56.515,31.793],[56.43,31.972],[56.365,32.175],[56.308,32.49],[56.296,32.846],[56.345,33.191],[56.473,33.473],[56.618,33.62],[56.763,33.672],[56.916,33.647],[57.25,33.49],[57.426,33.433],[57.596,33.366],[57.741,33.264],[57.801,33.19],[57.906,33.028],[57.963,32.953],[58.828,32.001],[59.191,31.489],[59.326,31.326],[59.47,31.172],[59.607,31.039],[59.8,30.883],[59.874,30.793],[59.921,30.664],[59.94,30.518],[59.943,30.357],[59.926,30.197],[59.884,30.058],[59.768,29.897],[59.62,29.82]]]}},{"type":"Feature","properties":{"id":"ranges-ne-1730073315-physical-areas-538","category":"ranges"},"geometry":{"type":"Polygon","coordinates":[[[3.159,34.099],[2.782,33.861],[2.748,33.852],[2.061,33.676],[1.135,33.154],[0.685,32.995],[0.421,32.902],[-0.393,32.485],[-0.487,32.403],[-0.611,32.294],[-0.909,32.175],[-1.411,32.003],[-1.954,31.837],[-2.205,31.897],[-2.351,32.042],[-2.126,32.287],[-1.96,32.519],[-1.597,32.565],[-1.074,32.77],[-0.677,33.134],[-0.499,33.147],[-0.042,33.438],[0.441,33.478],[0.877,33.683],[1.175,34.066],[1.433,34.152],[1.387,33.934],[1.618,34.033],[1.777,34.291],[2.326,34.701],[2.782,34.807],[3.206,35.072],[3.649,35.31],[3.98,35.608],[4.244,35.674],[4.548,35.515],[4.595,35.316],[4.787,35.145],[4.859,34.893],[4.548,34.715],[4.191,34.496],[3.999,34.357],[3.722,34.265],[3.622,34.232],[3.159,34.099]]]}},{"type":"Feature","properties":{"id":"ranges-ne-1159103879-physical-areas-539","category":"ranges"},"geometry":{"type":"Polygon","coordinates":[[[-3.197,32.717],[-3.23,32.538],[-2.754,32.565],[-2.37,32.452],[-2.536,32.28],[-3.164,32.201],[-3.819,32.082],[-4.024,32.194],[-4.752,31.936],[-5.201,31.718],[-5.777,31.454],[-6.471,31.374],[-6.862,31.308],[-7.45,31.176],[-7.609,31.03],[-7.794,30.964],[-7.993,30.938],[-8.357,30.898],[-8.641,30.832],[-8.932,30.786],[-9.276,30.647],[-9.488,30.752],[-9.15,30.997],[-8.899,31.229],[-8.641,31.235],[-8.284,31.288],[-7.953,31.295],[-7.735,31.447],[-7.457,31.626],[-7.166,31.758],[-6.981,32.003],[-6.67,32.214],[-6.194,32.466],[-5.942,32.664],[-5.698,32.75],[-5.175,32.73],[-5.016,32.671],[-4.242,32.743],[-3.998,32.75],[-3.693,32.684],[-3.429,32.783],[-3.085,32.995],[-2.833,33.154],[-2.754,32.988],[-2.966,32.836],[-3.197,32.717]]]}},{"type":"Feature","properties":{"id":"ranges-ne-1159103881-physical-areas-540","category":"ranges"},"geometry":{"type":"Polygon","coordinates":[[[30.114,-30.69],[29.545,-31.286],[29.533,-31.298],[29.188,-31.656],[28.738,-32.106],[28.275,-32.516],[27.799,-32.873],[27.124,-33.297],[26.711,-33.411],[26.357,-33.508],[26.185,-33.442],[25.523,-33.323],[25.14,-33.204],[25.179,-32.926],[25.087,-32.741],[25.06,-32.503],[24.865,-32.441],[24.833,-32.431],[24.558,-32.344],[24.214,-32.265],[23.98,-32.258],[23.737,-32.252],[23.526,-32.066],[23.622,-31.99],[23.843,-31.815],[24.121,-31.656],[24.337,-31.449],[24.452,-31.339],[25.06,-30.995],[25.333,-31.009],[25.55,-31.021],[26.211,-30.942],[26.754,-30.942],[27.217,-30.757],[27.177,-30.399],[27.018,-29.936],[27.256,-29.685],[27.455,-29.566],[27.891,-28.971],[28.037,-28.468],[28.381,-28.375],[29.135,-28.256],[29.32,-27.806],[29.849,-27.33],[30.14,-27.079],[30.378,-26.259],[30.14,-25.677],[30.008,-25.28],[29.836,-24.896],[29.902,-24.274],[29.638,-24.089],[29.836,-23.6],[29.889,-23.229],[29.757,-22.819],[30.577,-22.422],[31.132,-22.383],[31.265,-22.568],[31.027,-22.766],[30.603,-23.52],[30.643,-23.944],[30.974,-24.446],[31.622,-25.24],[31.542,-25.703],[31.582,-26.312],[31.595,-26.907],[31.797,-27.108],[31.966,-27.277],[32.145,-27.482],[32.336,-27.701],[31.886,-28.441],[31.615,-28.778],[31.503,-28.918],[31.341,-29.079],[31.146,-29.275],[30.881,-29.738],[30.511,-30.055],[30.22,-30.32],[30.114,-30.69]]]}},{"type":"Feature","properties":{"id":"ranges-ne-1159103883-physical-areas-541","category":"ranges"},"geometry":{"type":"Polygon","coordinates":[[[13.273,-2.724],[13.789,-3.69],[13.776,-3.941],[13.366,-4.007],[12.479,-3.332],[12.188,-3.332],[12.175,-3.663],[12.651,-4.192],[13.286,-4.457],[13.514,-4.774],[13.657,-4.973],[13.842,-5.621],[13.617,-6.044],[13.855,-6.666],[14.437,-7.01],[14.993,-7.685],[14.993,-7.685],[15.231,-8.796],[14.781,-9.021],[14.331,-8.69],[13.829,-7.817],[13.405,-7.143],[13.306,-6.757],[13.207,-6.375],[13.286,-6.19],[13.061,-5.462],[12.795,-5.028],[12.704,-4.88],[12.307,-4.417],[11.5,-3.663],[10.865,-3.094],[10.363,-2.578],[10.151,-1.851],[10.085,-1.335],[10.746,-0.753],[10.641,-0.197],[10.548,0.173],[10.349,0.477],[10.111,0.795],[10.085,1.126],[10.23,1.218],[10.429,1.046],[10.733,0.914],[11.104,0.61],[11.262,0.028],[12.294,-0.382],[12.506,-0.793],[12.545,-1.229],[12.757,-1.613],[13.273,-2.724]]]}},{"type":"Feature","properties":{"id":"ranges-ne-1159103885-physical-areas-542","category":"ranges"},"geometry":{"type":"Polygon","coordinates":[[[19.615,22.535],[19.579,21.847],[19.5,21.468],[19.376,20.842],[19.421,20.233],[19.315,19.872],[19.103,19.695],[18.882,19.519],[18.38,19.492],[17.824,19.66],[17.41,19.845],[17.066,20.374],[16.686,20.357],[16.387,20.154],[16.168,20.099],[16.14,20.092],[16.148,20.135],[16.193,20.357],[16.104,20.551],[16.228,20.709],[16.122,20.895],[15.946,21.194],[15.822,21.706],[15.681,22.226],[15.796,22.315],[16.21,22.006],[16.484,22.068],[16.766,21.944],[17.163,22.024],[17.374,22.315],[17.56,22.614],[17.948,22.659],[18.327,22.72],[18.362,22.923],[18.309,23.214],[18.406,23.54],[18.609,23.805],[18.838,23.964],[19.032,24.087],[19.224,24.078],[19.385,24.07],[19.764,23.999],[19.78,23.972],[19.861,23.831],[19.853,23.479],[19.764,22.95],[19.615,22.535]]]}},{"type":"Feature","properties":{"id":"ranges-ne-1159103887-physical-areas-543","category":"ranges"},"geometry":{"type":"Polygon","coordinates":[[[4.802,26.962],[4.92,26.73],[4.939,26.693],[4.95,26.627],[5.027,26.164],[5.212,25.547],[5.688,25.247],[5.742,25.245],[6.147,25.232],[6.226,25.229],[6.434,24.938],[6.65,24.718],[7.108,24.533],[8.017,24.462],[8.259,24.422],[8.48,24.387],[8.749,24.343],[8.868,24.149],[8.634,24.112],[8.502,24.092],[8.599,23.854],[8.431,23.492],[8.762,23.468],[8.925,23.457],[8.899,23.245],[8.8,23.155],[8.59,22.963],[8.59,22.801],[8.59,22.707],[8.317,22.539],[7.964,22.231],[7.927,22.321],[7.858,22.491],[7.708,22.575],[7.549,22.681],[7.17,22.381],[7.117,22.072],[6.833,21.85],[6.597,21.666],[6.53,21.699],[6.407,21.759],[6.235,21.926],[5.979,21.923],[5.882,21.922],[5.884,21.984],[5.891,22.31],[5.362,22.319],[5.071,22.407],[4.983,22.447],[4.78,22.539],[4.564,22.65],[4.423,22.883],[4.436,23.196],[4.432,23.399],[4.608,23.651],[4.683,23.796],[4.648,23.845],[4.507,23.995],[4.277,24.193],[4.251,24.233],[3.925,24.303],[3.616,24.242],[3.254,24.224],[2.91,24.189],[2.531,24.189],[2.258,24.277],[1.667,24.374],[1.305,24.638],[1.067,24.85],[1.614,25.079],[1.958,25.115],[2.081,24.806],[2.408,24.78],[2.522,25.124],[2.637,25.556],[2.734,25.573],[2.751,25.238],[2.919,25.265],[2.999,25.335],[3.157,25.423],[3.14,25.582],[3.237,25.811],[3.219,26.129],[3.492,26.455],[3.554,26.808],[3.563,26.967],[3.748,26.932],[3.836,26.799],[4.092,26.817],[4.657,26.984],[4.802,26.962]]]}},{"type":"Feature","properties":{"id":"ranges-ne-1159103891-physical-areas-544","category":"ranges"},"geometry":{"type":"Polygon","coordinates":[[[8.925,17.367],[8.634,17.261],[8.502,17.402],[8.44,17.552],[8.264,17.728],[8.228,17.905],[8.387,18.116],[8.29,18.24],[8.123,18.566],[8.096,18.769],[7.682,18.99],[7.311,19.589],[7.466,19.741],[7.69,19.96],[7.751,20.02],[7.849,20.118],[8.158,20.304],[8.221,20.312],[8.351,20.329],[8.422,20.339],[8.651,20.357],[8.652,20.357],[8.67,20.352],[8.749,20.33],[8.74,20.074],[8.731,19.863],[8.819,19.598],[8.81,19.519],[9.04,19.325],[9.313,19.157],[9.534,19.069],[9.728,18.796],[9.838,18.575],[9.851,18.549],[9.838,18.507],[9.789,18.355],[9.657,18.205],[9.507,18.09],[9.34,18.09],[9.26,17.993],[9.472,17.887],[9.684,17.79],[9.542,17.72],[9.357,17.711],[8.925,17.367]]]}},{"type":"Feature","properties":{"id":"ranges-ne-1730073347-physical-areas-545","category":"ranges"},"geometry":{"type":"Polygon","coordinates":[[[29.033,-4.964],[29.139,-5.476],[28.823,-4.893],[28.751,-4.761],[28.685,-4.622],[28.652,-4.55],[28.451,-4.127],[28.011,-3.756],[28.16,-3.174],[28.266,-2.671],[28.39,-2.61],[28.398,-2.001],[28.407,-1.531],[28.407,-1.525],[28.498,-1.131],[28.531,-0.987],[28.663,-0.44],[29.078,0.407],[29.466,0.707],[29.713,1.095],[30.162,1.624],[30.494,1.888],[30.639,2.003],[30.877,2.294],[31.097,2.717],[31.353,2.7],[31.353,2.471],[31.15,2.127],[31.018,2.021],[30.542,1.624],[30.409,1.315],[30.414,1.166],[30.418,1.033],[30.18,0.574],[29.835,0.06],[29.801,0.01],[29.757,-0.004],[29.607,-0.052],[29.422,-0.343],[29.316,-0.687],[29.439,-0.731],[29.386,-1.049],[29.36,-1.304],[29.122,-1.498],[28.919,-2.001],[28.857,-2.451],[29.201,-3.297],[29.113,-3.747],[29.06,-4.021],[29.192,-4.338],[29.122,-4.691],[29.033,-4.964]]]}},{"type":"Feature","properties":{"id":"ranges-ne-1159103895-physical-areas-546","category":"ranges"},"geometry":{"type":"Polygon","coordinates":[[[128.87,46.455],[128.767,46.445],[128.676,46.469],[128.595,46.521],[128.206,47.003],[128.197,47.022],[128.192,47.044],[128.198,47.186],[128.193,47.207],[127.271,48.571],[126.952,48.852],[126.831,48.909],[126.691,48.941],[126.285,48.967],[125.003,49.342],[124.773,49.483],[124.581,49.675],[124.559,49.71],[124.439,49.908],[124.362,50.17],[124.413,50.864],[124.42,50.955],[124.459,51.045],[124.52,51.124],[124.611,51.194],[124.688,51.254],[125.267,51.551],[125.783,51.657],[126.06,51.656],[126.328,51.613],[126.571,51.521],[126.774,51.376],[126.922,51.172],[126.939,51.118],[126.959,50.964],[127.073,50.752],[127.188,50.293],[127.229,50.206],[127.281,50.135],[127.746,49.782],[127.834,49.714],[127.943,49.657],[128.782,49.573],[130.078,49.099],[130.293,48.946],[130.44,48.765],[130.765,48.13],[130.84,47.878],[130.85,47.758],[130.827,47.659],[130.762,47.592],[130.646,47.571],[130.896,47.381],[130.925,47.34],[130.945,47.292],[130.962,47.214],[130.961,47.191],[130.952,47.176],[130.936,47.164],[130.765,47.086],[130.305,47.024],[130.233,46.995],[130.069,46.882],[129.994,46.851],[129.909,46.835],[129.735,46.831],[129.229,46.687],[128.989,46.506],[128.87,46.455]]]}},{"type":"Feature","properties":{"id":"ranges-ne-1159103897-physical-areas-547","category":"ranges"},"geometry":{"type":"Polygon","coordinates":[[[133.134,42.828],[133.02,42.828],[132.907,42.834],[132.788,42.847],[132.734,42.863],[132.709,42.876],[132.691,42.875],[132.677,42.88],[132.589,42.947],[132.534,43.056],[132.516,43.179],[132.519,43.307],[132.53,43.428],[132.549,43.528],[132.588,43.625],[132.637,43.716],[132.693,43.8],[132.801,43.941],[133.663,44.878],[133.804,45.01],[134.258,45.359],[134.906,45.92],[135.922,47.002],[137.2,48.536],[137.355,48.698],[137.427,48.783],[137.487,48.878],[137.505,48.919],[137.556,49.064],[137.605,49.17],[137.786,49.468],[137.997,49.874],[138.077,50.005],[138.153,50.096],[138.804,50.602],[138.915,50.707],[139.223,51.035],[139.422,51.225],[139.631,51.402],[139.713,51.447],[139.798,51.466],[140.19,51.501],[140.296,51.499],[140.398,51.478],[140.507,51.414],[140.554,51.324],[140.559,51.216],[140.538,51.095],[140.374,50.408],[140.308,49.796],[140.305,49.694],[140.317,49.487],[140.31,49.385],[140.303,49.367],[140.28,49.339],[140.272,49.32],[140.271,49.304],[140.276,49.269],[140.274,49.253],[140.237,49.144],[140.195,49.045],[140.139,48.964],[140.007,48.808],[139.883,48.637],[139.817,48.557],[139.737,48.482],[139.481,48.295],[139.4,48.226],[139.327,48.152],[138.397,46.938],[137.766,46.263],[137.54,45.988],[137.362,45.807],[136.983,45.469],[136.866,45.354],[136.551,44.981],[136.427,44.867],[135.844,44.391],[135.501,44.065],[134.766,43.452],[134.697,43.41],[134.557,43.351],[134.263,43.245],[133.617,42.96],[133.34,42.863],[133.238,42.84],[133.134,42.828]]]}},{"type":"Feature","properties":{"id":"ranges-ne-1159103899-physical-areas-548","category":"ranges"},"geometry":{"type":"Polygon","coordinates":[[[139.213,62.725],[139.091,62.715],[138.95,62.725],[138.849,62.74],[138.453,62.845],[138.246,62.923],[138.138,62.956],[136.896,63.241],[134.507,63.578],[133.844,63.618],[132.161,63.831],[130.348,63.923],[128.748,64.177],[127.869,64.431],[127.635,64.515],[127.41,64.643],[127.162,64.84],[126.941,65.058],[126.749,65.298],[126.584,65.565],[126.396,66.058],[126.307,66.6],[126.299,67.153],[126.355,67.68],[126.41,67.95],[126.481,68.217],[126.884,69.344],[127.029,69.63],[127.209,69.898],[127.339,70.051],[127.48,70.193],[127.636,70.317],[127.806,70.421],[128.037,70.51],[128.285,70.561],[128.784,70.614],[129.043,70.608],[129.302,70.54],[129.544,70.424],[129.895,70.176],[130.044,70.088],[130.182,69.991],[130.287,69.866],[130.344,69.72],[130.372,69.562],[130.379,69.399],[130.358,68.747],[130.319,68.507],[130.238,68.27],[130.131,68.039],[130.043,67.812],[129.995,67.577],[130.013,67.32],[130.115,66.898],[130.251,66.489],[130.44,66.113],[130.701,65.79],[130.862,65.662],[131.498,65.31],[131.589,65.273],[131.682,65.243],[134.749,64.668],[135.873,64.569],[137.333,64.313],[138.374,64.043],[138.668,63.986],[138.808,63.948],[139.041,63.853],[139.254,63.72],[139.422,63.54],[139.515,63.307],[139.521,63.196],[139.502,63.086],[139.465,62.981],[139.413,62.884],[139.319,62.774],[139.213,62.725]]]}},{"type":"Feature","properties":{"id":"ranges-ne-1730073365-physical-areas-549","category":"ranges"},"geometry":{"type":"Polygon","coordinates":[[[108.543,11.73],[108.462,11.708],[107.734,11.721],[107.628,11.745],[107.543,11.785],[107.478,11.841],[107.43,11.911],[107.399,11.997],[107.357,13.009],[107.077,13.779],[107.037,14.447],[106.883,14.783],[106.813,15.119],[106.8,15.754],[106.813,15.789],[106.86,15.817],[107.13,15.893],[107.464,15.93],[107.551,15.912],[107.752,15.838],[107.827,15.789],[107.867,15.743],[107.987,15.52],[108.781,12.83],[108.784,12.355],[108.749,12.21],[108.68,11.923],[108.634,11.817],[108.597,11.767],[108.543,11.73]]]}},{"type":"Feature","properties":{"id":"ranges-ne-1159103903-physical-areas-550","category":"ranges"},"geometry":{"type":"Polygon","coordinates":[[[102.957,37.451],[102.462,36.44],[102.303,36.219],[102.165,36.077],[102.064,36.047],[102.026,36.071],[101.94,36.164],[101.915,36.179],[101.879,36.188],[101.104,36.156],[100.79,36.204],[99.874,36.559],[99.465,36.84],[99.24,36.929],[98.993,36.963],[98.365,36.92],[98.213,36.947],[98.082,37.021],[97.62,37.46],[97.485,37.525],[96.673,37.544],[96.459,37.607],[96.354,37.66],[96.333,37.722],[96.277,37.768],[95.791,37.894],[95.296,38.111],[95.088,38.273],[94.582,38.459],[94.507,38.521],[94.477,38.597],[94.506,38.689],[94.569,38.749],[94.656,38.785],[95.285,38.807],[95.372,38.833],[95.421,38.862],[95.438,38.895],[95.427,38.93],[95.392,38.968],[95.193,39.085],[94.493,39.246],[94.393,39.308],[94.345,39.398],[94.366,39.521],[94.454,39.672],[94.57,39.797],[94.709,39.898],[95.026,40.037],[95.635,40.141],[95.656,40.138],[96.269,40.068],[97.436,39.935],[98.297,39.836],[98.53,39.768],[99.427,39.506],[99.527,39.477],[99.645,39.443],[99.697,39.402],[99.711,39.391],[100.859,38.483],[101.013,38.393],[101.113,38.355],[102.014,38.265],[102.238,38.243],[102.375,38.192],[102.497,38.123],[102.707,37.939],[102.864,37.709],[102.96,37.57],[102.957,37.451]]]}},{"type":"Feature","properties":{"id":"ranges-ne-1730073373-physical-areas-551","category":"ranges"},"geometry":{"type":"Polygon","coordinates":[[[94.623,55.217],[95.016,55.193],[95.127,55.203],[95.326,55.265],[95.702,55.447],[95.928,55.507],[96.463,55.527],[96.725,55.48],[98.958,54.633],[99.285,54.453],[99.816,54.037],[103.432,52.357],[103.619,52.224],[103.687,52.142],[103.709,52.1],[103.719,52.063],[103.719,52.03],[103.664,51.86],[103.643,51.849],[103.294,51.843],[103.247,51.829],[103.231,51.802],[103.225,51.77],[103.198,51.758],[102.907,51.811],[102.725,51.774],[102.647,51.774],[102.6,51.793],[102.546,51.853],[102.513,51.878],[102.46,51.887],[102.286,51.856],[101.946,51.894],[101.681,51.883],[100.985,51.705],[98.388,51.716],[96.611,52.01],[95.941,52.365],[95.094,52.812],[93.999,53.131],[93.837,53.179],[92.845,53.838],[92.468,54.189],[91.824,54.606],[91.764,54.666],[91.712,54.736],[91.67,54.816],[91.638,54.911],[91.621,55.008],[91.622,55.09],[91.638,55.16],[91.669,55.222],[91.764,55.331],[92.213,55.689],[92.249,55.718],[92.443,55.82],[92.665,55.88],[92.676,55.88],[92.904,55.885],[93.136,55.836],[94.255,55.294],[94.623,55.217]]]}},{"type":"Feature","properties":{"id":"ranges-ne-1730073379-physical-areas-552","category":"ranges"},"geometry":{"type":"Polygon","coordinates":[[[117.701,51.749],[117.059,51.266],[116.987,51.232],[116.905,51.225],[116.541,51.308],[116.439,51.286],[116.03,51.056],[115.924,51.017],[115.506,50.986],[115.385,50.94],[115.282,50.872],[115.198,50.781],[115.129,50.668],[114.888,49.866],[114.755,49.636],[114.663,49.541],[114.585,49.488],[114.55,49.464],[114.441,49.417],[114.2,49.37],[113.577,49.373],[113.371,49.461],[112.864,49.679],[111.263,49.942],[111.144,50.011],[111.068,50.119],[111.053,50.215],[111.088,50.303],[111.473,50.673],[111.898,51.405],[113.486,52.896],[113.703,53.17],[113.781,53.324],[113.865,53.746],[113.886,53.805],[113.921,53.866],[114.694,54.716],[114.816,54.805],[114.871,54.859],[115.433,56.404],[115.648,56.731],[116.194,57.31],[116.791,58.341],[116.919,58.492],[117.079,58.623],[117.278,58.728],[117.654,58.851],[118.002,58.907],[118.32,58.908],[118.86,58.79],[119.696,58.341],[120.599,58.184],[120.771,58.098],[120.939,57.967],[121.092,57.8],[121.224,57.607],[121.324,57.396],[121.385,57.177],[121.397,56.957],[121.074,55.675],[120.992,55.525],[120.35,54.685],[120.287,54.507],[120.249,54.439],[120.007,54.16],[119.935,54.021],[119.527,53.611],[119.463,53.578],[119.185,53.516],[119.129,53.48],[118.685,52.708],[118.398,52.437],[118.36,52.386],[118.33,52.327],[118.296,52.279],[118.24,52.248],[117.953,52.187],[117.899,52.159],[117.868,52.114],[117.77,51.849],[117.701,51.749]]]}},{"type":"Feature","properties":{"id":"ranges-ne-1159103911-physical-areas-553","category":"ranges"},"geometry":{"type":"Polygon","coordinates":[[[117.201,31.207],[117.178,31.159],[116.022,30.079],[115.961,30.048],[115.897,30.032],[115.832,30.03],[115.769,30.045],[115.709,30.079],[115.654,30.133],[115.615,30.196],[115.55,30.435],[115.521,30.487],[115.473,30.535],[115.399,30.577],[115.193,30.654],[115.149,30.68],[115.111,30.712],[115.081,30.754],[115.058,30.809],[115.047,30.87],[115.046,30.903],[115.042,30.915],[115.032,30.926],[114.983,30.96],[114.932,30.983],[114.569,31.024],[114.397,31.09],[113.848,31.12],[113.609,31.184],[113.437,31.178],[113.381,31.185],[113.248,31.239],[113.117,31.325],[113.002,31.431],[112.917,31.544],[112.861,31.677],[112.826,32.286],[112.839,32.363],[112.865,32.429],[112.908,32.483],[112.97,32.525],[113.055,32.555],[113.321,32.584],[113.545,32.578],[113.59,32.566],[113.627,32.551],[113.932,32.302],[114.068,32.231],[114.203,32.198],[115.127,32.177],[115.637,32.091],[116.504,31.737],[117.097,31.377],[117.151,31.332],[117.188,31.291],[117.204,31.25],[117.201,31.207]]]}},{"type":"Feature","properties":{"id":"ranges-ne-1159103913-physical-areas-554","category":"ranges"},"geometry":{"type":"Polygon","coordinates":[[[113.089,23.653],[112.859,23.604],[112.302,23.296],[112.183,23.263],[111.859,23.263],[111.714,23.29],[111.572,23.358],[111.323,23.543],[111.197,23.605],[111.129,23.623],[111.058,23.632],[110.984,23.629],[110.785,23.721],[110.007,23.853],[109.976,23.868],[109.935,23.899],[109.899,23.935],[109.844,24.022],[109.81,24.118],[109.793,24.213],[109.8,24.387],[109.796,24.414],[109.787,24.436],[109.762,24.467],[109.731,24.489],[109.547,24.542],[109.518,24.557],[109.458,24.617],[109.428,24.687],[109.423,24.764],[109.438,24.843],[109.469,24.922],[109.56,25.059],[109.69,25.185],[109.705,25.205],[109.715,25.227],[109.749,25.372],[109.822,25.55],[109.827,25.583],[109.824,25.614],[110.112,25.816],[110.212,25.855],[110.306,25.87],[111.557,25.869],[111.661,25.847],[111.759,25.802],[111.928,25.648],[111.962,25.628],[112.041,25.602],[113.514,25.396],[113.757,25.319],[113.909,25.243],[113.992,25.179],[114.064,25.1],[114.092,25.055],[114.111,25.009],[114.12,24.961],[114.119,24.907],[114.107,24.868],[114.086,24.841],[114.058,24.822],[113.897,24.767],[113.823,24.714],[113.772,24.646],[113.663,24.301],[113.623,24.219],[113.563,24.146],[113.375,24.0],[113.322,23.939],[113.192,23.726],[113.162,23.696],[113.125,23.67],[113.089,23.653]]]}},{"type":"Feature","properties":{"id":"ranges-ne-1159103915-physical-areas-555","category":"ranges"},"geometry":{"type":"Polygon","coordinates":[[[76.791,10.549],[76.765,10.552],[76.467,10.585],[76.366,10.624],[76.279,10.657],[76.102,10.777],[76.041,10.839],[75.915,10.969],[75.833,11.086],[75.724,11.362],[75.646,11.468],[75.61,11.539],[75.563,11.703],[75.489,11.961],[75.449,12.044],[75.136,12.494],[74.863,13.551],[74.591,14.139],[74.391,14.442],[74.382,14.495],[74.335,14.575],[74.28,14.65],[74.223,14.709],[74.115,14.865],[74.052,15.021],[73.932,15.585],[73.637,16.035],[72.89,18.749],[72.899,18.779],[72.977,18.927],[73.006,19.021],[72.972,19.153],[72.901,19.015],[72.852,18.986],[72.859,19.293],[72.987,19.277],[72.86,19.332],[72.867,19.665],[72.948,19.948],[73.389,20.726],[73.425,20.764],[73.471,20.793],[73.533,20.81],[73.729,20.809],[73.832,20.784],[73.877,20.761],[73.916,20.73],[73.947,20.689],[73.97,20.636],[73.981,20.577],[73.985,20.51],[73.96,20.211],[74.083,18.525],[75.859,13.184],[76.339,12.26],[76.415,12.171],[76.541,12.12],[77.21,12.04],[77.33,11.987],[77.395,11.895],[77.389,11.785],[76.886,10.784],[76.879,10.673],[76.791,10.549]]]}},{"type":"Feature","properties":{"id":"ranges-ne-1159103917-physical-areas-556","category":"ranges"},"geometry":{"type":"Polygon","coordinates":[[[78.7,11.328],[78.285,11.29],[78.095,11.308],[78.036,11.327],[77.89,11.433],[77.757,11.578],[77.709,11.656],[77.681,11.733],[77.679,11.804],[78.182,12.681],[78.68,14.15],[78.668,15.555],[78.754,15.871],[78.829,16.022],[79.799,17.134],[79.87,17.216],[79.939,17.27],[80.325,17.571],[81.2,18.584],[81.233,18.677],[81.28,19.091],[81.308,19.188],[81.358,19.276],[81.961,19.867],[82.024,19.895],[82.306,19.929],[82.372,19.955],[82.877,20.42],[83.133,20.584],[83.507,20.706],[83.713,20.738],[84.425,20.676],[84.517,20.647],[85.195,20.196],[85.236,20.138],[85.235,20.077],[85.19,20.003],[84.762,19.583],[84.596,19.204],[84.163,18.626],[83.134,17.71],[82.816,17.532],[82.458,17.421],[81.387,17.349],[81.198,17.301],[81.026,17.213],[80.725,16.95],[79.836,15.906],[79.749,15.742],[79.644,15.077],[79.639,14.758],[79.603,14.665],[79.479,14.453],[79.466,14.407],[79.461,14.323],[79.478,14.259],[79.513,14.209],[79.714,14.034],[79.752,13.968],[79.846,13.616],[79.861,13.429],[79.856,13.345],[79.573,12.528],[79.546,12.349],[79.508,12.231],[79.176,11.799],[79.159,11.766],[79.15,11.74],[79.151,11.724],[79.016,11.503],[78.986,11.458],[78.96,11.429],[78.937,11.413],[78.7,11.328]]]}},{"type":"Feature","properties":{"id":"ranges-ne-1159103919-physical-areas-557","category":"ranges"},"geometry":{"type":"Polygon","coordinates":[[[76.879,22.714],[75.912,22.223],[75.747,22.204],[75.398,22.254],[75.287,22.253],[73.9,21.846],[73.774,21.85],[73.717,21.867],[73.645,21.926],[73.589,22.023],[73.552,22.146],[73.534,22.282],[73.537,22.416],[73.563,22.535],[73.614,22.627],[73.691,22.676],[73.717,22.702],[73.824,22.717],[74.408,22.641],[74.516,22.657],[74.615,22.702],[74.63,22.715],[74.716,22.823],[74.774,22.861],[76.08,23.192],[78.399,24.489],[78.645,24.537],[78.951,24.541],[79.252,24.476],[79.389,24.413],[79.509,24.326],[79.607,24.212],[79.667,24.081],[79.684,23.938],[79.664,23.79],[79.612,23.645],[79.534,23.512],[79.434,23.398],[79.318,23.311],[79.191,23.258],[78.29,23.204],[78.241,23.181],[78.198,23.152],[78.044,23.001],[77.93,22.922],[77.789,22.857],[76.879,22.714]]]}},{"type":"Feature","properties":{"id":"ranges-ne-1159103921-physical-areas-558","category":"ranges"},"geometry":{"type":"Polygon","coordinates":[[[116.91,25.368],[116.861,25.355],[116.798,25.363],[116.306,25.554],[116.159,25.646],[116.009,25.776],[115.896,25.91],[115.78,26.214],[115.772,26.262],[115.772,26.308],[115.914,26.918],[116.132,27.441],[116.353,27.796],[116.381,27.827],[117.158,28.398],[117.244,28.435],[117.464,28.465],[117.577,28.461],[118.243,28.286],[118.279,28.263],[118.326,28.192],[118.334,28.094],[118.027,26.64],[118.034,26.512],[117.868,25.824],[117.744,25.63],[117.667,25.557],[117.582,25.508],[116.91,25.368]]]}},{"type":"Feature","properties":{"id":"ranges-ne-1159103923-physical-areas-559","category":"ranges"},"geometry":{"type":"Polygon","coordinates":[[[85.743,47.2],[85.767,47.139],[85.777,47.083],[85.775,47.029],[85.694,46.79],[85.637,46.698],[85.549,46.615],[85.309,46.482],[85.036,46.396],[84.297,46.348],[84.043,46.38],[83.987,46.398],[83.965,46.412],[83.895,46.484],[83.877,46.536],[83.899,46.588],[84.099,46.778],[84.104,46.816],[84.062,46.848],[83.545,46.987],[83.256,47.003],[83.133,46.983],[82.987,46.911],[82.926,46.896],[82.513,46.907],[82.399,46.935],[82.075,47.085],[82.015,47.124],[81.977,47.158],[81.718,47.13],[81.386,47.143],[81.294,47.169],[81.182,47.203],[80.485,47.206],[80.272,47.242],[80.107,47.322],[79.521,47.605],[79.274,47.79],[79.059,48.059],[79.028,48.142],[79.02,48.217],[79.031,48.285],[79.055,48.347],[79.329,48.753],[79.374,48.795],[79.428,48.824],[79.493,48.838],[81.162,48.715],[81.806,48.564],[82.758,48.11],[83.864,47.583],[85.476,47.424],[85.564,47.393],[85.641,47.343],[85.704,47.269],[85.743,47.2]]]}},{"type":"Feature","properties":{"id":"ranges-ne-1159103927-physical-areas-560","category":"ranges"},"geometry":{"type":"Polygon","coordinates":[[[94.051,38.875],[94.002,38.545],[94.003,38.469],[94.024,38.403],[93.542,38.4],[93.405,38.438],[92.808,38.712],[92.625,38.758],[91.276,38.67],[91.221,38.644],[91.21,38.609],[91.237,38.567],[91.295,38.522],[91.74,38.331],[91.797,38.286],[91.844,38.232],[91.85,38.221],[91.88,38.167],[91.906,38.091],[91.92,37.956],[91.925,37.907],[91.91,37.824],[91.871,37.763],[91.814,37.722],[91.742,37.697],[91.66,37.687],[91.126,37.745],[90.619,37.716],[90.411,37.747],[90.36,37.746],[90.309,37.735],[90.054,37.63],[89.513,37.531],[89.42,37.514],[89.219,37.527],[89.064,37.537],[88.979,37.554],[88.979,37.59],[87.587,37.505],[86.869,37.627],[86.637,37.726],[86.508,37.822],[86.472,37.923],[86.511,38.023],[86.605,38.119],[86.875,38.282],[87.174,38.386],[87.913,38.641],[89.261,39.106],[89.472,39.179],[89.93,39.215],[93.837,39.518],[93.827,39.291],[93.837,39.238],[93.859,39.189],[94.011,39.001],[94.042,38.945],[94.051,38.875]]]}},{"type":"Feature","properties":{"id":"ranges-ne-1730073417-physical-areas-561","category":"ranges"},"geometry":{"type":"Polygon","coordinates":[[[39.917,22.758],[39.763,22.608],[39.55,22.619],[39.322,22.81],[39.134,23.086],[38.967,23.386],[38.805,23.644],[38.573,23.922],[37.794,24.713],[37.564,24.985],[36.985,25.868],[36.775,26.149],[36.003,27.048],[35.918,27.171],[35.845,27.304],[35.568,27.968],[35.479,28.234],[35.423,28.505],[35.493,28.766],[35.729,28.871],[36.03,28.874],[36.294,28.828],[36.442,28.789],[36.583,28.737],[36.709,28.66],[36.809,28.547],[36.894,28.395],[37.048,28.076],[37.136,27.922],[37.266,27.77],[37.424,27.646],[37.59,27.528],[37.746,27.398],[37.972,27.149],[38.173,26.883],[38.354,26.6],[38.88,25.638],[39.262,25.042],[39.494,24.63],[39.573,24.466],[39.926,23.597],[39.984,23.413],[40.02,23.225],[40.005,22.991],[39.917,22.758]]]}},{"type":"Feature","properties":{"id":"ranges-ne-1730073421-physical-areas-562","category":"ranges"},"geometry":{"type":"Polygon","coordinates":[[[43.861,16.532],[43.744,16.36],[43.59,16.412],[43.441,16.577],[43.342,16.745],[43.336,16.756],[43.198,17.036],[43.044,17.308],[41.977,18.92],[41.579,19.376],[41.468,19.542],[41.324,19.843],[41.138,20.297],[41.071,20.461],[40.913,20.751],[40.796,20.913],[40.694,21.073],[40.658,21.237],[40.741,21.413],[40.926,21.524],[41.158,21.538],[41.398,21.483],[41.604,21.387],[41.72,21.305],[42.031,21.024],[42.223,20.862],[42.384,20.706],[42.524,20.534],[42.654,20.321],[43.012,19.608],[43.152,19.252],[43.319,18.96],[43.372,18.842],[43.407,18.719],[43.516,18.196],[43.817,17.245],[43.866,17.004],[43.886,16.759],[43.861,16.532]]]}},{"type":"Feature","properties":{"id":"ranges-ne-1730073425-physical-areas-563","category":"ranges"},"geometry":{"type":"Polygon","coordinates":[[[52.007,36.568],[52.669,36.615],[52.825,36.648],[52.966,36.691],[53.254,36.808],[53.424,36.858],[53.594,36.87],[53.726,36.862],[53.679,36.853],[53.769,36.818],[53.906,36.813],[53.97,36.818],[54.016,36.85],[54.017,36.852],[54.14,36.856],[54.744,36.948],[54.929,36.958],[55.065,36.912],[55.141,36.797],[55.149,36.602],[55.102,36.449],[55.017,36.362],[54.899,36.31],[54.109,36.037],[53.89,35.974],[53.654,35.922],[53.549,35.884],[53.451,35.822],[53.33,35.702],[53.215,35.572],[53.091,35.46],[52.944,35.394],[52.839,35.38],[52.716,35.375],[52.593,35.38],[52.49,35.393],[52.361,35.44],[52.11,35.58],[51.983,35.633],[51.561,35.732],[51.436,35.782],[51.331,35.848],[51.137,35.996],[51.032,36.055],[50.886,36.113],[50.423,36.259],[50.052,36.417],[49.335,36.788],[48.96,36.939],[48.597,37.035],[48.386,37.121],[48.235,37.253],[48.185,37.426],[48.28,37.634],[48.311,37.67],[48.446,37.791],[48.584,37.853],[48.732,37.848],[48.895,37.766],[49.342,37.469],[49.5,37.388],[49.67,37.325],[50.003,37.23],[50.758,36.851],[51.37,36.651],[52.007,36.568]]]}},{"type":"Feature","properties":{"id":"ranges-ne-1159103935-physical-areas-564","category":"ranges"},"geometry":{"type":"Polygon","coordinates":[[[7.267,58.519],[6.362,58.635],[6.108,58.871],[6.137,58.875],[6.214,58.945],[6.363,59.001],[6.321,59.016],[6.099,58.952],[6.017,58.988],[5.931,59.037],[5.9,59.065],[5.89,59.099],[5.949,59.135],[5.969,59.186],[5.937,59.234],[5.952,59.299],[6.051,59.368],[6.199,59.438],[6.306,59.506],[6.415,59.547],[6.404,59.561],[6.279,59.535],[6.159,59.49],[6.017,59.414],[5.845,59.353],[5.818,59.348],[5.727,59.667],[5.772,59.661],[5.867,59.734],[5.991,59.745],[6.217,59.818],[6.212,59.832],[6.059,59.816],[5.967,59.813],[5.834,59.795],[5.763,59.808],[5.73,59.863],[5.784,59.913],[5.996,60.031],[6.07,60.083],[6.112,60.132],[6.105,60.165],[6.141,60.233],[6.349,60.353],[6.518,60.408],[6.574,60.361],[6.526,60.214],[6.527,60.153],[6.661,60.367],[6.72,60.418],[6.787,60.454],[6.95,60.478],[6.996,60.512],[6.806,60.501],[6.347,60.419],[6.153,60.346],[6.102,60.29],[5.967,60.206],[5.904,60.151],[5.877,60.07],[5.801,60.026],[5.699,60.01],[5.671,59.99],[5.656,60.114],[5.689,60.123],[5.658,60.154],[5.65,60.154],[5.588,60.644],[5.588,60.65],[5.648,60.688],[5.59,60.694],[5.611,61.07],[5.984,61.117],[6.293,61.081],[6.418,61.084],[6.61,61.137],[6.778,61.142],[6.903,61.102],[6.972,61.056],[6.981,60.994],[7.039,60.953],[7.078,60.966],[7.047,61.015],[7.04,61.091],[7.545,61.177],[7.604,61.211],[7.404,61.222],[7.347,61.301],[7.453,61.419],[7.443,61.435],[7.331,61.372],[7.276,61.284],[7.298,61.214],[7.276,61.181],[7.174,61.166],[6.943,61.161],[6.794,61.19],[6.657,61.207],[6.61,61.229],[6.626,61.279],[6.6,61.29],[6.543,61.245],[6.493,61.155],[6.383,61.134],[6.083,61.167],[5.647,61.148],[5.615,61.14],[5.629,61.404],[5.975,61.795],[6.016,61.788],[6.467,61.807],[6.731,61.87],[6.682,61.887],[6.396,61.851],[6.131,61.852],[6.039,61.866],[6.052,61.881],[7.583,62.551],[7.653,62.564],[7.691,62.586],[7.67,62.589],[7.988,62.728],[8.096,62.732],[8.061,62.759],[8.429,62.92],[8.623,62.846],[8.609,62.881],[8.494,62.949],[9.572,63.42],[9.798,63.55],[9.832,63.524],[9.892,63.492],[9.936,63.479],[9.979,63.395],[10.021,63.391],[10.081,63.433],[10.189,63.455],[10.34,63.469],[10.591,63.447],[10.704,63.464],[10.76,63.461],[10.707,63.536],[10.674,63.558],[10.725,63.625],[10.779,63.651],[10.953,63.698],[11.118,63.719],[11.226,63.764],[11.371,63.805],[11.348,63.838],[11.308,63.876],[11.214,63.878],[11.176,63.899],[11.295,63.948],[11.458,64.003],[11.429,64.025],[11.307,64.049],[11.214,64.031],[11.075,63.988],[10.914,63.921],[10.967,63.902],[11.047,63.845],[10.935,63.77],[10.339,63.571],[10.055,63.513],[9.924,63.522],[9.893,63.576],[9.871,63.591],[10.516,63.96],[12.082,65.155],[12.16,65.179],[12.227,65.145],[12.307,65.086],[12.508,65.099],[12.738,65.214],[12.916,65.339],[12.82,65.317],[12.715,65.266],[12.512,65.195],[12.418,65.184],[12.364,65.193],[12.334,65.241],[12.263,65.256],[12.2,65.246],[12.248,65.282],[13.007,65.949],[13.033,65.956],[13.026,65.965],[13.253,66.164],[13.387,66.183],[13.674,66.18],[13.76,66.221],[13.916,66.247],[14.034,66.298],[13.973,66.32],[13.681,66.274],[13.499,66.252],[13.416,66.253],[13.352,66.237],[13.335,66.236],[14.106,66.913],[14.424,67.149],[14.473,67.143],[14.601,67.174],[14.776,67.194],[15.416,67.202],[15.435,67.247],[15.3,67.257],[14.824,67.268],[14.585,67.267],[14.994,67.57],[15.121,67.555],[15.289,67.483],[15.409,67.474],[15.465,67.451],[15.553,67.352],[15.594,67.349],[15.576,67.444],[15.692,67.521],[15.661,67.543],[15.487,67.515],[15.354,67.544],[15.249,67.602],[15.219,67.655],[15.284,67.708],[15.346,67.734],[15.315,67.757],[16.081,68.149],[16.121,68.027],[16.261,67.887],[16.312,67.881],[16.259,68.001],[16.309,68.036],[16.372,68.062],[16.392,68.092],[16.319,68.102],[16.26,68.145],[16.215,68.217],[16.339,68.281],[16.649,68.4],[16.865,68.355],[16.951,68.355],[17.094,68.368],[17.336,68.41],[17.479,68.426],[17.553,68.426],[17.571,68.447],[17.502,68.461],[17.48,68.474],[17.426,68.482],[17.202,68.459],[16.815,68.464],[17.846,68.86],[19.641,69.428],[19.642,69.424],[19.648,69.43],[20.335,69.647],[20.338,69.617],[20.277,69.536],[20.044,69.356],[20.054,69.333],[20.107,69.341],[20.198,69.371],[20.487,69.542],[20.739,69.521],[20.743,69.535],[20.662,69.585],[20.562,69.633],[20.533,69.692],[20.534,69.71],[20.779,69.787],[21.564,69.95],[21.59,69.938],[21.78,69.887],[21.932,69.815],[21.975,69.835],[21.893,70.004],[21.879,70.014],[22.861,70.063],[23.147,70.046],[23.177,70.029],[23.258,69.993],[23.354,69.983],[23.4,70.02],[23.374,70.032],[23.847,70.004],[24.446,69.872],[24.282,69.7],[21.133,68.749],[21.034,68.708],[19.653,68.143],[18.153,67.321],[17.196,66.634],[16.825,66.367],[12.875,62.996],[11.719,62.127],[10.106,61.085],[9.43,60.715],[9.385,60.69],[8.79,60.186],[8.127,59.319],[7.741,58.815],[7.267,58.519]]]}},{"type":"Feature","properties":{"id":"ranges-ne-1159103937-physical-areas-565","category":"ranges"},"geometry":{"type":"Polygon","coordinates":[[[20.746,49.94],[20.989,49.937],[21.696,49.988],[22.175,49.941],[22.573,49.837],[22.958,49.679],[23.689,49.287],[24.434,48.807],[24.818,48.597],[25.227,48.474],[25.391,48.438],[25.541,48.385],[25.836,48.25],[26.034,48.141],[26.211,48.008],[26.373,47.851],[26.527,47.673],[26.729,47.402],[26.909,47.11],[27.055,46.801],[27.156,46.481],[27.202,46.103],[27.153,45.746],[26.991,45.44],[26.697,45.218],[26.576,45.176],[26.363,45.103],[26.009,45.044],[25.648,45.025],[25.47,45.025],[25.048,45.026],[23.877,44.863],[23.666,44.821],[23.428,44.751],[23.09,44.65],[22.739,44.605],[22.73,44.604],[22.369,44.617],[22.277,44.635],[22.004,44.691],[21.929,44.732],[21.77,44.821],[21.724,44.846],[21.604,45.081],[21.584,45.321],[21.579,45.376],[21.585,45.711],[21.635,46.044],[21.752,46.4],[21.996,46.993],[22.13,47.205],[22.355,47.406],[22.637,47.573],[23.185,47.768],[23.313,47.867],[23.359,47.991],[23.355,48.146],[23.251,48.325],[23.008,48.496],[22.669,48.633],[22.278,48.71],[21.966,48.708],[21.781,48.637],[21.457,48.351],[21.251,48.232],[21.024,48.154],[20.788,48.104],[20.57,48.072],[20.552,48.069],[20.537,48.066],[20.2,47.993],[20.114,47.974],[20.091,47.969],[20.077,47.968],[19.855,47.947],[19.637,48.0],[19.392,48.151],[19.274,48.213],[19.126,48.255],[18.601,48.327],[18.349,48.392],[18.112,48.514],[17.73,48.765],[17.553,48.933],[17.483,49.121],[17.594,49.546],[17.868,49.79],[18.277,49.925],[18.516,49.968],[18.791,50.018],[19.31,50.067],[19.768,50.047],[20.611,49.941],[20.746,49.94]]]}},{"type":"Feature","properties":{"id":"ranges-ne-1159103939-physical-areas-566","category":"ranges"},"geometry":{"type":"Polygon","coordinates":[[[16.035,39.911],[15.984,39.901],[15.939,39.907],[15.898,39.923],[15.757,40.007],[15.739,40.017],[15.532,40.186],[15.404,40.269],[15.367,40.304],[15.044,40.688],[14.864,40.867],[14.662,41.012],[14.448,41.115],[14.191,41.217],[13.931,41.298],[13.515,41.391],[13.313,41.495],[13.111,41.647],[12.916,41.845],[12.836,41.954],[12.769,42.072],[12.712,42.196],[12.663,42.322],[12.622,42.46],[12.557,42.744],[12.509,42.877],[12.488,42.914],[12.231,43.21],[12.117,43.36],[12.056,43.428],[11.979,43.487],[11.41,43.818],[11.202,43.917],[10.985,43.988],[10.386,44.06],[9.992,44.167],[9.52,44.335],[9.344,44.398],[9.143,44.508],[9.005,44.658],[8.992,44.689],[8.94,44.813],[8.96,44.941],[9.185,45.07],[9.509,45.02],[12.334,44.028],[12.859,43.75],[13.238,43.424],[13.496,43.066],[13.657,42.692],[13.839,42.372],[14.111,42.146],[14.421,41.985],[14.715,41.858],[15.037,41.655],[15.419,41.334],[15.787,40.971],[16.064,40.641],[16.113,40.574],[16.156,40.508],[16.186,40.438],[16.197,40.358],[16.196,40.274],[16.189,40.189],[16.172,40.107],[16.148,40.053],[16.138,40.03],[16.108,39.983],[16.075,39.941],[16.035,39.911]]]}},{"type":"Feature","properties":{"id":"ranges-ne-1159103941-physical-areas-567","category":"ranges"},"geometry":{"type":"Polygon","coordinates":[[[-0.009,43.308],[2.014,42.955],[2.333,42.872],[2.624,42.852],[2.849,42.794],[3.021,42.673],[3.126,42.497],[3.152,42.274],[3.153,42.235],[3.159,42.211],[3.15,42.162],[3.175,42.136],[3.18,42.134],[3.18,42.132],[3.174,42.063],[3.136,42.008],[3.077,41.971],[3.01,41.955],[2.865,41.955],[1.313,42.145],[1.081,42.193],[0.862,42.265],[0.447,42.369],[-1.163,42.628],[-1.355,42.69],[-1.543,42.768],[-1.725,42.857],[-1.901,42.956],[-1.946,42.984],[-2.062,43.059],[-2.138,43.118],[-2.234,43.209],[-2.263,43.242],[-2.278,43.268],[-2.283,43.277],[-2.286,43.313],[-2.285,43.315],[-2.284,43.32],[-2.282,43.325],[-2.281,43.326],[-2.197,43.322],[-1.991,43.345],[-1.829,43.401],[-1.794,43.407],[-1.631,43.438],[-1.613,43.454],[-1.588,43.46],[-1.481,43.475],[-1.391,43.473],[-1.128,43.414],[-0.009,43.308]]]}},{"type":"Feature","properties":{"id":"ranges-ne-1159103945-physical-areas-568","category":"ranges"},"geometry":{"type":"Polygon","coordinates":[[[-103.034,20.213],[-102.731,20.214],[-102.722,20.214],[-102.494,20.3],[-102.359,20.352],[-102.32,20.367],[-102.085,20.4],[-101.909,20.359],[-101.835,20.214],[-101.687,20.22],[-101.674,20.22],[-101.446,20.347],[-101.446,20.347],[-101.437,20.363],[-101.359,20.493],[-101.27,20.555],[-101.215,20.594],[-101.042,20.479],[-100.98,20.309],[-100.77,20.106],[-100.645,20.074],[-100.447,19.924],[-100.296,19.951],[-100.247,19.96],[-100.085,20.063],[-99.94,19.878],[-99.832,19.677],[-99.7,19.506],[-99.502,19.38],[-99.235,19.226],[-98.913,19.125],[-98.717,18.982],[-98.627,19.009],[-98.329,19.031],[-98.096,18.983],[-97.8,19.048],[-97.536,19.172],[-97.324,19.313],[-97.2,19.489],[-97.13,19.736],[-97.006,20.107],[-96.74,20.22],[-96.709,20.188],[-96.456,19.87],[-96.407,19.7],[-96.583,19.577],[-96.707,19.401],[-96.777,19.207],[-96.812,18.907],[-96.785,18.565],[-96.532,18.185],[-96.142,17.937],[-95.753,17.538],[-95.346,17.384],[-95.076,17.443],[-95.081,17.065],[-95.083,17.056],[-95.2,16.161],[-95.283,16.086],[-95.446,15.986],[-95.695,15.916],[-96.001,15.803],[-96.253,15.691],[-96.263,15.691],[-96.584,15.689],[-96.811,15.748],[-97.172,15.931],[-97.686,15.978],[-97.959,16.173],[-98.476,16.318],[-98.738,16.565],[-98.982,16.614],[-99.654,16.726],[-99.841,16.889],[-100.146,16.972],[-100.54,17.133],[-100.921,17.267],[-101.114,17.408],[-101.405,17.547],[-101.593,17.725],[-101.835,17.948],[-102.08,18.032],[-102.142,17.963],[-102.217,17.957],[-102.547,18.041],[-102.589,18.047],[-102.846,18.138],[-103.281,18.287],[-103.461,18.368],[-103.653,18.632],[-103.78,18.801],[-104.009,18.96],[-104.295,19.041],[-104.398,19.087],[-104.405,19.091],[-104.415,19.094],[-104.744,19.241],[-104.995,19.431],[-105.085,19.603],[-105.297,19.771],[-105.433,19.966],[-105.519,20.217],[-105.595,20.402],[-105.546,20.496],[-105.543,20.498],[-105.377,20.512],[-105.28,20.568],[-105.27,20.57],[-105.268,20.575],[-105.26,20.579],[-105.249,20.617],[-105.218,20.691],[-105.13,20.856],[-104.959,20.926],[-104.845,20.972],[-104.671,20.913],[-104.522,20.861],[-104.305,20.755],[-103.974,20.621],[-103.651,20.391],[-103.322,20.299],[-103.067,20.223],[-103.034,20.213]]]}},{"type":"Feature","properties":{"id":"ranges-ne-1159103947-physical-areas-569","category":"ranges"},"geometry":{"type":"MultiPolygon","coordinates":[[[[-124.152,48.23],[-124.099,48.2],[-123.976,48.168],[-123.795,48.155],[-123.789,48.154],[-123.778,48.154],[-123.294,48.12],[-123.25,48.124],[-123.2,48.141],[-123.051,48.1],[-123.024,48.082],[-122.974,48.073],[-122.957,48.074],[-122.873,48.051],[-122.863,47.75],[-123.051,47.552],[-123.131,47.438],[-123.139,47.386],[-123.136,47.356],[-123.104,47.348],[-123.031,47.36],[-122.922,47.408],[-122.917,47.418],[-123.018,47.401],[-123.067,47.4],[-123.06,47.454],[-123.049,47.479],[-122.982,47.559],[-122.913,47.607],[-122.876,47.627],[-122.905,47.396],[-122.88,47.31],[-122.92,47.29],[-122.956,47.245],[-122.988,47.173],[-123.028,47.139],[-122.914,47.131],[-122.832,47.143],[-122.831,47.138],[-122.758,46.662],[-122.716,46.388],[-122.643,45.882],[-122.641,45.725],[-122.636,45.462],[-122.974,45.243],[-123.061,44.684],[-123.207,44.398],[-123.225,43.763],[-123.331,43.234],[-123.225,42.837],[-122.855,42.308],[-122.379,41.541],[-122.38,41.425],[-122.384,41.092],[-122.384,41.055],[-122.513,40.736],[-122.686,40.589],[-122.727,40.554],[-122.749,40.535],[-122.745,40.456],[-122.738,40.334],[-122.723,40.059],[-122.614,39.785],[-122.416,39.284],[-122.061,38.842],[-122.008,38.419],[-122.002,38.314],[-121.99,38.118],[-121.993,38.12],[-122.031,38.124],[-122.154,38.066],[-122.208,38.073],[-122.337,38.136],[-122.393,38.145],[-122.484,38.109],[-122.495,37.954],[-122.467,37.838],[-122.515,37.828],[-122.565,37.86],[-122.584,37.874],[-122.591,37.876],[-122.646,37.911],[-122.942,38.066],[-122.974,38.171],[-122.978,38.227],[-122.877,38.123],[-122.908,38.197],[-122.987,38.277],[-123.009,38.287],[-123.04,38.392],[-123.352,38.626],[-123.675,39.002],[-123.73,39.139],[-123.79,39.291],[-123.788,39.481],[-123.778,39.515],[-123.783,39.619],[-123.833,39.775],[-123.884,39.861],[-123.898,39.875],[-123.929,39.949],[-124.103,40.089],[-124.108,40.095],[-124.127,40.108],[-124.329,40.27],[-124.335,40.291],[-124.369,40.47],[-124.372,40.491],[-124.335,40.573],[-124.249,40.704],[-124.22,40.696],[-124.208,40.746],[-124.19,40.772],[-124.204,40.773],[-124.151,40.852],[-124.11,41.112],[-124.069,41.375],[-124.06,41.431],[-124.075,41.47],[-124.118,41.622],[-124.163,41.719],[-124.173,41.727],[-124.183,41.753],[-124.186,41.763],[-124.21,41.845],[-124.217,41.866],[-124.209,41.889],[-124.212,41.985],[-124.269,42.04],[-124.278,42.069],[-124.393,42.45],[-124.411,42.509],[-124.406,42.584],[-124.444,42.67],[-124.478,42.722],[-124.482,42.734],[-124.417,43.126],[-124.347,43.342],[-124.321,43.368],[-124.275,43.367],[-124.197,43.423],[-124.233,43.436],[-124.288,43.41],[-124.239,43.54],[-124.184,43.652],[-124.149,43.692],[-124.131,44.056],[-124.103,44.298],[-124.099,44.319],[-124.094,44.342],[-124.047,44.425],[-124.064,44.511],[-123.94,45.192],[-123.913,45.695],[-123.958,45.917],[-123.947,46.141],[-123.975,46.178],[-123.989,46.219],[-123.963,46.225],[-123.912,46.182],[-123.674,46.183],[-123.522,46.223],[-123.466,46.209],[-123.402,46.155],[-123.322,46.144],[-123.221,46.154],[-123.251,46.167],[-123.299,46.171],[-123.405,46.221],[-123.465,46.271],[-123.65,46.268],[-123.688,46.3],[-123.896,46.268],[-123.96,46.301],[-124.032,46.287],[-124.046,46.356],[-124.047,46.365],[-124.045,46.373],[-124.05,46.491],[-124.044,46.605],[-124.016,46.521],[-123.946,46.433],[-123.912,46.533],[-123.889,46.66],[-123.958,46.709],[-124.072,46.745],[-124.113,46.863],[-123.843,46.963],[-123.986,46.984],[-124.042,47.03],[-124.112,47.035],[-124.117,47.0],[-124.139,46.955],[-124.164,47.015],[-124.171,47.087],[-124.199,47.209],[-124.217,47.24],[-124.222,47.27],[-124.361,47.602],[-124.376,47.659],[-124.4,47.694],[-124.404,47.704],[-124.412,47.713],[-124.46,47.784],[-124.521,47.83],[-124.665,47.985],[-124.673,48.022],[-124.683,48.249],[-124.666,48.325],[-124.313,48.263],[-124.152,48.23]]],[[[-122.852,47.209],[-122.853,47.205],[-122.863,47.185],[-122.877,47.186],[-122.908,47.226],[-122.912,47.254],[-122.885,47.275],[-122.857,47.23],[-122.852,47.209]]],[[[-121.78,38.005],[-121.78,38.005],[-121.526,37.898],[-121.522,37.896],[-121.297,37.637],[-121.241,37.573],[-121.237,37.568],[-121.003,37.258],[-120.926,37.157],[-120.808,37.045],[-120.807,37.044],[-120.643,36.889],[-120.391,36.535],[-120.377,36.517],[-120.236,36.216],[-119.9,35.78],[-119.892,35.769],[-119.601,35.362],[-119.135,35.067],[-119.412,34.916],[-119.856,34.786],[-120.268,34.781],[-120.609,34.708],[-120.639,35.054],[-120.634,35.076],[-120.642,35.091],[-120.646,35.138],[-120.871,35.27],[-120.882,35.286],[-120.86,35.365],[-120.9,35.425],[-121.023,35.481],[-121.028,35.486],[-121.082,35.561],[-121.337,35.78],[-121.344,35.792],[-121.38,35.821],[-121.585,36.117],[-121.717,36.197],[-121.867,36.323],[-121.911,36.448],[-121.919,36.572],[-121.889,36.603],[-121.807,36.647],[-121.81,36.7],[-121.79,36.732],[-121.795,36.801],[-121.807,36.851],[-121.819,36.865],[-121.823,36.95],[-121.994,36.96],[-122.079,36.975],[-122.321,37.138],[-122.364,37.178],[-122.4,37.274],[-122.408,37.373],[-122.487,37.519],[-122.475,37.787],[-122.446,37.798],[-122.384,37.789],[-122.39,37.741],[-122.37,37.656],[-122.298,37.592],[-122.229,37.564],[-122.166,37.502],[-122.119,37.483],[-122.071,37.478],[-122.097,37.518],[-122.124,37.544],[-122.158,37.626],[-122.222,37.732],[-122.296,37.79],[-122.333,37.897],[-122.365,37.921],[-122.385,37.961],[-122.314,38.007],[-122.217,38.041],[-122.087,38.05],[-121.871,38.041],[-121.78,38.005]]]]}},{"type":"Feature","properties":{"id":"ranges-ne-1159103949-physical-areas-570","category":"ranges"},"geometry":{"type":"Polygon","coordinates":[[[-98.137,20.201],[-98.593,20.162],[-99.095,20.374],[-99.492,20.666],[-99.81,21.221],[-99.914,21.808],[-100.07,22.513],[-100.095,23.243],[-100.571,23.905],[-100.683,24.396],[-101.33,24.886],[-102.254,25.175],[-102.499,25.465],[-102.768,25.783],[-103.281,26.297],[-103.408,26.698],[-103.382,27.359],[-103.223,27.888],[-103.197,28.417],[-103.188,28.992],[-103.099,29.087],[-102.886,29.316],[-102.699,29.711],[-102.678,29.72],[-102.376,29.849],[-101.889,29.805],[-101.851,29.8],[-101.334,29.729],[-101.32,29.649],[-101.212,29.026],[-101.214,28.979],[-101.239,28.497],[-101.159,27.941],[-100.917,27.459],[-100.606,27.06],[-100.492,26.913],[-100.365,26.751],[-99.81,25.666],[-99.281,24.74],[-98.91,23.576],[-98.658,22.293],[-98.566,21.671],[-98.264,21.211],[-97.773,20.93],[-97.952,20.539],[-98.137,20.201]]]}},{"type":"Feature","properties":{"id":"ranges-ne-1159103951-physical-areas-571","category":"ranges"},"geometry":{"type":"Polygon","coordinates":[[[-118.198,35.111],[-118.595,34.873],[-118.727,34.895],[-118.842,34.995],[-118.87,35.152],[-118.87,35.352],[-118.799,35.752],[-118.855,36.096],[-119.123,36.441],[-119.418,36.828],[-119.848,37.047],[-120.275,37.513],[-120.285,37.524],[-120.391,37.619],[-120.645,37.847],[-120.871,38.11],[-121.071,38.525],[-121.232,38.89],[-121.286,39.011],[-121.457,39.297],[-121.6,39.597],[-121.605,39.605],[-121.786,39.925],[-121.77,40.112],[-121.559,40.271],[-121.082,40.403],[-120.95,40.588],[-120.712,40.271],[-120.474,39.927],[-120.183,39.504],[-119.938,39.094],[-118.886,38.022],[-118.145,36.831],[-117.881,35.932],[-117.934,35.482],[-118.198,35.111]]]}},{"type":"Feature","properties":{"id":"ranges-ne-1159103953-physical-areas-572","category":"ranges"},"geometry":{"type":"Polygon","coordinates":[[[-104.26,20.894],[-104.671,20.913],[-104.959,20.926],[-104.963,20.926],[-105.382,20.766],[-105.42,20.775],[-105.476,20.776],[-105.495,20.782],[-105.511,20.809],[-105.456,20.844],[-105.394,20.926],[-105.302,21.027],[-105.237,21.119],[-105.225,21.25],[-105.233,21.38],[-105.209,21.491],[-105.226,21.501],[-105.218,21.518],[-105.182,22.007],[-105.572,22.735],[-106.266,23.311],[-106.874,24.105],[-107.245,24.766],[-107.813,25.335],[-108.382,25.93],[-108.965,26.473],[-109.573,27.253],[-109.917,27.963],[-110.34,28.867],[-110.431,29.017],[-110.711,29.476],[-110.764,30.217],[-110.764,30.693],[-110.752,30.721],[-110.578,31.143],[-110.196,31.143],[-109.758,31.143],[-108.784,31.086],[-108.144,30.428],[-108.019,30.116],[-107.721,29.37],[-107.774,28.947],[-107.228,28.011],[-106.781,27.364],[-106.441,27.072],[-106.401,27.038],[-105.978,26.674],[-105.551,26.01],[-105.351,25.587],[-105.339,25.561],[-105.313,25.507],[-104.823,24.709],[-104.326,23.927],[-103.461,23.443],[-103.197,22.941],[-102.614,22.835],[-102.222,22.376],[-102.297,21.882],[-102.688,21.381],[-103.053,21.053],[-103.421,21.049],[-103.844,20.987],[-104.26,20.894]]]}},{"type":"Feature","properties":{"id":"ranges-ne-1159103955-physical-areas-573","category":"ranges"},"geometry":{"type":"MultiPolygon","coordinates":[[[[-144.464,61.648],[-143.704,61.411],[-143.392,61.359],[-142.91,61.279],[-142.514,61.199],[-142.143,61.199],[-141.508,61.067],[-141.111,60.961],[-141.0,60.93],[-140.996,60.928],[-140.688,60.75],[-140.873,60.432],[-140.996,60.329],[-141.175,60.178],[-141.336,60.087],[-141.362,60.105],[-141.409,60.118],[-141.422,60.109],[-141.422,60.085],[-141.411,60.045],[-141.466,60.014],[-141.477,60.011],[-142.656,60.105],[-142.798,60.093],[-142.946,60.097],[-143.506,60.055],[-143.531,60.051],[-144.043,60.029],[-144.115,60.056],[-144.084,60.063],[-144.089,60.084],[-144.185,60.151],[-144.333,60.191],[-144.516,60.204],[-144.736,60.286],[-144.857,60.299],[-144.901,60.335],[-144.862,60.459],[-144.824,60.534],[-144.787,60.585],[-144.691,60.669],[-144.724,60.663],[-144.863,60.601],[-144.984,60.537],[-145.096,60.454],[-145.163,60.415],[-145.248,60.38],[-145.382,60.389],[-145.563,60.441],[-145.621,60.451],[-145.817,60.521],[-145.811,60.525],[-145.76,60.562],[-145.69,60.622],[-145.675,60.651],[-146.137,60.66],[-146.153,60.668],[-146.166,60.692],[-146.167,60.716],[-146.182,60.735],[-146.251,60.749],[-146.306,60.743],[-146.312,60.746],[-146.418,60.797],[-146.392,60.811],[-146.486,60.83],[-146.638,60.903],[-146.636,60.993],[-146.599,61.054],[-146.285,61.113],[-146.384,61.136],[-146.583,61.128],[-146.716,61.078],[-146.87,61.007],[-147.279,61.006],[-147.461,60.957],[-147.523,60.97],[-147.567,60.995],[-147.593,60.979],[-147.623,60.933],[-147.656,60.91],[-147.808,60.885],[-147.891,60.89],[-147.991,60.948],[-148.005,60.969],[-147.971,61.019],[-147.752,61.219],[-147.774,61.218],[-147.845,61.186],[-147.986,61.106],[-148.049,61.083],[-148.158,61.08],[-148.209,61.088],[-148.27,61.082],[-148.342,61.06],[-148.389,61.037],[-148.411,61.011],[-148.396,61.007],[-148.287,61.036],[-148.226,61.044],[-148.209,61.03],[-148.293,60.94],[-148.344,60.854],[-148.393,60.832],[-148.471,60.835],[-148.556,60.827],[-148.557,60.818],[-148.586,60.832],[-149.043,60.882],[-149.08,60.891],[-149.142,60.936],[-149.329,60.953],[-149.843,61.079],[-149.906,61.101],[-149.786,61.334],[-149.761,61.349],[-149.279,61.508],[-148.969,61.676],[-148.44,61.887],[-147.911,61.861],[-147.012,61.729],[-146.556,61.889],[-145.927,61.967],[-145.094,61.865],[-145.004,61.835],[-144.464,61.648]]],[[[-145.267,60.344],[-145.128,60.401],[-145.102,60.388],[-145.119,60.337],[-145.129,60.329],[-145.267,60.344]]],[[[-148.351,60.726],[-148.341,60.724],[-148.268,60.7],[-148.262,60.686],[-148.351,60.726]]],[[[-147.943,60.875],[-147.931,60.826],[-148.057,60.818],[-148.115,60.831],[-148.124,60.844],[-148.1,60.895],[-148.102,60.916],[-148.038,60.924],[-147.964,60.9],[-147.943,60.875]]]]}},{"type":"Feature","properties":{"id":"ranges-ne-1159103957-physical-areas-574","category":"ranges"},"geometry":{"type":"Polygon","coordinates":[[[-131.119,65.79],[-129.734,65.697],[-128.779,65.701],[-127.97,65.594],[-127.398,65.392],[-126.768,65.258],[-126.182,65.05],[-125.989,64.93],[-125.601,64.905],[-125.055,64.72],[-124.815,64.468],[-124.535,64.302],[-124.213,63.973],[-123.815,63.604],[-123.579,63.261],[-123.249,62.995],[-123.21,62.602],[-123.156,62.198],[-123.199,61.649],[-123.358,61.252],[-123.426,61.051],[-123.427,61.047],[-123.528,60.749],[-123.549,60.687],[-123.528,60.511],[-123.525,60.483],[-123.72,60.183],[-123.723,60.179],[-123.988,59.839],[-124.154,59.627],[-124.565,59.711],[-124.72,59.561],[-124.739,59.549],[-125.028,59.37],[-125.359,59.345],[-125.463,59.338],[-126.084,59.433],[-126.571,59.578],[-126.721,59.623],[-127.019,59.654],[-127.499,59.787],[-127.501,59.787],[-128.191,59.815],[-128.469,59.94],[-129.071,60.213],[-129.071,60.213],[-129.071,60.213],[-129.164,60.41],[-129.47,61.065],[-130.607,61.623],[-131.372,61.758],[-131.593,61.776],[-131.697,61.784],[-131.732,61.787],[-132.244,61.904],[-132.563,62.007],[-133.03,62.159],[-133.174,62.288],[-133.306,62.628],[-133.385,63.078],[-133.616,63.241],[-134.064,63.557],[-134.139,63.572],[-134.576,63.66],[-135.793,63.634],[-136.23,63.62],[-136.931,63.554],[-137.254,63.675],[-137.354,63.713],[-137.275,64.348],[-137.129,64.889],[-137.09,65.036],[-136.505,65.324],[-136.158,65.671],[-135.74,65.697],[-135.185,65.618],[-134.391,65.75],[-133.474,65.946],[-132.544,65.83],[-131.119,65.79]]]}},{"type":"Feature","properties":{"id":"ranges-ne-1159103969-physical-areas-575","category":"ranges"},"geometry":{"type":"Polygon","coordinates":[[[-68.571,-18.553],[-69.289,-18.767],[-69.473,-18.544],[-69.512,-18.497],[-69.873,-18.061],[-69.926,-17.996],[-70.617,-17.973],[-71.552,-16.967],[-72.24,-16.562],[-73.193,-16.086],[-74.251,-15.592],[-75.257,-14.551],[-76.454,-12.814],[-77.018,-11.75],[-77.849,-10.388],[-78.537,-8.765],[-78.255,-8.659],[-78.018,-8.789],[-77.867,-8.871],[-77.518,-9.678],[-77.356,-10.053],[-76.323,-11.57],[-75.648,-12.479],[-74.586,-13.51],[-72.787,-14.71],[-70.388,-16.35],[-70.364,-16.374],[-69.054,-17.641],[-68.571,-18.553]]]}},{"type":"Feature","properties":{"id":"ranges-ne-1159103963-physical-areas-576","category":"ranges"},"geometry":{"type":"Polygon","coordinates":[[[-65.836,-21.978],[-66.134,-22.149],[-66.21,-22.067],[-66.325,-21.943],[-66.656,-21.59],[-66.577,-21.087],[-66.525,-20.751],[-66.578,-20.611],[-66.693,-20.304],[-66.674,-19.633],[-66.861,-18.608],[-66.861,-18.164],[-66.861,-17.825],[-67.064,-17.685],[-67.699,-17.247],[-67.516,-16.685],[-67.471,-16.678],[-67.337,-16.657],[-67.14,-16.627],[-67.047,-16.613],[-66.32,-17.266],[-65.978,-17.954],[-65.954,-18.003],[-65.911,-18.09],[-65.426,-19.297],[-65.426,-19.335],[-65.481,-21.776],[-65.836,-21.978]]]}},{"type":"Feature","properties":{"id":"ranges-ne-1730073491-physical-areas-577","category":"ranges"},"geometry":{"type":"Polygon","coordinates":[[[-75.639,-7.491],[-75.364,-9.044],[-75.318,-9.038],[-74.648,-8.942],[-74.627,-9.003],[-74.306,-9.945],[-74.023,-10.44],[-73.457,-11.429],[-73.424,-11.439],[-72.291,-11.779],[-72.204,-11.805],[-71.87,-11.905],[-71.59,-12.174],[-71.182,-12.566],[-71.175,-12.569],[-70.366,-12.916],[-69.33,-13.36],[-68.746,-13.574],[-68.024,-13.837],[-67.954,-13.863],[-67.905,-13.919],[-67.002,-14.948],[-66.653,-15.412],[-66.367,-15.794],[-65.44,-17.011],[-64.691,-17.215],[-63.588,-17.514],[-63.509,-17.755],[-63.416,-18.036],[-63.282,-18.441],[-63.128,-19.811],[-63.112,-19.948],[-63.116,-19.962],[-63.985,-22.806],[-64.911,-23.97],[-65.705,-24.552],[-65.705,-23.256],[-65.705,-23.018],[-65.406,-22.329],[-65.176,-21.8],[-65.388,-21.033],[-65.425,-19.337],[-65.426,-19.297],[-65.954,-18.003],[-65.97,-17.964],[-65.978,-17.954],[-66.949,-16.8],[-67.14,-16.627],[-67.691,-16.13],[-68.033,-15.821],[-68.497,-15.345],[-69.039,-14.789],[-69.476,-14.575],[-69.645,-14.492],[-69.672,-14.478],[-70.317,-14.162],[-70.441,-14.101],[-70.546,-14.083],[-71.79,-13.863],[-72.312,-13.682],[-73.087,-13.413],[-73.099,-13.404],[-73.399,-13.184],[-73.484,-13.122],[-73.926,-12.457],[-74.573,-11.484],[-75.058,-10.715],[-75.467,-10.266],[-75.577,-10.146],[-76.13,-9.074],[-76.765,-7.857],[-77.135,-6.243],[-77.849,-5.687],[-78.207,-5.356],[-78.22,-5.343],[-78.239,-5.299],[-78.502,-4.698],[-78.561,-4.564],[-78.59,-4.497],[-78.59,-4.372],[-78.59,-3.703],[-78.542,-3.576],[-78.299,-2.936],[-78.285,-2.83],[-78.154,-1.864],[-77.611,-1.295],[-77.823,-2.539],[-77.611,-3.465],[-77.43,-4.146],[-77.152,-5.19],[-76.738,-5.396],[-76.568,-5.58],[-75.759,-6.455],[-75.653,-7.407],[-75.639,-7.491]]]}},{"type":"Feature","properties":{"id":"ranges-ne-1159103971-physical-areas-578","category":"ranges"},"geometry":{"type":"Polygon","coordinates":[[[-76.765,-7.857],[-76.156,-8.889],[-75.467,-10.266],[-75.442,-10.318],[-75.058,-10.715],[-73.78,-12.617],[-73.399,-13.184],[-73.299,-13.334],[-73.099,-13.404],[-72.312,-13.682],[-71.499,-13.969],[-71.579,-15.45],[-74.516,-13.519],[-75.865,-12.17],[-76.976,-10.556],[-77.426,-9.841],[-77.518,-9.678],[-78.018,-8.789],[-78.14,-8.571],[-78.59,-8.651],[-79.754,-6.481],[-80.045,-4.523],[-79.622,-4.073],[-79.283,-3.802],[-78.828,-3.438],[-78.718,-3.398],[-78.708,-3.395],[-78.537,-3.332],[-78.542,-3.576],[-78.559,-4.487],[-78.561,-4.564],[-78.564,-4.735],[-78.429,-4.97],[-78.239,-5.299],[-78.207,-5.356],[-78.107,-5.528],[-76.765,-7.857]]]}},{"type":"Feature","properties":{"id":"ranges-ne-1159103969-physical-areas-579","category":"ranges"},"geometry":{"type":"Polygon","coordinates":[[[-79.133,-2.235],[-79.26,-1.8],[-79.358,-1.467],[-79.172,-0.396],[-78.683,0.795],[-78.142,1.62],[-77.523,3.154],[-77.52,3.16],[-77.472,3.234],[-77.417,3.342],[-77.357,3.349],[-77.324,3.475],[-77.243,3.585],[-77.077,3.913],[-77.127,3.906],[-77.167,3.862],[-77.212,3.867],[-77.251,3.887],[-76.686,5.571],[-76.646,5.689],[-76.685,8.547],[-76.359,8.71],[-76.209,8.785],[-75.946,8.127],[-75.944,8.124],[-75.943,8.123],[-75.518,7.681],[-75.505,7.667],[-75.548,7.251],[-75.759,7.079],[-75.766,7.023],[-75.812,6.656],[-75.839,6.012],[-75.842,5.954],[-75.757,5.886],[-75.614,5.769],[-75.61,5.66],[-75.607,5.577],[-75.6,5.372],[-75.675,5.24],[-75.8,5.017],[-75.905,4.83],[-76.156,4.327],[-76.445,3.4],[-76.54,3.097],[-76.705,2.88],[-76.751,2.502],[-77.109,2.039],[-77.505,1.126],[-77.731,0.736],[-77.889,0.464],[-78.418,-0.184],[-78.427,-0.218],[-78.543,-0.66],[-78.63,-0.991],[-78.868,-1.93],[-79.133,-2.235]]]}},{"type":"Feature","properties":{"id":"ranges-ne-1159103971-physical-areas-580","category":"ranges"},"geometry":{"type":"Polygon","coordinates":[[[-78.718,-3.398],[-79.24,-3.92],[-79.283,-3.802],[-79.516,-3.147],[-79.471,-2.859],[-78.868,-1.93],[-78.543,-0.66],[-78.432,-0.224],[-78.427,-0.218],[-77.836,0.517],[-77.731,0.736],[-77.109,2.039],[-76.751,2.502],[-76.705,2.88],[-76.452,3.188],[-76.445,3.4],[-76.441,3.539],[-76.254,4.132],[-75.925,4.868],[-75.8,5.017],[-75.694,5.143],[-75.675,5.24],[-75.607,5.577],[-75.595,5.637],[-75.61,5.66],[-75.757,5.886],[-75.839,6.012],[-75.881,6.076],[-75.826,6.977],[-75.766,7.023],[-75.387,7.317],[-75.255,7.757],[-74.75,7.998],[-74.533,8.344],[-74.31,8.767],[-73.934,8.909],[-74.039,7.78],[-74.894,5.351],[-74.914,4.682],[-75.299,3.814],[-76.024,2.386],[-76.395,1.953],[-76.419,1.925],[-77.024,0.972],[-77.072,0.897],[-77.081,0.872],[-77.307,0.253],[-77.532,-0.621],[-78.154,-1.864],[-78.269,-2.809],[-78.285,-2.83],[-78.66,-3.34],[-78.707,-3.387],[-78.718,-3.398]]]}},{"type":"Feature","properties":{"id":"ranges-ne-1159103973-physical-areas-581","category":"ranges"},"geometry":{"type":"Polygon","coordinates":[[[-68.201,10.443],[-67.931,10.476],[-67.927,10.476],[-67.872,10.472],[-67.683,10.506],[-67.536,10.523],[-67.319,10.549],[-66.59,10.622],[-66.247,10.632],[-66.184,10.607],[-66.101,10.553],[-66.092,10.517],[-66.09,10.473],[-65.852,10.258],[-65.656,10.228],[-65.489,10.159],[-65.317,10.122],[-65.129,10.07],[-65.023,10.077],[-64.944,10.095],[-64.85,10.098],[-64.827,10.111],[-64.799,10.108],[-64.797,10.108],[-64.795,10.109],[-64.197,10.408],[-64.206,10.448],[-64.188,10.458],[-63.834,10.449],[-63.779,10.472],[-63.732,10.503],[-63.863,10.558],[-64.158,10.579],[-64.228,10.551],[-64.228,10.555],[-64.245,10.634],[-64.202,10.633],[-63.873,10.664],[-63.497,10.643],[-63.19,10.709],[-63.035,10.72],[-62.947,10.707],[-62.742,10.743],[-62.733,10.743],[-62.509,10.725],[-62.377,10.714],[-62.242,10.7],[-62.223,10.702],[-61.943,10.679],[-61.933,10.678],[-62.04,10.645],[-62.233,10.634],[-62.372,10.552],[-62.389,10.547],[-62.694,10.563],[-62.914,10.531],[-62.843,10.507],[-62.843,10.418],[-62.821,10.405],[-62.821,10.091],[-63.389,9.924],[-63.844,9.791],[-64.244,9.842],[-65.361,9.985],[-66.603,9.764],[-67.621,9.584],[-67.795,9.553],[-68.783,9.77],[-69.002,9.818],[-69.118,9.844],[-69.841,9.032],[-70.759,8.292],[-70.79,8.263],[-70.83,8.227],[-70.958,8.109],[-71.358,7.745],[-71.384,7.726],[-71.494,7.645],[-71.958,7.304],[-71.749,6.305],[-71.746,6.291],[-71.729,6.21],[-71.83,6.071],[-72.443,5.23],[-72.487,5.169],[-72.6,5.056],[-73.483,4.174],[-73.546,4.111],[-73.828,3.652],[-73.74,2.717],[-73.71,2.394],[-73.704,2.33],[-73.862,2.262],[-73.904,2.244],[-73.951,2.224],[-73.962,2.274],[-73.999,2.452],[-74.128,3.07],[-74.463,2.488],[-74.464,2.487],[-74.931,1.993],[-75.345,1.553],[-75.944,1.306],[-76.21,1.174],[-76.826,0.866],[-76.968,0.942],[-77.024,0.972],[-77.241,1.09],[-76.491,1.924],[-76.395,1.953],[-75.786,2.136],[-75.398,2.594],[-75.062,3.406],[-74.78,4.252],[-74.586,5.346],[-74.251,6.069],[-73.43,6.911],[-73.109,7.586],[-73.669,9.05],[-73.193,10.108],[-73.378,10.241],[-73.801,10.003],[-73.95,10.26],[-74.092,10.505],[-74.211,11.171],[-74.202,11.247],[-74.092,11.253],[-73.871,11.265],[-73.726,11.273],[-73.677,11.271],[-73.316,11.296],[-72.769,11.325],[-72.659,11.294],[-72.214,11.167],[-72.029,11.114],[-72.051,11.07],[-72.796,9.659],[-72.902,8.865],[-72.502,8.074],[-71.552,8.838],[-70.784,9.436],[-70.759,9.456],[-70.76,9.459],[-70.917,9.914],[-71.129,10.355],[-70.512,11.043],[-69.93,11.354],[-69.753,11.449],[-69.364,11.46],[-69.153,11.466],[-68.928,11.379],[-68.607,11.255],[-68.397,10.779],[-68.352,10.677],[-68.342,10.655],[-68.33,10.638],[-68.271,10.549],[-68.259,10.531],[-68.201,10.443]]]}},{"type":"Feature","properties":{"id":"deserts-ne-1159104059-physical-areas-622","category":"deserts"},"geometry":{"type":"Polygon","coordinates":[[[16.792,-26.999],[16.303,-26.55],[14.965,-26.295],[14.946,-26.102],[14.953,-26.06],[14.937,-26.017],[14.931,-25.958],[14.845,-25.726],[14.864,-25.534],[14.836,-25.415],[14.874,-25.081],[14.832,-24.982],[14.805,-24.919],[14.768,-24.788],[14.699,-24.67],[14.695,-24.66],[14.649,-24.552],[14.526,-24.183],[14.484,-24.058],[14.483,-24.05],[14.497,-23.643],[14.472,-23.477],[14.474,-23.281],[14.424,-23.079],[14.412,-23.016],[14.411,-22.965],[14.413,-22.961],[14.428,-22.931],[14.437,-22.912],[14.447,-22.892],[14.459,-22.908],[14.496,-22.921],[14.52,-22.805],[14.526,-22.703],[14.487,-22.546],[14.49,-22.502],[14.478,-22.485],[14.468,-22.47],[14.463,-22.449],[14.322,-22.19],[13.973,-21.768],[13.888,-21.607],[13.839,-21.473],[13.451,-20.917],[13.294,-20.547],[13.155,-20.138],[13.154,-20.134],[13.138,-20.108],[12.814,-19.584],[12.766,-19.508],[12.458,-18.927],[12.329,-18.751],[12.308,-18.732],[12.254,-18.639],[12.03,-18.427],[12.002,-18.38],[11.997,-18.372],[11.951,-18.271],[11.79,-18.023],[11.778,-18.004],[11.73,-17.666],[11.722,-17.467],[11.743,-17.249],[11.78,-16.871],[11.819,-16.704],[11.82,-16.504],[11.82,-16.503],[11.831,-16.416],[11.83,-16.41],[11.81,-16.281],[11.797,-15.986],[11.769,-15.915],[11.751,-15.832],[11.85,-15.768],[11.9,-15.72],[11.968,-15.634],[11.972,-15.625],[11.99,-15.609],[12.281,-14.802],[12.374,-14.127],[12.407,-13.976],[12.504,-13.755],[12.55,-13.438],[12.898,-13.028],[12.975,-12.801],[12.986,-12.793],[13.022,-12.769],[13.319,-12.571],[13.367,-12.547],[13.368,-12.555],[13.377,-12.622],[13.405,-12.831],[13.154,-13.135],[13.035,-13.387],[12.77,-13.797],[12.691,-14.299],[12.612,-15.305],[12.271,-15.921],[12.268,-15.927],[12.161,-16.984],[12.149,-17.104],[12.258,-17.382],[12.398,-17.737],[12.493,-17.977],[12.857,-18.328],[13.167,-18.625],[13.269,-18.831],[13.736,-19.776],[13.775,-19.862],[13.974,-20.305],[14.464,-20.729],[14.741,-21.218],[15.006,-21.787],[15.038,-22.0],[15.085,-22.316],[15.416,-22.753],[15.417,-22.768],[15.443,-23.507],[15.451,-23.534],[15.48,-23.631],[15.588,-23.983],[15.609,-24.218],[15.639,-24.538],[15.641,-24.565],[15.959,-25.187],[16.567,-25.915],[17.189,-26.761],[17.202,-26.986],[16.792,-26.999]]]}},{"type":"Feature","properties":{"id":"deserts-ne-1159104061-physical-areas-623","category":"deserts"},"geometry":{"type":"Polygon","coordinates":[[[28.976,30.243],[29.968,30.151],[30.709,30.164],[30.914,30.143],[30.972,30.137],[31.128,30.12],[31.177,30.115],[31.221,30.111],[31.282,29.679],[31.242,29.411],[31.212,29.211],[31.042,28.992],[30.938,28.858],[30.736,28.338],[30.737,28.314],[30.737,28.296],[30.744,28.118],[30.841,27.853],[30.841,27.456],[31.035,27.306],[31.344,27.059],[31.556,26.768],[32.014,26.221],[32.27,26.054],[32.664,26.14],[32.711,26.151],[32.714,26.115],[32.733,25.892],[32.738,25.842],[32.722,25.826],[32.552,25.639],[32.551,25.628],[32.523,25.459],[32.508,25.366],[32.588,25.216],[32.879,25.022],[32.541,25.015],[31.384,24.991],[28.976,24.872],[28.07,24.849],[26.873,24.819],[25.153,24.793],[25.087,25.322],[25.087,25.508],[25.087,25.957],[25.182,27.341],[25.219,27.888],[25.237,29.474],[25.238,29.575],[25.245,30.256],[25.589,30.243],[25.985,30.271],[26.145,30.283],[27.322,30.336],[27.336,30.335],[28.976,30.243]]]}},{"type":"Feature","properties":{"id":"deserts-ne-1159104063-physical-areas-624","category":"deserts"},"geometry":{"type":"Polygon","coordinates":[[[35.983,19.333],[34.81,18.425],[34.202,17.878],[33.99,17.781],[33.99,17.834],[33.924,18.324],[33.738,18.63],[33.699,18.694],[33.593,18.773],[33.577,19.06],[33.567,19.236],[33.051,19.554],[32.508,19.131],[32.019,18.813],[31.873,18.588],[31.568,18.197],[31.45,18.046],[31.396,18.057],[30.802,18.178],[30.497,18.906],[30.397,19.552],[30.378,19.673],[30.365,20.308],[30.537,20.969],[31.146,21.631],[31.41,22.001],[31.52,22.12],[31.521,22.12],[34.44,22.068],[35.908,22.041],[36.844,22.024],[36.866,22.024],[36.87,22.016],[36.871,21.997],[36.883,21.769],[36.927,21.587],[37.076,21.335],[37.086,21.3],[37.145,20.572],[37.209,19.792],[36.689,19.73],[35.983,19.333]]]}},{"type":"Feature","properties":{"id":"deserts-ne-1159104065-physical-areas-625","category":"deserts"},"geometry":{"type":"Polygon","coordinates":[[[123.678,-22.615],[123.12,-22.615],[122.571,-22.544],[122.046,-22.377],[121.944,-22.32],[121.858,-22.249],[121.787,-22.165],[121.726,-22.067],[121.54,-21.715],[121.375,-21.323],[121.333,-21.093],[121.301,-20.917],[121.39,-20.526],[121.777,-19.794],[121.931,-19.585],[122.1,-19.387],[122.276,-19.202],[122.309,-19.173],[122.346,-19.147],[122.387,-19.123],[122.432,-19.1],[122.844,-18.935],[123.27,-18.833],[123.545,-18.748],[123.638,-18.727],[124.331,-18.634],[125.763,-18.624],[127.194,-18.741],[127.679,-18.838],[127.777,-18.865],[127.864,-18.907],[127.944,-18.964],[128.018,-19.037],[128.111,-19.166],[128.187,-19.31],[128.247,-19.463],[128.294,-19.615],[128.372,-19.931],[128.426,-20.253],[128.449,-20.544],[128.443,-20.7],[128.439,-20.825],[128.39,-21.1],[128.298,-21.376],[128.235,-21.52],[128.162,-21.66],[128.07,-21.786],[127.952,-21.891],[127.844,-21.952],[127.619,-22.046],[127.512,-22.103],[127.34,-22.209],[127.25,-22.252],[127.151,-22.287],[126.95,-22.329],[126.745,-22.35],[125.808,-22.376],[123.678,-22.615]]]}},{"type":"Feature","properties":{"id":"deserts-ne-1159104067-physical-areas-626","category":"deserts"},"geometry":{"type":"Polygon","coordinates":[[[25.166,31.54],[25.179,31.541],[25.218,31.547],[25.225,31.534],[25.382,31.513],[25.893,31.621],[26.457,31.512],[26.458,31.512],[27.301,31.348],[27.54,31.213],[27.62,31.192],[27.821,31.195],[27.837,31.19],[27.968,31.097],[28.214,31.076],[28.816,30.895],[29.003,30.838],[29.012,30.838],[29.055,30.835],[29.072,30.83],[29.101,30.832],[29.968,30.772],[30.703,30.443],[30.736,30.428],[30.741,30.42],[30.914,30.143],[30.934,30.111],[30.961,30.074],[31.079,29.912],[31.066,29.449],[30.828,29.079],[30.603,28.603],[30.63,27.862],[30.696,27.439],[31.185,26.909],[31.582,26.407],[32.072,25.904],[32.495,25.864],[32.31,25.454],[32.541,25.015],[32.574,24.951],[32.72,24.184],[32.813,23.668],[32.627,23.483],[32.826,23.39],[32.349,22.676],[32.164,22.808],[31.635,22.636],[31.357,22.147],[31.04,21.538],[30.325,20.784],[30.299,19.819],[30.345,19.539],[30.458,18.866],[30.749,18.152],[31.318,17.993],[31.396,18.057],[31.568,18.197],[32.032,18.575],[33.011,19.501],[33.54,19.157],[33.577,19.06],[33.738,18.63],[33.937,18.099],[33.99,17.649],[33.699,16.882],[32.588,16.352],[32.502,15.623],[32.473,15.375],[32.431,15.018],[32.429,15.003],[32.427,15.0],[32.334,14.868],[32.171,14.638],[32.111,14.553],[32.155,14.455],[32.404,13.9],[32.587,13.493],[32.744,13.143],[32.776,13.071],[32.799,13.019],[32.788,12.899],[32.614,11.008],[32.058,10.452],[32.297,10.082],[31.591,9.468],[31.589,9.465],[31.489,9.379],[31.476,9.367],[30.83,9.448],[30.63,9.473],[30.625,9.474],[30.494,9.498],[29.889,9.606],[29.827,9.573],[29.8,9.559],[29.597,9.452],[29.583,9.444],[29.457,9.378],[29.401,9.349],[29.386,9.341],[29.285,9.374],[29.167,9.412],[28.407,9.659],[27.19,9.817],[26.988,9.77],[26.795,9.724],[26.74,9.711],[26.577,9.885],[26.291,10.188],[26.253,10.178],[25.976,10.105],[25.844,10.07],[25.637,10.016],[25.565,9.997],[25.285,9.923],[24.859,10.016],[24.298,10.138],[24.266,10.145],[23.691,10.27],[23.459,10.32],[22.957,10.161],[22.796,10.151],[22.499,10.133],[22.11,10.108],[22.062,10.139],[21.974,10.195],[21.681,10.38],[21.316,10.611],[21.312,10.611],[21.191,10.617],[21.047,10.624],[20.761,10.638],[20.867,17.173],[20.526,17.926],[19.557,20.07],[19.411,20.718],[19.676,21.948],[20.007,23.139],[19.848,23.959],[19.78,23.972],[19.224,24.078],[18.803,24.158],[18.353,24.938],[18.247,26.182],[18.618,26.684],[18.829,27.319],[18.496,27.85],[18.449,27.924],[18.181,28.351],[18.578,29.476],[18.621,29.561],[18.988,30.283],[18.99,30.284],[19.124,30.266],[19.292,30.288],[19.59,30.414],[19.713,30.488],[19.861,30.642],[19.881,30.651],[19.888,30.653],[19.92,30.703],[20.013,30.801],[20.112,30.964],[20.141,31.05],[20.192,31.129],[19.994,31.87],[19.997,31.874],[20.469,32.465],[20.47,32.466],[20.482,32.471],[21.118,32.77],[21.14,32.776],[21.319,32.778],[21.425,32.799],[21.587,32.905],[21.71,32.941],[21.713,32.942],[21.73,32.94],[21.839,32.909],[21.978,32.912],[22.011,32.909],[22.309,32.876],[22.428,32.839],[22.523,32.794],[22.722,32.748],[22.8,32.724],[22.888,32.696],[22.917,32.687],[23.037,32.64],[23.052,32.475],[23.061,32.38],[23.063,32.36],[23.107,32.347],[23.106,32.331],[23.286,32.214],[23.783,32.16],[23.866,32.137],[23.898,32.127],[24.039,32.037],[24.13,32.009],[24.48,31.997],[24.526,32.001],[24.671,31.972],[24.981,31.91],[25.166,31.54]]]}},{"type":"Feature","properties":{"id":"deserts-ne-1159104071-physical-areas-627","category":"deserts"},"geometry":{"type":"MultiPolygon","coordinates":[[[[125.129,-26.591],[125.325,-26.597],[128.27,-26.861],[130.593,-26.917],[130.775,-26.942],[131.547,-27.213],[131.824,-27.351],[132.071,-27.562],[132.198,-27.741],[132.288,-27.94],[132.344,-28.152],[132.362,-28.367],[132.357,-28.565],[132.356,-28.605],[132.323,-28.846],[132.243,-29.067],[132.096,-29.251],[131.95,-29.345],[131.786,-29.41],[130.961,-29.6],[130.798,-29.622],[130.687,-29.622],[130.367,-29.582],[130.068,-29.605],[129.469,-29.733],[129.167,-29.765],[127.298,-29.748],[125.986,-29.622],[125.682,-29.612],[125.225,-29.642],[125.101,-29.636],[124.976,-29.612],[124.349,-29.403],[124.223,-29.361],[124.224,-29.357],[124.226,-29.353],[124.229,-29.35],[124.234,-29.348],[124.06,-29.225],[123.943,-29.089],[123.863,-28.924],[123.805,-28.716],[123.767,-28.483],[123.756,-28.248],[123.772,-28.013],[123.815,-27.782],[123.906,-27.537],[124.038,-27.333],[124.35,-26.941],[124.514,-26.762],[124.7,-26.655],[124.915,-26.603],[125.129,-26.591]]],[[[125.129,-26.591],[125.06,-26.589],[125.165,-26.589],[125.129,-26.591]]]]}},{"type":"Feature","properties":{"id":"deserts-ne-1159104073-physical-areas-628","category":"deserts"},"geometry":{"type":"Polygon","coordinates":[[[69.309,24.416],[69.16,24.415],[68.96,24.46],[68.721,24.56],[68.618,24.627],[68.542,24.702],[68.507,24.783],[68.525,24.868],[68.525,24.947],[68.357,26.936],[68.406,27.13],[68.504,27.286],[68.64,27.413],[69.347,27.822],[70.493,28.738],[70.795,28.914],[71.701,29.21],[71.787,29.238],[71.816,29.248],[72.11,29.393],[73.98,30.32],[74.507,30.489],[74.782,30.507],[75.048,30.461],[75.172,30.409],[75.315,30.32],[75.431,30.212],[75.522,30.089],[75.591,29.952],[75.665,29.649],[75.666,29.588],[75.667,29.322],[75.594,28.956],[75.45,28.581],[75.253,28.239],[74.579,27.508],[72.914,26.383],[72.717,26.159],[72.611,26.038],[71.799,25.112],[71.581,24.943],[71.438,24.866],[71.286,24.819],[70.313,24.752],[69.455,24.442],[69.309,24.416]]]}},{"type":"Feature","properties":{"id":"deserts-ne-1159104075-physical-areas-629","category":"deserts"},"geometry":{"type":"Polygon","coordinates":[[[40.503,30.484],[40.24,30.471],[39.971,30.49],[39.185,30.622],[38.936,30.695],[38.692,30.786],[38.45,30.893],[38.346,30.931],[38.147,30.979],[38.035,31.006],[37.973,31.033],[37.913,31.069],[37.487,31.374],[37.336,31.499],[37.204,31.633],[37.085,31.783],[36.986,31.938],[36.912,32.106],[36.869,32.295],[36.858,32.571],[36.891,32.85],[36.961,33.124],[37.058,33.383],[37.228,33.615],[37.468,33.764],[37.745,33.854],[38.028,33.908],[39.373,34.009],[39.912,34.055],[39.99,34.071],[40.141,34.113],[40.218,34.125],[40.463,34.12],[40.713,34.082],[42.206,33.701],[42.291,33.665],[42.522,33.535],[42.63,33.483],[42.68,33.454],[42.73,33.41],[42.969,33.119],[43.058,33.038],[43.248,32.886],[43.334,32.802],[43.457,32.618],[43.526,32.414],[43.545,32.198],[43.52,31.981],[43.458,31.787],[43.367,31.619],[43.252,31.461],[43.033,31.195],[42.95,31.111],[42.856,31.04],[42.829,31.026],[42.737,30.978],[42.633,30.939],[42.525,30.907],[41.268,30.692],[40.761,30.538],[40.503,30.484]]]}},{"type":"Feature","properties":{"id":"deserts-ne-1159104077-physical-areas-630","category":"deserts"},"geometry":{"type":"Polygon","coordinates":[[[59.376,44.084],[59.314,44.081],[59.287,44.084],[59.258,44.079],[59.208,44.051],[59.16,44.04],[59.147,44.034],[59.131,44.018],[59.126,44.01],[59.103,44.004],[59.064,43.967],[59.055,43.95],[59.07,43.925],[59.109,43.874],[59.115,43.853],[59.13,43.845],[59.146,43.844],[59.154,43.845],[59.221,43.807],[59.254,43.772],[59.262,43.759],[59.264,43.74],[59.256,43.705],[59.256,43.69],[59.259,43.679],[59.267,43.658],[59.269,43.646],[59.262,43.604],[59.253,43.593],[59.193,43.567],[59.173,43.552],[59.155,43.542],[59.133,43.54],[59.095,43.552],[59.066,43.554],[59.056,43.552],[59.054,43.546],[59.057,43.527],[59.056,43.519],[59.047,43.508],[59.039,43.503],[59.032,43.496],[59.029,43.481],[59.031,43.472],[59.035,43.462],[59.041,43.453],[59.046,43.45],[59.057,43.446],[59.066,43.437],[59.121,43.346],[59.124,43.331],[59.125,43.31],[59.116,43.296],[59.097,43.285],[59.084,43.27],[59.09,43.245],[59.105,43.232],[59.12,43.226],[59.133,43.216],[59.138,43.193],[59.14,43.17],[59.159,43.115],[59.163,43.095],[59.163,43.067],[59.157,43.043],[59.142,43.032],[59.132,43.028],[59.128,43.019],[59.129,43.007],[59.132,42.997],[59.139,42.99],[59.157,42.983],[59.166,42.978],[59.208,42.912],[59.211,42.906],[59.224,42.886],[59.227,42.875],[59.226,42.862],[59.222,42.853],[59.214,42.84],[59.204,42.787],[59.231,42.773],[59.275,42.769],[59.318,42.751],[59.329,42.731],[59.33,42.709],[59.324,42.666],[59.316,42.649],[59.299,42.635],[59.286,42.619],[59.29,42.601],[59.299,42.597],[59.331,42.591],[59.337,42.583],[59.342,42.574],[59.352,42.565],[59.365,42.56],[59.383,42.566],[59.397,42.568],[59.411,42.569],[59.419,42.567],[59.428,42.535],[59.433,42.526],[59.449,42.514],[59.493,42.494],[59.512,42.481],[59.606,42.387],[59.642,42.368],[59.772,42.318],[59.794,42.314],[59.821,42.312],[59.842,42.315],[59.883,42.326],[59.907,42.326],[59.929,42.32],[59.968,42.297],[60.005,42.288],[60.052,42.268],[60.253,42.13],[60.265,42.113],[60.27,42.09],[60.271,42.065],[60.276,42.046],[60.286,42.029],[60.304,42.012],[60.334,41.994],[60.345,41.99],[60.395,41.98],[60.444,41.976],[60.459,41.968],[60.462,41.947],[60.461,41.902],[60.469,41.886],[60.497,41.855],[60.507,41.83],[60.536,41.792],[60.55,41.778],[60.567,41.77],[60.588,41.766],[60.636,41.765],[60.652,41.758],[60.663,41.742],[60.68,41.703],[60.706,41.668],[60.738,41.641],[60.975,41.48],[61.0,41.476],[61.013,41.472],[61.025,41.466],[61.061,41.436],[61.091,41.415],[61.114,41.408],[61.172,41.399],[61.191,41.391],[61.244,41.347],[61.256,41.332],[61.278,41.279],[61.287,41.271],[61.312,41.265],[61.359,41.24],[61.387,41.237],[61.397,41.272],[61.41,41.293],[61.433,41.302],[61.469,41.299],[61.567,41.279],[61.654,41.251],[61.877,41.126],[61.897,41.11],[61.97,41.017],[61.979,41.0],[61.982,40.98],[61.985,40.909],[61.99,40.895],[61.982,40.887],[61.993,40.867],[62.025,40.783],[62.036,40.738],[62.044,40.716],[62.055,40.703],[62.088,40.676],[62.099,40.662],[62.12,40.6],[62.134,40.579],[62.171,40.541],[62.177,40.532],[62.185,40.509],[62.191,40.5],[62.213,40.488],[62.26,40.477],[62.343,40.441],[62.353,40.432],[62.356,40.39],[62.362,40.371],[62.388,40.332],[62.396,40.313],[62.4,40.294],[62.401,40.267],[62.425,40.165],[62.459,40.08],[62.504,40.0],[62.556,39.933],[62.624,39.881],[62.701,39.845],[62.782,39.814],[62.861,39.775],[63.15,39.581],[63.314,39.493],[63.39,39.446],[63.463,39.385],[63.516,39.32],[63.604,39.179],[63.659,39.118],[63.67,39.142],[63.714,39.208],[63.734,39.209],[63.761,39.215],[63.887,39.27],[63.916,39.291],[63.928,39.318],[63.907,39.357],[63.909,39.367],[63.913,39.377],[63.915,39.386],[63.917,39.403],[63.915,39.409],[63.907,39.421],[63.894,39.438],[63.866,39.461],[63.854,39.476],[63.841,39.495],[63.832,39.518],[63.832,39.537],[63.859,39.548],[63.893,39.572],[63.919,39.58],[63.929,39.586],[63.944,39.604],[63.956,39.624],[63.969,39.64],[63.987,39.647],[64.008,39.65],[64.082,39.684],[64.118,39.711],[64.169,39.736],[64.174,39.737],[64.185,39.735],[64.189,39.736],[64.194,39.741],[64.198,39.752],[64.203,39.757],[64.235,39.769],[64.255,39.773],[64.262,39.778],[64.267,39.786],[64.275,39.795],[64.305,39.814],[64.316,39.828],[64.319,39.846],[64.324,39.855],[64.324,39.871],[64.326,39.88],[64.33,39.888],[64.333,39.893],[64.357,39.916],[64.387,39.935],[64.428,39.951],[64.436,39.955],[64.439,39.959],[64.441,39.967],[64.446,39.973],[64.453,39.976],[64.5,39.978],[64.557,39.97],[64.577,39.974],[64.614,39.997],[64.733,40.039],[64.751,40.049],[64.768,40.062],[64.782,40.076],[64.83,40.151],[64.845,40.16],[64.916,40.162],[65.025,40.192],[65.257,40.18],[65.32,40.168],[65.337,40.167],[65.389,40.171],[65.406,40.178],[65.425,40.19],[65.448,40.192],[65.553,40.168],[65.588,40.144],[65.649,40.113],[65.677,40.083],[65.693,40.07],[65.733,40.059],[65.752,40.047],[65.772,40.039],[65.792,40.045],[65.836,40.024],[65.878,40.017],[66.104,40.054],[66.235,40.045],[66.478,39.996],[66.553,39.995],[66.588,39.977],[66.656,39.969],[66.691,39.951],[66.734,39.941],[66.751,39.934],[66.775,39.932],[66.786,39.928],[66.79,39.921],[66.795,39.903],[66.8,39.894],[66.805,39.892],[66.83,39.877],[66.83,39.876],[66.831,39.874],[66.831,39.873],[66.839,39.871],[66.865,39.86],[66.872,39.856],[66.879,39.846],[66.889,39.821],[66.896,39.811],[66.905,39.805],[66.937,39.792],[66.983,39.744],[67.013,39.728],[67.061,39.682],[67.083,39.675],[67.124,39.647],[67.146,39.64],[67.169,39.636],[67.217,39.62],[65.489,37.863],[64.168,36.757],[63.094,36.223],[62.189,36.255],[61.313,36.472],[60.475,36.828],[59.688,37.273],[59.128,37.669],[58.436,38.159],[57.767,38.633],[57.447,38.806],[57.091,38.922],[57.0,38.944],[56.914,38.972],[56.829,39.006],[56.743,39.048],[56.389,39.348],[56.089,39.795],[55.893,40.297],[55.852,40.761],[55.986,41.438],[56.238,41.838],[57.538,42.837],[58.167,43.434],[58.491,43.842],[58.61,43.992],[58.691,44.094],[59.562,45.48],[59.582,45.464],[59.599,45.447],[59.614,45.429],[59.626,45.412],[59.648,45.333],[59.652,45.236],[59.65,45.135],[59.667,44.899],[59.674,44.852],[59.69,44.803],[59.735,44.728],[59.754,44.682],[59.753,44.53],[59.69,44.351],[59.587,44.192],[59.465,44.102],[59.434,44.092],[59.376,44.084]]]}},{"type":"Feature","properties":{"id":"deserts-ne-1159104079-physical-areas-631","category":"deserts"},"geometry":{"type":"Polygon","coordinates":[[[67.431,44.66],[68.571,43.505],[69.021,43.049],[69.115,42.284],[68.625,41.352],[67.217,39.62],[67.169,39.636],[67.146,39.64],[67.124,39.647],[67.083,39.675],[67.061,39.682],[67.013,39.728],[66.983,39.744],[66.937,39.792],[66.905,39.805],[66.896,39.811],[66.889,39.821],[66.879,39.846],[66.872,39.856],[66.865,39.86],[66.839,39.871],[66.831,39.873],[66.831,39.874],[66.83,39.876],[66.83,39.877],[66.805,39.892],[66.8,39.894],[66.795,39.903],[66.79,39.921],[66.786,39.928],[66.775,39.932],[66.751,39.934],[66.734,39.941],[66.691,39.951],[66.656,39.969],[66.588,39.977],[66.553,39.995],[66.478,39.996],[66.235,40.045],[66.104,40.054],[65.878,40.017],[65.836,40.024],[65.792,40.045],[65.772,40.039],[65.752,40.047],[65.733,40.059],[65.693,40.07],[65.677,40.083],[65.649,40.113],[65.588,40.144],[65.553,40.168],[65.448,40.192],[65.425,40.19],[65.406,40.178],[65.389,40.171],[65.337,40.167],[65.32,40.168],[65.257,40.18],[65.025,40.192],[64.916,40.162],[64.845,40.16],[64.83,40.151],[64.782,40.076],[64.768,40.062],[64.751,40.049],[64.733,40.039],[64.614,39.997],[64.577,39.974],[64.557,39.97],[64.5,39.978],[64.453,39.976],[64.446,39.973],[64.441,39.967],[64.439,39.959],[64.436,39.955],[64.428,39.951],[64.387,39.935],[64.357,39.916],[64.333,39.893],[64.33,39.888],[64.326,39.88],[64.324,39.871],[64.324,39.855],[64.319,39.846],[64.316,39.828],[64.305,39.814],[64.275,39.795],[64.267,39.786],[64.262,39.778],[64.255,39.773],[64.235,39.769],[64.203,39.757],[64.198,39.752],[64.194,39.741],[64.189,39.736],[64.185,39.735],[64.174,39.737],[64.169,39.736],[64.118,39.711],[64.082,39.684],[64.008,39.65],[63.987,39.647],[63.969,39.64],[63.956,39.624],[63.944,39.604],[63.929,39.586],[63.919,39.58],[63.893,39.572],[63.859,39.548],[63.832,39.537],[63.832,39.518],[63.841,39.495],[63.854,39.476],[63.866,39.461],[63.894,39.438],[63.907,39.421],[63.915,39.409],[63.917,39.403],[63.915,39.386],[63.913,39.377],[63.909,39.367],[63.907,39.357],[63.928,39.318],[63.916,39.291],[63.887,39.27],[63.761,39.215],[63.734,39.209],[63.714,39.208],[63.67,39.142],[63.659,39.118],[63.604,39.179],[63.516,39.32],[63.463,39.385],[63.39,39.446],[63.314,39.493],[63.15,39.581],[62.861,39.775],[62.782,39.814],[62.701,39.845],[62.624,39.881],[62.556,39.933],[62.504,40.0],[62.459,40.08],[62.425,40.165],[62.401,40.267],[62.4,40.294],[62.396,40.313],[62.388,40.332],[62.362,40.371],[62.356,40.39],[62.353,40.432],[62.343,40.441],[62.26,40.477],[62.213,40.488],[62.191,40.5],[62.185,40.509],[62.177,40.532],[62.171,40.541],[62.134,40.579],[62.12,40.6],[62.099,40.662],[62.088,40.676],[62.055,40.703],[62.044,40.716],[62.036,40.738],[62.025,40.783],[61.993,40.867],[61.982,40.887],[61.99,40.895],[61.985,40.909],[61.982,40.98],[61.979,41.0],[61.97,41.017],[61.897,41.11],[61.877,41.126],[61.654,41.251],[61.567,41.279],[61.469,41.299],[61.433,41.302],[61.41,41.293],[61.397,41.272],[61.387,41.237],[61.359,41.24],[61.312,41.265],[61.287,41.271],[61.278,41.279],[61.256,41.332],[61.244,41.347],[61.191,41.391],[61.172,41.399],[61.114,41.408],[61.091,41.415],[61.061,41.436],[61.025,41.466],[61.013,41.472],[61.0,41.476],[60.975,41.48],[60.738,41.641],[60.706,41.668],[60.68,41.703],[60.663,41.742],[60.652,41.758],[60.636,41.765],[60.588,41.766],[60.567,41.77],[60.55,41.778],[60.536,41.792],[60.507,41.83],[60.497,41.855],[60.469,41.886],[60.461,41.902],[60.462,41.947],[60.459,41.968],[60.444,41.976],[60.395,41.98],[60.345,41.99],[60.334,41.994],[60.304,42.012],[60.286,42.029],[60.276,42.046],[60.271,42.065],[60.27,42.09],[60.265,42.113],[60.253,42.13],[60.052,42.268],[60.005,42.288],[59.968,42.297],[59.929,42.32],[59.907,42.326],[59.883,42.326],[59.842,42.315],[59.821,42.312],[59.794,42.314],[59.772,42.318],[59.642,42.368],[59.606,42.387],[59.512,42.481],[59.493,42.494],[59.449,42.514],[59.433,42.526],[59.428,42.535],[59.419,42.567],[59.411,42.569],[59.397,42.568],[59.383,42.566],[59.365,42.56],[59.352,42.565],[59.342,42.574],[59.337,42.583],[59.331,42.591],[59.299,42.597],[59.29,42.601],[59.286,42.619],[59.299,42.635],[59.316,42.649],[59.324,42.666],[59.33,42.709],[59.329,42.731],[59.318,42.751],[59.275,42.769],[59.231,42.773],[59.204,42.787],[59.214,42.84],[59.222,42.853],[59.226,42.862],[59.227,42.875],[59.224,42.886],[59.211,42.906],[59.208,42.912],[59.166,42.978],[59.157,42.983],[59.139,42.99],[59.132,42.997],[59.129,43.007],[59.128,43.019],[59.132,43.028],[59.142,43.032],[59.157,43.043],[59.163,43.067],[59.163,43.095],[59.159,43.115],[59.14,43.17],[59.138,43.193],[59.133,43.216],[59.12,43.226],[59.105,43.232],[59.09,43.245],[59.084,43.27],[59.097,43.285],[59.116,43.296],[59.125,43.31],[59.124,43.331],[59.121,43.346],[59.066,43.437],[59.057,43.446],[59.046,43.45],[59.041,43.453],[59.035,43.462],[59.031,43.472],[59.029,43.481],[59.032,43.496],[59.039,43.503],[59.047,43.508],[59.056,43.519],[59.057,43.527],[59.054,43.546],[59.056,43.552],[59.066,43.554],[59.095,43.552],[59.133,43.54],[59.155,43.542],[59.173,43.552],[59.193,43.567],[59.253,43.593],[59.262,43.604],[59.269,43.646],[59.267,43.658],[59.259,43.679],[59.256,43.69],[59.256,43.705],[59.264,43.74],[59.262,43.759],[59.254,43.772],[59.221,43.807],[59.154,43.845],[59.146,43.844],[59.13,43.845],[59.115,43.853],[59.109,43.874],[59.07,43.925],[59.055,43.95],[59.064,43.967],[59.103,44.004],[59.126,44.01],[59.131,44.018],[59.147,44.034],[59.16,44.04],[59.208,44.051],[59.258,44.079],[59.287,44.084],[59.314,44.081],[59.376,44.084],[59.434,44.092],[59.465,44.102],[59.587,44.192],[59.69,44.351],[59.753,44.53],[59.754,44.682],[59.735,44.728],[59.69,44.803],[59.674,44.852],[59.667,44.899],[59.65,45.135],[59.652,45.236],[59.648,45.333],[59.626,45.412],[59.614,45.429],[59.599,45.447],[59.582,45.464],[59.562,45.48],[60.113,46.331],[60.188,46.447],[60.535,46.877],[60.925,47.256],[62.766,47.492],[65.141,46.383],[66.893,45.065],[67.431,44.66]]]}},{"type":"Feature","properties":{"id":"deserts-ne-1159104081-physical-areas-632","category":"deserts"},"geometry":{"type":"Polygon","coordinates":[[[-69.512,-18.497],[-69.041,-19.755],[-68.995,-19.878],[-68.841,-20.455],[-68.36,-22.259],[-68.189,-22.634],[-67.866,-22.982],[-67.953,-23.816],[-68.059,-24.09],[-68.066,-24.108],[-68.544,-24.475],[-68.619,-24.644],[-68.679,-24.778],[-68.83,-25.555],[-69.242,-26.034],[-69.658,-26.585],[-69.86,-27.193],[-69.861,-27.484],[-69.776,-27.783],[-69.81,-27.952],[-69.962,-28.003],[-70.106,-27.815],[-70.384,-27.344],[-70.582,-27.374],[-70.833,-27.303],[-70.903,-27.283],[-70.911,-27.281],[-70.898,-27.188],[-70.813,-26.951],[-70.803,-26.841],[-70.708,-26.597],[-70.687,-26.422],[-70.647,-26.329],[-70.657,-26.26],[-70.653,-26.246],[-70.661,-26.212],[-70.635,-25.993],[-70.7,-25.861],[-70.708,-25.814],[-70.708,-25.814],[-70.488,-25.405],[-70.417,-25.274],[-70.515,-24.876],[-70.565,-24.676],[-70.541,-24.38],[-70.53,-24.245],[-70.507,-24.13],[-70.514,-24.049],[-70.512,-24.023],[-70.472,-23.756],[-70.41,-23.656],[-70.392,-23.566],[-70.42,-23.529],[-70.512,-23.483],[-70.588,-23.368],[-70.588,-23.363],[-70.553,-23.066],[-70.551,-23.055],[-70.461,-23.037],[-70.388,-23.053],[-70.265,-22.753],[-70.035,-21.377],[-70.177,-20.583],[-70.177,-20.419],[-70.147,-20.23],[-70.148,-19.805],[-70.157,-19.706],[-70.177,-19.663],[-70.177,-19.631],[-70.292,-18.847],[-70.299,-18.798],[-70.358,-18.4],[-70.37,-18.324],[-70.322,-18.325],[-70.08,-18.33],[-69.873,-18.061],[-69.74,-17.889],[-69.59,-18.29],[-69.512,-18.497]]]}},{"type":"Feature","properties":{"id":"ranges-ne-1159104165-physical-areas-663","category":"ranges"},"geometry":{"type":"Polygon","coordinates":[[[39.956,11.643],[40.102,11.352],[40.181,11.14],[40.274,10.704],[40.234,10.188],[40.115,9.897],[40.075,9.645],[40.009,9.367],[40.155,9.116],[40.472,9.196],[40.988,9.434],[41.319,9.542],[41.444,9.583],[41.676,9.659],[41.977,9.687],[42.367,9.724],[42.377,9.725],[42.468,9.736],[42.801,9.778],[42.828,9.753],[43.15,9.464],[43.184,9.434],[43.37,9.013],[43.383,8.984],[43.296,8.827],[43.237,8.719],[43.173,8.604],[43.171,8.6],[42.991,8.621],[42.868,8.635],[42.827,8.64],[42.324,8.852],[42.179,8.706],[41.875,8.799],[41.725,8.784],[41.345,8.746],[41.306,8.721],[40.909,8.468],[40.538,8.203],[40.585,7.948],[40.587,7.938],[40.591,7.912],[41.005,7.835],[41.015,7.833],[41.083,7.713],[41.24,7.436],[41.318,7.313],[41.332,7.291],[41.094,6.92],[41.082,6.912],[40.935,6.814],[40.882,6.087],[40.936,5.889],[40.962,5.796],[40.922,5.781],[40.578,5.65],[40.022,5.624],[39.767,5.227],[39.758,5.214],[39.723,5.209],[39.374,5.161],[39.096,5.055],[38.875,4.845],[38.845,4.817],[38.834,4.815],[38.501,4.764],[38.422,4.473],[38.379,4.235],[38.356,4.102],[38.288,4.102],[38.21,4.102],[37.998,4.407],[38.038,4.671],[37.919,4.949],[37.688,4.917],[37.258,4.856],[37.006,5.042],[36.768,5.293],[36.579,5.572],[36.49,5.703],[36.279,6.1],[35.736,5.994],[35.286,5.928],[35.141,6.153],[35.3,6.523],[35.009,6.656],[34.837,6.92],[35.088,7.291],[34.85,7.687],[34.863,8.19],[34.519,8.534],[34.202,8.984],[34.096,9.262],[33.95,9.751],[34.175,10.042],[34.122,10.333],[34.307,10.638],[34.559,11.087],[34.956,11.22],[35.167,11.564],[35.591,11.365],[35.908,11.749],[36.001,12.04],[36.014,12.344],[36.265,12.542],[36.556,12.648],[36.543,12.873],[36.212,13.072],[36.239,13.283],[36.596,13.363],[37.033,13.469],[37.046,13.932],[37.144,13.972],[37.169,13.982],[37.337,14.051],[37.694,14.262],[37.734,14.527],[37.8,15.281],[37.945,15.916],[37.562,16.352],[37.456,17.067],[37.668,17.821],[37.699,17.833],[37.718,17.841],[38.21,18.033],[38.594,17.437],[38.858,16.63],[38.964,16.075],[39.282,15.572],[39.427,15.307],[39.758,14.99],[39.849,14.887],[39.85,14.885],[40.155,14.54],[40.168,13.984],[40.128,13.746],[40.157,13.4],[40.181,13.111],[40.102,12.688],[39.903,12.529],[39.917,11.802],[39.956,11.643]]]}},{"type":"Feature","properties":{"id":"ranges-ne-1159104167-physical-areas-664","category":"ranges"},"geometry":{"type":"Polygon","coordinates":[[[54.906,26.787],[54.609,26.768],[54.323,26.803],[54.044,26.879],[53.336,27.149],[53.197,27.211],[52.983,27.333],[52.79,27.473],[52.262,27.942],[51.745,28.456],[51.56,28.617],[51.478,28.698],[51.412,28.789],[51.313,28.987],[51.254,29.081],[51.195,29.151],[50.617,29.732],[50.509,29.868],[50.478,29.929],[50.428,30.057],[50.396,30.116],[50.349,30.174],[50.234,30.29],[50.122,30.417],[50.002,30.535],[49.946,30.599],[49.866,30.719],[49.668,31.113],[49.559,31.291],[49.322,31.625],[49.17,31.891],[49.116,31.97],[49.057,32.043],[48.783,32.317],[48.671,32.413],[48.553,32.491],[48.432,32.546],[48.195,32.629],[47.916,32.787],[47.573,32.943],[46.883,33.35],[46.819,33.408],[46.746,33.502],[46.52,33.844],[46.456,33.96],[46.381,34.161],[46.247,34.798],[46.152,35.075],[46.12,35.217],[46.119,35.363],[46.142,35.48],[46.178,35.583],[46.225,35.673],[46.282,35.748],[46.473,35.883],[46.703,35.923],[46.948,35.868],[47.185,35.721],[47.851,35.1],[48.408,34.673],[48.706,34.411],[49.222,33.816],[50.127,33.059],[50.447,32.751],[50.755,32.418],[51.122,31.93],[52.944,29.929],[53.024,29.827],[53.063,29.759],[53.122,29.615],[53.159,29.547],[53.309,29.4],[53.502,29.3],[54.449,28.905],[54.638,28.842],[55.692,28.57],[55.919,28.489],[56.185,28.364],[56.417,28.202],[56.54,28.006],[56.473,27.67],[56.197,27.416],[55.403,26.941],[55.245,26.871],[55.078,26.821],[54.906,26.787]]]}},{"type":"Feature","properties":{"id":"ranges-ne-1159104169-physical-areas-665","category":"ranges"},"geometry":{"type":"Polygon","coordinates":[[[100.567,44.104],[100.329,44.039],[98.774,43.985],[98.26,44.064],[98.043,44.097],[97.97,44.083],[97.898,44.052],[97.807,43.982],[97.768,43.953],[97.464,43.621],[97.382,43.532],[97.14,43.363],[97.009,43.305],[96.871,43.265],[96.727,43.249],[96.578,43.257],[96.424,43.292],[96.266,43.368],[95.378,44.086],[95.138,44.28],[95.011,44.34],[94.875,44.369],[92.863,44.411],[91.925,44.629],[91.115,44.675],[90.656,44.88],[90.075,45.421],[89.761,46.002],[89.615,46.398],[89.336,46.797],[88.918,47.22],[88.4,47.558],[86.63,48.097],[84.334,48.305],[84.228,48.437],[83.925,48.75],[83.391,49.784],[83.303,49.903],[83.185,50.012],[82.999,50.094],[82.255,50.424],[82.104,50.52],[82.001,50.645],[81.943,50.789],[81.926,50.946],[81.945,51.107],[81.998,51.266],[82.081,51.414],[82.587,52.062],[82.677,52.124],[82.89,52.218],[83.338,52.305],[84.126,52.24],[85.725,52.109],[86.7,52.029],[87.25,51.843],[87.754,51.564],[88.298,51.097],[88.463,50.867],[88.493,50.691],[88.521,50.527],[88.571,50.244],[88.72,50.159],[89.653,49.628],[89.732,49.446],[89.776,49.402],[89.902,49.321],[90.044,49.269],[90.82,49.143],[90.955,49.086],[92.049,48.104],[92.24,47.98],[92.447,47.891],[92.962,47.771],[94.913,46.912],[95.612,46.832],[97.045,46.182],[98.978,45.68],[99.891,45.091],[100.441,44.855],[100.54,44.793],[100.563,44.778],[100.667,44.684],[100.746,44.569],[100.751,44.554],[100.791,44.437],[100.786,44.326],[100.742,44.234],[100.667,44.16],[100.567,44.104]]]}},{"type":"Feature","properties":{"id":"ranges-ne-1159104171-physical-areas-666","category":"ranges"},"geometry":{"type":"Polygon","coordinates":[[[119.371,43.444],[119.344,43.297],[117.998,43.305],[117.647,43.225],[117.506,43.171],[117.453,43.163],[117.414,43.177],[117.39,43.222],[117.383,43.305],[117.924,46.281],[117.973,46.383],[118.211,46.668],[119.661,49.545],[119.675,49.602],[119.909,50.537],[120.002,50.732],[120.124,51.546],[120.165,51.63],[120.269,51.741],[120.373,51.813],[120.656,51.927],[120.728,51.974],[120.783,52.047],[120.817,52.16],[120.822,52.287],[120.797,52.403],[120.542,52.857],[120.53,52.929],[120.554,52.995],[120.617,53.054],[121.097,53.251],[122.186,53.515],[123.124,53.521],[124.028,53.389],[124.751,53.147],[124.925,53.032],[125.049,52.89],[125.125,52.725],[125.159,52.543],[125.156,52.348],[125.058,51.942],[124.611,51.194],[124.413,50.864],[124.251,50.594],[123.545,49.849],[123.522,49.76],[123.538,49.688],[123.549,49.633],[123.638,49.434],[123.899,49.11],[123.946,48.938],[123.871,48.795],[123.058,48.275],[122.906,48.101],[122.846,47.887],[122.867,47.777],[123.324,46.955],[123.335,46.843],[123.267,46.561],[123.151,46.335],[122.908,46.056],[122.778,45.908],[122.276,45.332],[121.923,44.928],[121.403,44.538],[121.151,44.35],[119.591,43.643],[119.458,43.556],[119.371,43.444]]]}},{"type":"Feature","properties":{"id":"ranges-ne-1159104173-physical-areas-667","category":"ranges"},"geometry":{"type":"Polygon","coordinates":[[[126.141,57.289],[126.189,57.276],[126.437,57.316],[127.2,57.243],[127.644,57.02],[127.852,56.971],[128.047,56.85],[128.41,56.739],[129.784,56.77],[130.022,56.775],[130.575,56.787],[131.602,57.083],[131.718,57.092],[134.561,56.85],[134.62,56.859],[134.754,56.903],[136.379,56.899],[136.38,56.899],[137.399,57.153],[137.547,57.162],[137.62,57.146],[137.7,57.107],[137.868,56.978],[138.018,56.815],[138.069,56.735],[138.099,56.686],[138.117,56.658],[138.134,56.565],[138.106,56.481],[138.054,56.418],[138.028,56.398],[134.993,54.837],[134.734,54.703],[134.174,54.509],[131.245,54.314],[131.085,54.342],[130.953,54.399],[130.548,54.676],[130.33,54.753],[128.764,54.883],[128.018,54.749],[127.871,54.75],[127.723,54.788],[127.368,54.689],[127.258,54.737],[126.146,54.899],[124.786,54.886],[124.588,54.963],[124.069,55.332],[123.535,55.873],[123.319,56.165],[123.167,56.448],[123.102,56.707],[123.131,56.808],[123.219,56.916],[123.508,57.128],[123.843,57.298],[124.095,57.383],[125.734,57.345],[125.804,57.357],[125.905,57.395],[125.949,57.389],[126.141,57.289]]]}},{"type":"Feature","properties":{"id":"ranges-ne-1730073913-physical-areas-668","category":"ranges"},"geometry":{"type":"Polygon","coordinates":[[[105.797,18.403],[106.405,17.747],[106.356,17.765],[106.371,17.747],[106.445,17.704],[106.651,17.482],[106.736,17.367],[106.809,17.311],[106.826,17.293],[106.827,17.292],[107.172,16.919],[107.18,16.898],[107.207,16.882],[108.585,15.395],[108.805,15.029],[109.01,14.241],[109.25,13.701],[109.252,13.591],[109.288,13.451],[109.272,13.279],[109.31,13.219],[109.328,13.167],[109.102,12.576],[109.08,12.459],[109.111,11.764],[109.087,11.654],[109.059,11.594],[109.04,11.593],[109.031,11.543],[108.963,11.464],[108.918,11.432],[108.874,11.412],[108.654,11.388],[108.608,11.373],[108.509,11.319],[108.446,11.259],[108.209,10.957],[108.154,10.914],[108.095,10.897],[108.068,10.847],[108.065,10.844],[107.899,10.772],[107.703,10.743],[107.57,10.745],[107.395,10.768],[107.249,10.85],[107.131,10.98],[107.042,11.145],[106.983,11.334],[106.953,11.536],[106.954,11.738],[107.007,12.088],[106.99,12.236],[106.715,12.916],[106.675,13.454],[106.506,14.092],[106.489,14.13],[106.459,14.167],[106.191,14.371],[105.838,14.871],[105.778,15.023],[105.381,16.836],[103.942,18.505],[103.896,18.536],[103.846,18.552],[103.781,18.55],[103.198,18.336],[103.085,18.332],[102.979,18.367],[102.88,18.433],[102.79,18.524],[102.637,18.753],[102.528,18.998],[102.483,19.19],[102.489,19.365],[102.533,19.526],[102.853,20.144],[102.969,20.71],[103.283,21.25],[103.429,21.41],[103.665,21.581],[103.935,21.689],[104.077,21.714],[104.22,21.716],[105.505,21.292],[105.877,21.103],[106.021,20.997],[106.082,20.935],[106.13,20.867],[106.164,20.792],[106.186,20.701],[106.186,20.632],[106.169,20.581],[106.136,20.542],[105.793,20.341],[105.602,20.135],[105.467,19.885],[105.389,19.612],[105.375,19.341],[105.432,19.094],[105.797,18.403]]]}},{"type":"Feature","properties":{"id":"ranges-ne-1159104179-physical-areas-669","category":"ranges"},"geometry":{"type":"Polygon","coordinates":[[[80.407,29.493],[87.019,27.027],[87.019,27.027],[87.509,26.844],[87.533,26.83],[87.624,26.778],[87.696,26.696],[87.706,26.594],[87.635,26.47],[87.55,26.402],[87.451,26.37],[87.343,26.365],[86.204,26.717],[84.447,27.26],[84.034,27.388],[83.807,27.458],[83.584,27.486],[83.119,27.546],[82.099,27.861],[81.983,27.936],[81.62,28.288],[81.575,28.332],[81.411,28.406],[80.781,28.689],[79.768,29.144],[79.617,29.211],[79.564,29.198],[79.409,29.272],[79.387,29.289],[79.249,29.397],[79.12,29.548],[79.08,29.627],[79.072,29.663],[79.07,29.668],[79.062,29.705],[79.063,29.78],[79.082,29.839],[79.113,29.884],[79.156,29.917],[79.208,29.94],[79.305,29.959],[79.33,29.964],[79.636,29.961],[79.786,29.928],[79.934,29.867],[80.407,29.493]]]}},{"type":"Feature","properties":{"id":"ranges-ne-1159104181-physical-areas-670","category":"ranges"},"geometry":{"type":"Polygon","coordinates":[[[74.904,39.465],[75.673,39.196],[75.896,39.031],[76.122,38.81],[76.868,38.347],[76.989,38.239],[77.032,38.138],[76.973,38.048],[76.912,38.02],[76.86,37.996],[76.454,37.9],[75.986,37.788],[75.674,37.714],[75.502,37.603],[75.11,37.574],[74.355,37.518],[73.099,37.424],[72.918,37.41],[72.794,37.364],[72.486,37.248],[72.107,37.105],[72.087,37.097],[71.933,37.083],[71.785,37.105],[71.662,37.167],[71.65,37.174],[71.525,37.253],[71.446,37.284],[71.424,37.305],[71.32,37.449],[71.26,37.506],[71.235,37.539],[71.216,37.583],[71.205,37.645],[71.227,39.066],[71.252,39.166],[71.289,39.226],[71.326,39.259],[71.366,39.272],[71.577,39.262],[71.897,39.368],[71.918,39.382],[72.244,39.506],[74.24,39.56],[74.904,39.465]]]}},{"type":"Feature","properties":{"id":"ranges-ne-1159104183-physical-areas-671","category":"ranges"},"geometry":{"type":"Polygon","coordinates":[[[74.749,37.459],[75.17,37.0],[75.439,36.706],[75.484,36.631],[75.636,36.375],[75.692,36.226],[75.717,35.744],[75.641,35.274],[75.608,35.179],[75.559,35.101],[75.49,35.045],[75.133,34.583],[74.461,34.123],[74.406,34.104],[74.374,34.093],[74.299,34.082],[74.23,34.088],[73.967,34.149],[73.939,34.156],[73.913,34.155],[73.813,34.152],[73.753,34.15],[73.739,34.146],[73.712,34.137],[73.704,34.123],[73.712,34.11],[73.72,34.101],[73.712,34.098],[73.556,34.13],[73.486,34.145],[73.468,34.149],[72.824,34.418],[72.682,34.43],[72.329,34.461],[72.02,34.6],[71.951,34.609],[71.865,34.602],[71.789,34.577],[71.771,34.563],[71.484,34.352],[71.462,34.341],[71.418,34.318],[71.268,34.278],[69.676,34.312],[67.019,34.646],[66.948,34.695],[66.877,34.795],[66.752,35.1],[66.675,35.466],[66.674,35.798],[66.709,35.878],[67.324,36.553],[67.373,36.587],[71.067,37.412],[71.204,37.417],[71.327,37.383],[71.488,37.245],[71.563,37.201],[71.662,37.167],[71.75,37.137],[71.95,37.106],[72.107,37.105],[72.123,37.105],[72.207,37.12],[72.486,37.248],[72.7,37.345],[72.794,37.364],[73.099,37.424],[73.602,37.523],[74.355,37.518],[74.619,37.516],[74.684,37.499],[74.735,37.475],[74.749,37.459]]]}},{"type":"Feature","properties":{"id":"ranges-ne-1159104185-physical-areas-672","category":"ranges"},"geometry":{"type":"Polygon","coordinates":[[[79.018,33.354],[78.897,33.336],[78.375,33.354],[78.239,33.389],[78.224,33.397],[78.11,33.456],[78.029,33.523],[77.076,34.312],[76.386,34.704],[76.267,34.818],[76.105,35.059],[75.748,35.81],[75.707,35.943],[75.69,36.302],[75.658,36.406],[75.61,36.487],[75.484,36.631],[75.252,36.893],[75.199,36.952],[75.172,36.992],[75.17,37.0],[75.163,37.02],[75.159,37.061],[75.148,37.086],[74.928,37.285],[74.92,37.309],[74.929,37.335],[74.961,37.361],[75.986,37.788],[76.248,37.897],[76.357,37.914],[76.444,37.906],[76.454,37.9],[76.5,37.87],[76.611,37.74],[76.973,37.482],[77.809,36.484],[77.861,36.449],[78.0,36.388],[78.261,36.191],[78.351,36.124],[78.481,36.073],[78.812,35.996],[78.972,35.916],[79.011,35.896],[79.274,35.669],[79.483,35.378],[79.621,35.059],[79.7,34.597],[79.845,34.358],[79.856,34.314],[79.856,34.265],[79.842,34.211],[79.825,34.178],[79.503,33.829],[79.245,33.651],[79.226,33.631],[79.196,33.577],[79.149,33.454],[79.133,33.428],[79.114,33.405],[79.071,33.375],[79.018,33.354]]]}},{"type":"Feature","properties":{"id":"ranges-ne-1159104187-physical-areas-673","category":"ranges"},"geometry":{"type":"Polygon","coordinates":[[[86.801,37.625],[87.587,37.505],[89.219,37.527],[89.513,37.531],[91.199,37.554],[91.531,37.462],[92.673,36.762],[92.709,36.746],[92.86,36.682],[93.014,36.616],[94.187,36.443],[94.663,36.372],[94.995,36.323],[95.146,36.301],[95.156,36.299],[95.426,36.371],[95.659,36.433],[95.762,36.44],[95.927,36.397],[97.583,35.966],[97.788,35.989],[97.985,36.01],[97.986,36.01],[98.018,36.02],[98.138,36.058],[98.151,36.062],[98.497,36.253],[98.589,36.273],[98.798,36.268],[99.01,36.213],[99.189,36.126],[99.258,36.07],[99.317,35.998],[99.404,35.825],[99.455,35.634],[99.476,35.454],[99.472,35.364],[99.452,35.287],[99.419,35.222],[99.372,35.17],[99.313,35.13],[99.243,35.102],[99.163,35.087],[98.909,35.097],[97.593,35.36],[87.336,35.688],[86.739,35.488],[82.291,35.354],[81.854,35.229],[81.385,35.166],[80.825,35.178],[80.554,35.226],[79.29,35.831],[79.086,35.897],[78.972,35.916],[78.668,35.968],[78.472,36.036],[78.281,36.17],[78.261,36.191],[78.1,36.368],[78.029,36.482],[77.98,36.599],[77.96,36.715],[77.975,36.827],[78.042,36.955],[78.144,37.047],[78.273,37.11],[78.575,37.165],[79.16,37.132],[79.741,36.987],[80.523,36.63],[80.674,36.561],[80.715,36.542],[80.843,36.506],[81.162,36.414],[81.208,36.401],[81.344,36.41],[82.135,36.68],[83.402,36.817],[83.494,36.827],[83.671,36.888],[85.708,37.595],[86.043,37.711],[86.801,37.625]]]}},{"type":"Feature","properties":{"id":"ranges-ne-1159104189-physical-areas-674","category":"ranges"},"geometry":{"type":"Polygon","coordinates":[[[10.442,36.686],[10.469,36.329],[9.966,35.879],[9.939,35.402],[9.953,34.715],[9.992,34.159],[9.595,34.119],[9.291,34.066],[8.833,34.114],[8.656,34.133],[8.167,34.265],[8.114,34.287],[7.73,34.45],[7.042,34.847],[6.526,34.926],[5.64,34.82],[5.256,34.794],[4.687,34.648],[3.907,34.318],[3.722,34.265],[3.166,34.106],[2.756,33.855],[2.748,33.852],[2.055,33.656],[1.129,33.14],[0.685,32.995],[0.401,32.902],[-0.393,32.492],[-0.487,32.403],[-0.909,32.003],[-1.716,31.659],[-2.258,31.447],[-2.933,31.288],[-3.524,31.21],[-3.797,31.174],[-4.031,31.143],[-4.543,30.828],[-4.613,30.786],[-4.815,30.655],[-5.168,30.428],[-5.323,30.239],[-5.398,30.148],[-5.406,30.137],[-5.429,30.133],[-5.72,30.082],[-6.465,29.952],[-7.232,29.529],[-7.629,29.132],[-8.502,28.788],[-9.269,28.603],[-10.063,28.338],[-10.539,28.312],[-10.989,28.55],[-10.893,28.815],[-10.891,28.819],[-10.674,28.939],[-10.486,29.065],[-10.27,29.304],[-10.182,29.37],[-9.732,29.754],[-9.283,30.124],[-8.82,30.481],[-8.568,30.693],[-8.793,30.759],[-9.336,30.574],[-9.627,30.534],[-9.863,30.744],[-9.865,30.746],[-9.864,30.751],[-9.832,30.847],[-9.833,31.07],[-9.813,31.356],[-9.468,31.936],[-9.217,32.161],[-8.912,32.347],[-8.171,32.704],[-7.788,32.902],[-7.272,33.101],[-7.245,33.378],[-7.179,33.603],[-7.007,33.762],[-6.809,34.04],[-6.624,34.106],[-6.28,34.093],[-6.015,34.212],[-5.748,34.341],[-5.605,34.41],[-5.635,34.457],[-5.949,34.939],[-5.869,35.336],[-5.882,35.769],[-5.882,35.773],[-5.882,35.793],[-5.882,35.793],[-5.748,35.816],[-5.623,35.829],[-5.522,35.862],[-5.469,35.891],[-5.393,35.905],[-5.338,35.809],[-5.338,35.745],[-5.253,35.615],[-5.19,35.552],[-5.142,35.469],[-5.129,35.464],[-5.063,35.438],[-4.837,35.281],[-4.628,35.206],[-4.33,35.161],[-3.982,35.243],[-3.788,35.245],[-3.744,35.261],[-3.7,35.257],[-3.663,35.265],[-3.591,35.228],[-3.395,35.212],[-3.206,35.239],[-3.063,35.317],[-3.004,35.376],[-2.966,35.328],[-2.938,35.293],[-2.915,35.264],[-2.87,35.173],[-2.84,35.128],[-2.731,35.135],[-2.637,35.113],[-2.424,35.123],[-2.22,35.104],[-2.018,35.085],[-1.913,35.094],[-1.674,35.183],[-1.484,35.303],[-1.336,35.364],[-1.3,35.401],[-1.266,35.416],[-1.171,35.52],[-1.088,35.579],[-0.917,35.668],[-0.426,35.862],[-0.351,35.863],[-0.189,35.819],[-0.048,35.833],[0.048,35.901],[0.152,36.063],[0.307,36.159],[0.613,36.289],[0.683,36.319],[0.791,36.357],[0.972,36.444],[1.257,36.52],[1.975,36.568],[2.343,36.61],[2.593,36.601],[2.747,36.685],[2.755,36.686],[3.153,36.77],[3.192,36.778],[3.24,36.79],[3.521,36.795],[3.779,36.896],[4.758,36.896],[4.863,36.867],[4.874,36.861],[4.876,36.861],[5.006,36.801],[5.196,36.677],[5.295,36.648],[5.425,36.675],[5.687,36.784],[5.944,36.831],[5.966,36.845],[6.065,36.864],[6.249,36.938],[6.328,37.046],[6.338,37.049],[6.432,37.034],[6.564,37.014],[6.576,37.003],[6.928,36.919],[7.143,36.943],[7.238,36.969],[7.219,37.039],[7.238,37.041],[7.254,37.043],[7.532,37.021],[7.551,37.019],[7.608,37.0],[7.792,36.88],[7.91,36.856],[7.999,36.878],[8.007,36.876],[8.021,36.871],[8.175,36.913],[8.577,36.937],[8.824,36.998],[8.959,37.089],[8.98,37.092],[9.0,37.096],[9.131,37.137],[9.675,37.308],[9.734,37.298],[9.827,37.283],[9.816,37.255],[9.784,37.211],[9.83,37.135],[9.896,37.182],[9.879,37.213],[9.876,37.254],[9.984,37.258],[10.017,37.252],[10.085,37.241],[10.099,37.224],[10.18,37.124],[10.192,37.109],[10.189,37.034],[10.334,36.865],[10.293,36.781],[10.412,36.732],[10.418,36.735],[10.442,36.686]]]}},{"type":"Feature","properties":{"id":"ranges-ne-1159104191-physical-areas-675","category":"ranges"},"geometry":{"type":"Polygon","coordinates":[[[-65.159,48.062],[-65.313,48.017],[-65.317,48.015],[-65.36,48.011],[-65.476,48.031],[-65.755,48.112],[-65.927,48.189],[-66.013,48.147],[-66.065,48.114],[-66.128,48.107],[-66.249,48.117],[-66.324,48.098],[-66.449,48.12],[-66.704,48.022],[-66.632,48.011],[-66.429,48.067],[-66.36,48.061],[-66.21,47.989],[-66.076,47.96],[-66.073,47.958],[-65.823,47.897],[-65.762,47.863],[-65.646,47.632],[-65.97,47.097],[-66.367,46.727],[-66.816,46.356],[-67.52,46.137],[-67.954,46.039],[-68.642,45.959],[-69.277,45.324],[-69.447,44.939],[-69.965,44.451],[-70.403,43.906],[-70.759,43.578],[-71.155,43.181],[-71.419,42.723],[-71.605,42.202],[-72.505,41.631],[-73.113,41.356],[-73.864,41.087],[-73.874,41.079],[-73.882,41.171],[-73.925,41.218],[-73.97,41.25],[-73.918,41.136],[-73.912,41.05],[-74.292,40.759],[-75.045,40.472],[-75.329,40.201],[-76.189,40.085],[-76.765,39.704],[-77.323,39.226],[-77.885,38.477],[-78.573,37.683],[-79.238,36.939],[-80.328,35.981],[-82.642,34.598],[-83.891,33.88],[-84.902,33.508],[-85.886,33.003],[-86.56,32.915],[-86.561,32.946],[-86.561,32.946],[-86.748,32.783],[-86.881,32.651],[-87.304,32.616],[-87.71,32.62],[-87.923,32.635],[-88.016,32.606],[-88.175,32.87],[-88.191,33.027],[-88.296,33.254],[-88.427,33.432],[-88.483,33.714],[-88.541,33.97],[-88.407,34.11],[-88.422,34.298],[-88.364,34.468],[-88.267,34.671],[-88.239,35.05],[-88.258,35.259],[-88.098,35.42],[-88.022,35.606],[-87.989,35.782],[-87.995,36.069],[-87.99,36.303],[-88.064,36.488],[-88.099,36.696],[-88.24,36.954],[-88.522,37.06],[-88.489,37.126],[-88.452,37.2],[-88.508,37.344],[-88.383,37.419],[-88.141,37.467],[-88.157,37.622],[-88.133,37.701],[-87.946,37.79],[-87.778,37.881],[-87.628,37.832],[-87.549,37.914],[-87.448,37.943],[-87.256,37.879],[-87.087,37.807],[-87.02,37.92],[-86.819,37.996],[-86.708,37.9],[-86.596,37.906],[-86.524,38.02],[-86.4,38.107],[-86.341,38.156],[-86.26,38.06],[-86.22,38.043],[-86.04,37.97],[-85.925,38.039],[-85.892,38.203],[-85.759,38.271],[-85.633,38.388],[-85.59,38.462],[-85.429,38.54],[-85.453,38.705],[-85.321,38.744],[-85.185,38.689],[-85.035,38.758],[-84.82,38.829],[-84.833,38.958],[-84.843,39.089],[-84.675,39.102],[-84.364,39.048],[-84.232,38.886],[-84.084,38.779],[-83.86,38.758],[-83.651,38.637],[-83.492,38.7],[-83.347,38.642],[-83.152,38.62],[-83.031,38.717],[-82.898,38.753],[-82.828,38.584],[-82.691,38.536],[-82.569,38.404],[-82.425,38.434],[-82.299,38.52],[-82.215,38.593],[-82.161,38.833],[-82.013,39.018],[-81.904,38.937],[-81.849,38.915],[-81.813,39.081],[-81.663,39.277],[-81.542,39.346],[-81.421,39.407],[-81.247,39.393],[-81.126,39.455],[-80.881,39.621],[-80.832,39.822],[-80.758,39.972],[-80.695,40.159],[-80.6,40.319],[-80.649,40.62],[-80.454,40.637],[-80.286,40.7],[-80.202,40.547],[-80.081,40.497],[-79.985,40.458],[-79.814,40.546],[-79.692,40.67],[-79.532,40.793],[-79.498,40.922],[-79.589,40.982],[-79.683,41.154],[-79.796,41.258],[-79.824,41.326],[-79.765,41.414],[-79.962,41.611],[-80.112,41.805],[-80.138,41.991],[-80.15,42.143],[-80.191,42.354],[-80.092,42.399],[-79.775,42.521],[-79.47,42.635],[-79.088,42.778],[-78.918,42.902],[-79.023,43.018],[-79.082,43.087],[-79.066,43.277],[-79.182,43.468],[-78.664,43.637],[-76.806,43.632],[-76.517,43.478],[-76.351,43.262],[-76.301,43.232],[-76.192,43.245],[-76.111,43.254],[-75.732,43.222],[-75.442,43.245],[-75.291,43.135],[-75.003,43.037],[-74.855,43.062],[-74.65,42.994],[-74.605,42.93],[-74.506,42.916],[-74.371,42.956],[-74.225,42.969],[-74.142,42.933],[-74.034,42.884],[-73.888,42.841],[-73.705,42.795],[-73.674,42.93],[-73.584,43.087],[-73.528,43.269],[-73.431,43.411],[-73.398,43.574],[-73.425,43.637],[-73.352,43.779],[-73.395,43.86],[-73.425,44.038],[-73.372,44.204],[-73.294,44.405],[-73.33,44.521],[-73.367,44.574],[-73.339,44.741],[-73.297,44.885],[-73.328,45.08],[-73.457,45.121],[-73.61,45.138],[-73.61,45.138],[-73.259,45.302],[-73.246,45.308],[-73.107,45.52],[-72.461,45.662],[-72.106,45.938],[-71.608,46.268],[-71.092,46.537],[-70.784,46.828],[-70.535,47.012],[-70.493,47.05],[-70.388,47.117],[-70.218,47.29],[-70.07,47.378],[-70.027,47.454],[-69.935,47.529],[-69.802,47.623],[-69.622,47.787],[-69.314,48.043],[-69.306,48.047],[-69.151,48.158],[-68.834,48.356],[-68.816,48.366],[-68.746,48.376],[-68.552,48.457],[-68.476,48.511],[-68.377,48.552],[-67.929,48.716],[-67.369,48.903],[-67.117,48.964],[-66.767,49.074],[-66.527,49.135],[-66.457,49.148],[-66.32,49.176],[-66.116,49.216],[-65.883,49.226],[-65.844,49.23],[-65.831,49.23],[-65.349,49.251],[-65.237,49.242],[-64.836,49.192],[-64.639,49.128],[-64.563,49.102],[-64.507,49.068],[-64.338,48.957],[-64.225,48.883],[-64.216,48.874],[-64.209,48.806],[-64.371,48.839],[-64.514,48.841],[-64.415,48.804],[-64.246,48.691],[-64.254,48.55],[-64.349,48.423],[-64.633,48.36],[-64.641,48.355],[-64.663,48.351],[-64.963,48.176],[-64.975,48.169],[-65.159,48.062]]]}},{"type":"Feature","properties":{"id":"ranges-ne-1159104193-physical-areas-676","category":"ranges"},"geometry":{"type":"MultiPolygon","coordinates":[[[[-146.665,67.195],[-146.747,67.179],[-147.329,67.126],[-147.885,67.179],[-148.705,67.285],[-149.287,67.258],[-149.869,67.205],[-150.425,67.152],[-151.082,67.071],[-151.562,67.126],[-152.039,67.02],[-152.409,66.941],[-152.859,66.861],[-153.494,66.941],[-154.513,66.959],[-154.946,66.839],[-155.341,66.775],[-156.255,66.865],[-157.071,66.912],[-157.55,66.983],[-157.952,67.062],[-158.611,67.204],[-158.943,67.165],[-159.993,67.023],[-160.627,66.93],[-161.23,66.894],[-161.754,66.805],[-161.864,66.734],[-161.879,66.804],[-161.731,66.923],[-161.622,66.979],[-161.72,67.021],[-161.965,67.05],[-162.392,67.02],[-162.412,67.06],[-162.409,67.104],[-162.583,67.019],[-162.761,67.036],[-163.002,67.027],[-163.532,67.103],[-163.721,67.196],[-163.8,67.271],[-163.943,67.478],[-164.125,67.607],[-165.386,68.046],[-165.96,68.156],[-166.236,68.278],[-166.409,68.308],[-166.574,68.32],[-166.786,68.36],[-166.644,68.408],[-166.546,68.424],[-166.648,68.374],[-166.57,68.361],[-166.447,68.39],[-166.381,68.425],[-166.283,68.573],[-166.182,68.797],[-166.209,68.885],[-165.509,68.868],[-165.044,68.882],[-164.89,68.902],[-164.302,68.936],[-164.15,68.961],[-163.868,69.037],[-163.536,69.17],[-163.251,69.345],[-163.205,69.393],[-163.187,69.38],[-163.161,69.388],[-163.131,69.454],[-163.094,69.611],[-162.952,69.758],[-162.35,70.094],[-162.071,70.227],[-161.978,70.288],[-161.881,70.332],[-161.813,70.29],[-161.78,70.277],[-161.761,70.258],[-161.818,70.248],[-161.912,70.205],[-162.042,70.177],[-162.074,70.162],[-161.997,70.165],[-161.768,70.197],[-161.639,70.235],[-160.996,70.305],[-160.648,70.421],[-160.634,70.446],[-160.117,70.591],[-160.046,70.586],[-159.963,70.568],[-160.106,70.473],[-160.006,70.448],[-160.095,70.333],[-159.908,70.331],[-159.866,70.279],[-159.855,70.324],[-159.858,70.389],[-159.843,70.453],[-159.815,70.497],[-159.683,70.477],[-159.387,70.525],[-159.746,70.53],[-159.962,70.634],[-160.082,70.635],[-159.681,70.787],[-159.315,70.879],[-159.232,70.877],[-159.192,70.86],[-159.183,70.832],[-159.262,70.814],[-159.34,70.781],[-159.304,70.753],[-159.251,70.748],[-159.075,70.772],[-158.996,70.802],[-158.621,70.799],[-158.511,70.82],[-158.484,70.841],[-157.998,70.845],[-157.909,70.86],[-157.606,70.941],[-157.325,71.04],[-157.195,71.093],[-156.973,71.23],[-156.783,71.319],[-156.47,71.408],[-156.395,71.397],[-156.497,71.379],[-156.567,71.342],[-156.47,71.292],[-155.811,71.188],[-155.646,71.183],[-155.579,71.121],[-155.635,71.062],[-155.804,70.995],[-156.147,70.928],[-156.042,70.902],[-155.974,70.842],[-155.872,70.835],[-155.708,70.857],[-155.579,70.894],[-155.313,71.015],[-155.23,71.082],[-155.167,71.099],[-154.944,71.083],[-154.818,71.048],[-154.674,70.987],[-154.726,70.928],[-154.785,70.894],[-154.599,70.848],[-154.392,70.838],[-154.195,70.801],[-153.918,70.877],[-153.701,70.894],[-153.498,70.891],[-153.233,70.933],[-152.785,70.876],[-152.671,70.891],[-152.491,70.881],[-152.3,70.847],[-152.233,70.81],[-152.437,70.733],[-152.471,70.654],[-152.399,70.62],[-152.27,70.615],[-152.253,70.568],[-152.173,70.557],[-151.769,70.56],[-151.8,70.538],[-151.82,70.511],[-151.945,70.452],[-151.225,70.419],[-151.128,70.452],[-150.979,70.465],[-150.663,70.51],[-150.544,70.49],[-150.403,70.444],[-150.274,70.434],[-150.152,70.444],[-149.87,70.51],[-149.544,70.513],[-149.411,70.491],[-149.269,70.501],[-148.845,70.425],[-148.688,70.416],[-148.479,70.318],[-148.371,70.315],[-148.249,70.357],[-148.143,70.355],[-148.039,70.315],[-147.87,70.303],[-147.791,70.24],[-147.705,70.217],[-147.063,70.17],[-146.745,70.192],[-146.281,70.186],[-146.058,70.156],[-145.823,70.16],[-145.44,70.051],[-145.237,70.034],[-145.197,70.009],[-144.619,69.982],[-144.417,70.039],[-144.064,70.054],[-143.746,70.102],[-143.566,70.101],[-143.357,70.09],[-143.276,70.095],[-143.218,70.116],[-142.708,70.034],[-142.422,69.94],[-142.297,69.87],[-141.699,69.77],[-141.526,69.715],[-141.408,69.653],[-141.339,69.647],[-141.29,69.665],[-141.081,69.659],[-141.002,69.651],[-140.86,69.635],[-140.405,69.602],[-139.977,69.622],[-139.182,69.516],[-138.69,69.317],[-138.291,69.219],[-138.128,69.152],[-137.869,69.093],[-137.26,68.964],[-137.243,68.963],[-137.698,68.555],[-138.016,68.396],[-138.518,68.29],[-138.942,68.237],[-139.392,68.211],[-140.344,68.211],[-141.0,68.063],[-141.005,68.063],[-141.905,67.999],[-142.381,67.867],[-142.99,67.655],[-143.704,67.629],[-144.286,67.629],[-145.345,67.444],[-145.575,67.4],[-146.665,67.195]]],[[[-162.059,66.606],[-162.191,66.693],[-162.318,66.734],[-162.467,66.736],[-162.544,66.805],[-162.607,66.894],[-162.478,66.931],[-162.362,66.947],[-162.254,66.919],[-162.131,66.801],[-162.018,66.784],[-162.051,66.667],[-162.012,66.637],[-162.059,66.606]]],[[[-139.14,69.65],[-139.073,69.648],[-138.932,69.617],[-138.879,69.59],[-139.043,69.577],[-139.126,69.539],[-139.257,69.579],[-139.291,69.598],[-139.14,69.65]]]]}},{"type":"Feature","properties":{"id":"ranges-ne-1159104197-physical-areas-677","category":"ranges"},"geometry":{"type":"MultiPolygon","coordinates":[[[[-134.003,59.612],[-133.842,59.638],[-133.597,59.427],[-133.306,59.083],[-132.873,58.816],[-132.142,58.421],[-131.798,58.157],[-131.084,57.76],[-130.634,57.522],[-130.29,57.178],[-129.708,56.649],[-129.523,56.41],[-129.205,55.802],[-128.808,55.722],[-128.57,55.722],[-128.147,55.59],[-127.802,55.405],[-127.697,54.982],[-127.565,54.691],[-127.412,54.214],[-127.141,53.606],[-126.718,53.156],[-126.242,52.786],[-126.229,52.776],[-125.765,52.442],[-125.421,52.177],[-124.839,51.754],[-124.31,51.527],[-124.284,51.516],[-123.62,51.409],[-123.464,51.383],[-123.246,51.265],[-122.998,51.129],[-122.617,50.986],[-122.273,50.907],[-121.942,50.709],[-121.744,50.51],[-121.588,50.242],[-121.56,50.111],[-121.386,49.849],[-121.414,49.59],[-121.436,49.471],[-121.656,49.311],[-121.843,49.21],[-122.06,49.181],[-122.398,49.154],[-122.76,49.221],[-123.079,49.13],[-123.08,49.131],[-123.082,49.13],[-123.145,49.282],[-123.067,49.292],[-122.948,49.293],[-122.913,49.323],[-122.879,49.399],[-122.964,49.329],[-123.016,49.322],[-123.172,49.348],[-123.237,49.504],[-123.223,49.59],[-123.191,49.644],[-123.18,49.674],[-123.188,49.68],[-123.325,49.578],[-123.337,49.545],[-123.33,49.531],[-123.543,49.531],[-123.709,49.609],[-123.613,49.658],[-123.582,49.681],[-123.708,49.657],[-123.763,49.658],[-123.818,49.685],[-123.874,49.737],[-123.904,49.795],[-123.904,49.981],[-123.885,50.017],[-123.824,50.044],[-123.785,50.088],[-123.788,50.107],[-123.825,50.144],[-123.88,50.174],[-123.934,50.188],[-123.946,50.184],[-123.863,50.103],[-123.866,50.072],[-123.957,49.993],[-123.971,49.97],[-123.972,49.892],[-123.985,49.876],[-124.059,49.854],[-124.108,49.818],[-124.39,49.988],[-124.839,50.219],[-124.934,50.286],[-124.933,50.298],[-124.986,50.356],[-125.041,50.363],[-125.044,50.365],[-125.057,50.419],[-124.937,50.537],[-124.863,50.637],[-124.854,50.669],[-124.858,50.717],[-124.875,50.826],[-124.86,50.872],[-124.934,50.811],[-124.949,50.765],[-124.931,50.718],[-124.943,50.666],[-124.985,50.592],[-125.059,50.514],[-125.202,50.478],[-125.21,50.484],[-125.532,50.583],[-125.539,50.649],[-125.556,50.635],[-125.574,50.597],[-126.242,50.828],[-126.506,51.039],[-126.511,51.04],[-126.517,51.057],[-126.526,51.04],[-127.358,51.061],[-127.538,51.294],[-127.559,51.49],[-127.42,51.608],[-127.347,51.642],[-127.281,51.654],[-126.968,51.67],[-126.735,51.693],[-126.691,51.703],[-127.034,51.717],[-127.339,51.707],[-127.443,51.679],[-127.568,51.57],[-127.583,51.713],[-127.549,51.954],[-127.775,52.201],[-127.673,52.253],[-127.55,52.298],[-127.438,52.356],[-127.242,52.395],[-127.176,52.315],[-127.008,52.291],[-126.959,52.255],[-126.9,52.188],[-126.826,52.125],[-126.739,52.065],[-126.714,52.061],[-126.753,52.112],[-126.895,52.225],[-126.901,52.265],[-126.938,52.309],[-127.127,52.371],[-127.161,52.395],[-127.194,52.458],[-127.208,52.498],[-127.187,52.538],[-126.995,52.658],[-126.951,52.721],[-126.951,52.751],[-126.966,52.785],[-127.008,52.843],[-127.019,52.842],[-127.006,52.755],[-127.013,52.72],[-127.035,52.682],[-127.066,52.653],[-127.107,52.633],[-127.519,52.359],[-127.56,52.343],[-127.713,52.319],[-127.792,52.289],[-127.827,52.257],[-127.924,52.363],[-128.045,52.461],[-128.021,52.491],[-127.94,52.545],[-127.943,52.551],[-128.038,52.531],[-128.084,52.493],[-128.209,52.594],[-128.197,52.623],[-128.132,52.806],[-128.109,52.858],[-128.053,52.911],[-128.106,52.907],[-128.365,52.826],[-128.452,52.877],[-128.525,53.141],[-128.652,53.244],[-128.869,53.328],[-128.9,53.334],[-129.02,53.526],[-129.153,53.493],[-129.172,53.534],[-129.114,53.641],[-129.021,53.692],[-128.936,53.715],[-128.855,53.705],[-128.85,53.665],[-128.906,53.559],[-128.833,53.549],[-128.542,53.421],[-128.479,53.41],[-128.358,53.46],[-128.291,53.458],[-128.133,53.418],[-128.079,53.369],[-127.928,53.275],[-127.95,53.33],[-128.115,53.446],[-128.207,53.483],[-128.369,53.49],[-128.47,53.471],[-128.512,53.477],[-128.6,53.506],[-128.676,53.555],[-128.751,53.661],[-128.768,53.71],[-128.764,53.747],[-128.746,53.78],[-128.715,53.81],[-128.653,53.832],[-128.56,53.845],[-128.532,53.858],[-128.651,53.919],[-128.705,53.919],[-128.89,53.83],[-128.928,53.823],[-128.944,53.84],[-128.959,53.841],[-129.014,53.797],[-129.056,53.778],[-129.208,53.642],[-129.232,53.576],[-129.24,53.479],[-129.243,53.471],[-129.337,53.447],[-129.575,53.606],[-129.939,53.831],[-129.978,54.142],[-129.791,54.166],[-129.626,54.23],[-129.795,54.236],[-129.898,54.226],[-129.928,54.219],[-129.787,54.373],[-130.025,54.717],[-130.185,54.77],[-130.141,54.823],[-130.109,54.887],[-129.949,55.081],[-129.89,55.165],[-129.781,55.28],[-129.561,55.463],[-129.63,55.452],[-129.667,55.437],[-129.701,55.439],[-129.734,55.458],[-129.765,55.498],[-129.795,55.56],[-129.812,55.533],[-129.816,55.418],[-129.838,55.319],[-129.877,55.251],[-129.985,55.111],[-130.048,55.057],[-130.092,55.108],[-130.058,55.195],[-129.996,55.264],[-129.985,55.359],[-130.044,55.472],[-130.08,55.563],[-130.093,55.632],[-130.095,55.695],[-130.085,55.752],[-130.06,55.814],[-130.02,55.881],[-130.025,55.888],[-130.075,55.836],[-130.112,55.78],[-130.137,55.719],[-130.147,55.654],[-130.14,55.585],[-130.12,55.524],[-130.059,55.412],[-130.039,55.344],[-130.037,55.298],[-130.172,55.137],[-130.219,55.06],[-130.214,55.026],[-130.204,54.947],[-130.342,54.822],[-130.729,54.949],[-130.729,55.125],[-130.808,55.284],[-130.75,55.297],[-130.748,55.318],[-130.832,55.332],[-130.866,55.4],[-130.874,55.432],[-130.878,55.482],[-130.873,55.551],[-130.88,55.612],[-130.895,55.661],[-130.898,55.696],[-130.91,55.707],[-130.919,55.736],[-130.977,55.812],[-131.128,55.96],[-131.14,55.998],[-131.074,56.044],[-131.033,56.088],[-131.288,56.012],[-131.337,56.001],[-131.375,56.013],[-131.772,55.987],[-131.954,55.994],[-131.912,56.064],[-131.844,56.16],[-131.738,56.161],[-131.551,56.207],[-131.813,56.227],[-131.798,56.252],[-132.01,56.41],[-132.334,56.574],[-132.337,56.603],[-132.358,56.626],[-132.427,56.633],[-132.479,56.685],[-132.487,56.766],[-132.579,56.784],[-132.671,56.876],[-132.832,56.981],[-132.814,57.041],[-132.825,57.056],[-132.913,57.047],[-132.946,57.055],[-133.094,57.151],[-133.348,57.327],[-133.508,57.68],[-133.508,57.681],[-133.342,57.631],[-133.143,57.555],[-133.117,57.566],[-133.436,57.727],[-133.515,57.775],[-133.517,57.78],[-133.518,57.786],[-133.52,57.788],[-133.535,57.833],[-133.536,57.864],[-133.511,57.88],[-133.212,57.866],[-133.194,57.878],[-133.497,57.925],[-133.559,57.924],[-133.626,57.857],[-133.626,57.857],[-133.782,57.958],[-134.06,58.224],[-134.045,58.289],[-133.934,58.468],[-133.889,58.499],[-133.877,58.518],[-133.911,58.515],[-133.944,58.498],[-134.036,58.415],[-134.131,58.279],[-134.165,58.259],[-134.336,58.302],[-134.485,58.367],[-134.497,58.368],[-134.814,58.526],[-134.952,58.689],[-134.965,58.742],[-134.986,58.766],[-135.031,58.781],[-135.129,58.896],[-135.189,58.999],[-135.217,59.077],[-135.33,59.239],[-135.358,59.325],[-135.349,59.41],[-135.364,59.419],[-135.403,59.353],[-135.413,59.318],[-135.479,59.309],[-135.555,59.347],[-136.206,59.639],[-136.666,60.141],[-136.825,60.406],[-136.6,60.604],[-136.402,60.802],[-136.031,60.802],[-135.767,60.908],[-135.168,60.854],[-134.8,60.639],[-134.496,60.558],[-134.493,60.557],[-134.487,60.553],[-134.293,60.403],[-134.255,60.173],[-134.211,59.931],[-134.003,59.612]]],[[[-123.94,49.716],[-123.973,49.736],[-123.96,49.736],[-123.923,49.718],[-123.908,49.701],[-123.94,49.716]]],[[[-128.396,52.746],[-128.365,52.782],[-128.247,52.784],[-128.248,52.741],[-128.273,52.646],[-128.396,52.746]]],[[[-128.675,52.973],[-128.826,53.215],[-128.74,53.179],[-128.633,53.112],[-128.552,52.94],[-128.542,52.864],[-128.675,52.973]]]]}},{"type":"Feature","properties":{"id":"ranges-ne-1159104199-physical-areas-678","category":"ranges"},"geometry":{"type":"Polygon","coordinates":[[[-119.11,50.652],[-119.208,50.488],[-119.362,50.367],[-119.378,50.347],[-119.46,50.247],[-119.439,50.083],[-119.526,49.951],[-119.68,49.841],[-119.689,49.736],[-119.698,49.633],[-119.707,49.531],[-119.68,49.187],[-119.68,48.998],[-119.685,48.473],[-119.715,48.337],[-119.77,48.096],[-119.779,48.08],[-119.861,47.939],[-119.971,47.838],[-119.984,47.834],[-120.156,47.785],[-120.217,47.597],[-120.217,47.597],[-120.368,47.335],[-120.606,47.044],[-120.712,46.621],[-120.871,46.197],[-121.082,45.589],[-121.316,44.981],[-121.434,44.389],[-121.464,44.242],[-121.591,43.653],[-121.704,43.152],[-121.77,42.626],[-121.664,42.176],[-121.431,42.002],[-121.347,41.753],[-121.347,41.514],[-121.347,41.25],[-121.279,41.044],[-121.109,40.8],[-120.95,40.588],[-121.082,40.403],[-121.294,40.35],[-121.559,40.271],[-121.77,40.112],[-121.955,40.43],[-122.088,40.694],[-122.321,41.245],[-122.405,41.805],[-122.485,42.308],[-122.485,42.768],[-122.59,43.261],[-122.723,43.578],[-122.974,44.037],[-123.039,44.18],[-122.829,44.557],[-122.696,44.875],[-122.458,45.192],[-122.458,45.52],[-122.555,45.623],[-122.641,45.725],[-122.776,45.885],[-122.802,46.224],[-122.776,46.647],[-122.758,46.662],[-122.273,47.071],[-122.141,47.388],[-122.035,47.864],[-122.194,48.261],[-122.445,48.604],[-122.513,48.663],[-122.513,48.669],[-122.545,48.762],[-122.562,48.778],[-122.58,48.78],[-122.599,48.767],[-122.631,48.765],[-122.711,48.834],[-122.722,48.853],[-122.789,48.993],[-122.827,49.028],[-122.924,49.075],[-122.963,49.075],[-122.996,49.063],[-123.079,49.128],[-123.079,49.13],[-122.76,49.221],[-122.398,49.154],[-122.06,49.181],[-121.843,49.21],[-121.656,49.311],[-121.436,49.471],[-121.414,49.59],[-121.386,49.849],[-121.56,50.111],[-121.588,50.242],[-121.409,50.317],[-121.341,50.426],[-121.293,50.535],[-121.327,50.618],[-121.254,50.75],[-121.08,50.789],[-120.895,50.764],[-120.777,50.789],[-120.64,50.754],[-120.393,50.712],[-120.129,50.675],[-119.938,50.661],[-119.773,50.751],[-119.6,50.903],[-119.406,50.97],[-119.29,50.976],[-119.186,50.981],[-119.011,50.992],[-119.011,50.861],[-119.11,50.652]]]}},{"type":"Feature","properties":{"id":"ranges-ne-1159104201-physical-areas-679","category":"ranges"},"geometry":{"type":"Polygon","coordinates":[[[-147.303,64.216],[-146.861,64.327],[-146.303,64.27],[-145.826,64.164],[-145.503,64.136],[-145.063,64.074],[-144.762,63.875],[-144.541,63.726],[-144.182,63.731],[-143.907,63.652],[-143.789,63.524],[-143.633,63.419],[-143.311,63.413],[-142.96,63.399],[-142.784,63.356],[-142.578,63.239],[-142.698,63.069],[-143.149,63.025],[-143.654,62.71],[-143.916,62.734],[-144.366,62.707],[-144.474,62.661],[-144.551,62.628],[-144.85,62.491],[-145.19,62.359],[-145.38,62.269],[-145.768,62.311],[-146.191,62.416],[-146.684,62.558],[-146.932,62.655],[-147.329,62.681],[-147.699,62.787],[-148.096,62.84],[-148.546,62.813],[-148.943,62.84],[-149.313,62.84],[-149.604,62.866],[-149.895,62.734],[-150.087,62.587],[-150.164,62.393],[-150.116,62.063],[-150.156,61.863],[-150.359,61.646],[-150.461,61.58],[-150.582,61.357],[-150.957,61.197],[-150.968,61.188],[-151.065,61.146],[-151.15,61.086],[-151.282,61.042],[-151.46,61.014],[-151.594,60.98],[-151.734,60.911],[-151.764,60.878],[-151.856,61.041],[-151.856,61.226],[-152.25,61.305],[-152.594,61.252],[-152.965,61.226],[-153.176,61.173],[-153.52,61.199],[-153.785,61.199],[-154.021,60.987],[-154.314,61.067],[-154.584,61.205],[-154.584,61.205],[-154.473,61.623],[-154.605,62.099],[-154.446,62.416],[-153.727,62.644],[-153.229,62.787],[-152.356,63.167],[-151.64,63.366],[-150.741,63.869],[-150.334,64.058],[-149.155,64.348],[-148.308,64.348],[-147.303,64.216]]]}},{"type":"Feature","properties":{"id":"deserts-ne-1159104243-physical-areas-698","category":"deserts"},"geometry":{"type":"Polygon","coordinates":[[[73.028,44.703],[73.229,44.616],[73.587,44.387],[73.748,44.243],[73.863,44.09],[73.897,44.01],[73.929,43.824],[73.912,43.63],[73.884,43.539],[73.843,43.459],[73.788,43.392],[73.621,43.265],[73.452,43.196],[72.219,43.04],[71.581,43.089],[70.105,43.47],[69.312,43.675],[69.188,43.763],[69.119,43.843],[68.994,43.929],[68.926,43.976],[68.295,44.24],[68.164,44.332],[68.055,44.445],[67.732,44.913],[67.47,45.158],[67.445,45.192],[67.425,45.229],[67.398,45.321],[67.39,45.381],[67.399,45.618],[67.478,45.802],[67.613,45.943],[67.79,46.049],[69.718,46.586],[69.987,46.584],[72.025,46.095],[72.103,46.049],[72.237,45.915],[72.597,45.36],[72.663,45.135],[72.705,45.05],[73.028,44.703]]]}},{"type":"Feature","properties":{"id":"deserts-ne-1159104245-physical-areas-699","category":"deserts"},"geometry":{"type":"Polygon","coordinates":[[[76.532,29.607],[76.486,29.554],[76.356,29.457],[76.208,29.386],[76.14,29.365],[76.082,29.356],[76.037,29.359],[75.999,29.37],[75.967,29.387],[75.774,29.551],[75.729,29.573],[75.666,29.588],[75.638,29.595],[74.393,29.533],[73.959,29.358],[72.571,29.269],[72.486,29.29],[72.468,29.298],[72.387,29.367],[72.37,29.375],[72.29,29.397],[72.202,29.403],[72.113,29.394],[72.11,29.393],[72.033,29.373],[71.787,29.238],[71.766,29.227],[71.709,29.21],[71.701,29.21],[71.65,29.208],[71.589,29.223],[71.551,29.244],[71.516,29.274],[71.457,29.353],[71.376,29.525],[71.339,29.654],[71.332,29.775],[71.353,29.894],[71.402,30.018],[71.442,30.058],[71.501,30.164],[71.534,30.281],[71.535,31.038],[71.598,31.261],[71.708,31.483],[72.068,31.922],[72.237,32.364],[72.282,32.442],[72.341,32.504],[72.424,32.552],[73.05,32.715],[73.407,32.96],[73.409,32.962],[73.601,33.027],[73.818,33.042],[73.921,33.02],[74.833,32.825],[74.964,32.798],[75.743,32.298],[75.865,32.178],[75.961,32.049],[75.988,31.963],[76.532,30.246],[76.576,29.793],[76.559,29.66],[76.532,29.607]]]}},{"type":"Feature","properties":{"id":"deserts-ne-1159104247-physical-areas-700","category":"deserts"},"geometry":{"type":"Polygon","coordinates":[[[52.123,22.622],[52.479,22.607],[52.79,22.621],[53.343,22.794],[53.939,23.144],[54.907,23.827],[55.132,23.88],[55.348,23.799],[55.538,23.641],[55.684,23.463],[55.979,23.052],[56.11,22.826],[56.187,22.604],[56.199,22.484],[56.189,21.558],[56.143,21.304],[56.03,21.05],[55.941,20.878],[55.752,20.36],[55.685,20.236],[55.597,20.116],[55.241,19.697],[55.054,19.512],[54.848,19.349],[54.63,19.222],[54.445,19.133],[54.281,19.042],[54.126,18.933],[53.817,18.638],[53.651,18.498],[53.476,18.37],[53.296,18.256],[53.1,18.178],[52.867,18.132],[51.967,18.078],[51.774,18.044],[51.208,17.895],[50.808,17.861],[50.679,17.831],[49.45,17.38],[48.226,17.031],[48.04,16.959],[47.516,16.701],[47.373,16.646],[47.223,16.614],[46.73,16.541],[46.544,16.543],[46.359,16.564],[45.751,16.67],[45.621,16.719],[45.425,16.815],[45.328,16.87],[45.242,16.933],[45.038,17.107],[44.934,17.209],[44.861,17.303],[44.811,17.428],[44.788,17.565],[44.773,18.362],[44.79,18.531],[44.813,18.64],[44.848,18.761],[44.893,18.889],[44.949,19.018],[45.047,19.196],[45.152,19.335],[45.417,19.6],[45.53,19.696],[45.908,19.939],[46.252,20.199],[47.182,21.075],[47.941,21.652],[48.165,21.875],[48.449,22.254],[48.531,22.388],[48.677,22.665],[48.757,22.799],[48.957,23.003],[49.431,23.339],[49.587,23.565],[49.61,23.735],[49.608,23.933],[49.634,24.117],[49.74,24.245],[49.969,24.256],[50.231,24.136],[50.673,23.83],[50.917,23.598],[51.275,23.034],[51.494,22.807],[51.776,22.682],[52.123,22.622]]]}},{"type":"Feature","properties":{"id":"deserts-ne-1159104251-physical-areas-701","category":"deserts"},"geometry":{"type":"MultiPolygon","coordinates":[[[[-41.648,-2.914],[-41.509,-2.91],[-41.48,-2.917],[-41.318,-2.936],[-41.233,-2.902],[-40.1,-2.868],[-40.024,-2.866],[-39.147,-3.363],[-38.877,-3.515],[-38.686,-3.654],[-38.571,-3.689],[-38.515,-3.721],[-38.394,-3.832],[-38.362,-3.876],[-38.272,-3.948],[-38.049,-4.216],[-37.796,-4.404],[-37.626,-4.592],[-37.529,-4.628],[-37.515,-4.642],[-37.291,-4.847],[-37.174,-4.955],[-37.137,-4.96],[-36.853,-4.992],[-36.822,-4.996],[-36.747,-5.051],[-36.591,-5.098],[-36.387,-5.084],[-36.162,-5.094],[-36.093,-5.079],[-35.939,-5.096],[-35.481,-5.167],[-35.269,-5.668],[-35.127,-6.004],[-35.095,-6.185],[-35.046,-6.281],[-34.953,-6.674],[-34.935,-6.787],[-35.025,-6.819],[-35.419,-6.96],[-35.781,-7.09],[-35.887,-8.042],[-36.552,-9.373],[-36.733,-9.735],[-38.188,-9.299],[-38.694,-8.873],[-39.361,-8.624],[-40.54,-9.453],[-41.105,-8.718],[-41.972,-9.294],[-42.713,-9.647],[-43.083,-11.376],[-43.824,-10.741],[-44.573,-10.663],[-44.629,-10.675],[-45.112,-10.776],[-45.041,-9.788],[-44.649,-9.412],[-44.561,-9.327],[-43.718,-8.518],[-42.554,-7.46],[-42.458,-7.042],[-42.131,-5.608],[-42.395,-4.814],[-42.88,-4.461],[-44.406,-4.179],[-44.72,-3.203],[-44.623,-3.138],[-44.438,-2.944],[-44.417,-2.871],[-44.103,-2.542],[-44.101,-2.56],[-44.113,-2.599],[-44.192,-2.7],[-44.225,-2.755],[-44.193,-2.81],[-44.013,-2.642],[-43.933,-2.583],[-43.864,-2.595],[-43.729,-2.518],[-43.455,-2.502],[-43.443,-2.452],[-43.228,-2.423],[-43.171,-2.415],[-43.107,-2.436],[-42.844,-2.522],[-42.832,-2.53],[-42.676,-2.59],[-42.594,-2.661],[-42.25,-2.792],[-42.0,-2.806],[-41.99,-2.802],[-41.967,-2.809],[-41.648,-2.914]]],[[[-44.724,-3.191],[-44.723,-3.19],[-44.723,-3.194],[-44.724,-3.191]]]]}},{"type":"Feature","properties":{"id":"deserts-ne-1159104253-physical-areas-702","category":"deserts"},"geometry":{"type":"Polygon","coordinates":[[[19.164,-21.112],[22.128,-21.853],[23.962,-21.783],[24.346,-22.435],[24.558,-23.018],[25.166,-23.547],[25.431,-24.288],[25.425,-24.484],[25.409,-24.998],[25.404,-25.174],[25.272,-26.073],[25.259,-27.198],[25.232,-28.296],[25.4,-30.532],[24.606,-29.861],[23.636,-29.076],[23.363,-29.209],[22.807,-29.667],[22.712,-29.585],[22.234,-29.174],[21.973,-28.846],[21.607,-28.389],[21.533,-28.407],[21.468,-28.423],[21.219,-28.486],[21.043,-28.706],[20.774,-28.732],[20.593,-28.75],[20.569,-28.732],[20.293,-28.53],[20.085,-28.371],[19.288,-27.762],[19.015,-27.56],[18.706,-27.41],[19.165,-26.651],[19.253,-26.387],[18.688,-25.893],[18.664,-25.657],[18.6,-25.028],[18.141,-24.605],[17.418,-24.182],[17.154,-23.635],[16.898,-23.136],[16.766,-22.876],[16.73,-22.365],[16.254,-21.959],[16.058,-21.483],[16.007,-21.359],[15.46,-20.795],[15.513,-19.772],[15.002,-19.013],[14.614,-18.52],[14.155,-17.885],[13.961,-17.655],[13.908,-17.144],[13.679,-16.756],[13.65,-16.694],[13.397,-16.156],[13.255,-15.609],[13.15,-15.186],[13.661,-15.221],[14.402,-15.821],[15.826,-16.232],[16.236,-16.35],[17.259,-18.149],[17.577,-19.207],[17.753,-20.301],[19.164,-21.112]]]}},{"type":"Feature","properties":{"id":"ranges-ne-1159104295-physical-areas-711","category":"ranges"},"geometry":{"type":"Polygon","coordinates":[[[146.854,-38.022],[146.66,-38.027],[146.164,-38.009],[146.064,-37.993],[145.975,-37.965],[145.812,-37.895],[145.723,-37.87],[144.906,-37.752],[144.345,-37.632],[144.126,-37.611],[144.036,-37.584],[143.96,-37.532],[143.891,-37.444],[143.839,-37.358],[143.809,-37.281],[143.811,-37.206],[143.852,-37.126],[144.013,-37.008],[144.229,-36.956],[145.471,-36.897],[145.852,-36.827],[146.217,-36.658],[146.937,-36.206],[147.792,-35.588],[147.995,-35.395],[148.177,-35.18],[148.338,-34.938],[148.672,-34.307],[149.086,-33.372],[149.166,-33.122],[149.208,-32.853],[149.212,-32.539],[149.18,-32.226],[149.112,-31.962],[149.061,-31.839],[149.04,-31.78],[149.024,-31.711],[148.998,-31.518],[148.995,-31.417],[149.009,-31.325],[149.074,-31.189],[149.18,-31.048],[149.75,-30.416],[150.037,-30.153],[150.223,-30.01],[150.424,-29.885],[150.628,-29.792],[151.022,-29.58],[151.303,-29.275],[151.482,-28.894],[151.573,-28.459],[151.595,-27.756],[151.646,-27.297],[151.615,-27.071],[151.531,-26.856],[151.393,-26.663],[151.333,-26.612],[151.264,-26.573],[151.123,-26.503],[150.897,-26.349],[150.817,-26.304],[150.688,-26.257],[150.554,-26.231],[150.192,-26.21],[150.154,-26.208],[149.825,-26.165],[148.662,-26.011],[148.41,-25.987],[148.258,-25.949],[148.123,-25.878],[147.528,-25.406],[147.218,-25.078],[147.11,-24.983],[146.364,-24.493],[146.243,-24.391],[146.135,-24.278],[145.625,-23.625],[145.487,-23.404],[144.49,-21.531],[144.08,-20.602],[144.014,-20.397],[143.962,-20.189],[143.93,-19.982],[143.916,-19.437],[143.893,-19.265],[143.862,-19.174],[143.773,-19.0],[143.738,-18.907],[143.716,-18.813],[143.699,-18.716],[143.689,-18.62],[143.667,-18.029],[143.614,-17.533],[143.264,-15.496],[143.065,-14.84],[143.031,-14.73],[142.983,-14.51],[142.894,-13.829],[142.843,-13.644],[142.715,-13.291],[142.681,-13.096],[142.69,-12.913],[142.746,-12.743],[142.86,-12.658],[143.04,-12.731],[143.174,-12.893],[143.284,-13.111],[143.363,-13.345],[143.476,-13.879],[143.531,-14.036],[143.606,-14.188],[143.803,-14.508],[143.805,-14.51],[143.918,-14.663],[144.043,-14.795],[144.181,-14.896],[144.639,-15.133],[144.779,-15.253],[144.879,-15.396],[145.614,-16.796],[145.695,-16.95],[145.829,-17.319],[145.882,-17.699],[145.883,-17.99],[145.89,-18.097],[145.892,-18.134],[145.914,-18.275],[146.067,-18.683],[146.311,-18.995],[146.635,-19.238],[147.141,-19.495],[147.358,-19.621],[147.726,-19.862],[147.97,-20.049],[148.204,-20.252],[148.429,-20.472],[148.622,-20.69],[148.799,-20.921],[148.881,-21.018],[148.973,-21.111],[149.057,-21.208],[149.117,-21.318],[149.575,-22.523],[149.68,-22.696],[149.809,-22.85],[149.98,-23.008],[150.534,-23.463],[150.793,-23.702],[152.555,-25.862],[152.636,-25.995],[152.702,-26.139],[152.747,-26.305],[152.783,-26.645],[152.849,-27.059],[152.874,-27.134],[152.92,-27.23],[152.939,-27.278],[152.98,-27.491],[153.023,-27.645],[153.206,-28.107],[153.249,-28.276],[153.275,-28.448],[153.3,-28.902],[153.29,-29.179],[153.273,-29.315],[153.242,-29.451],[153.199,-29.584],[153.091,-29.829],[152.98,-30.038],[152.962,-30.083],[152.928,-30.273],[152.743,-30.998],[152.675,-31.197],[152.475,-31.663],[152.103,-32.367],[152.011,-32.482],[151.284,-33.226],[151.126,-33.414],[151.007,-33.601],[150.919,-33.801],[150.778,-34.223],[150.646,-34.555],[150.32,-35.189],[149.996,-35.744],[149.869,-35.994],[149.772,-36.255],[149.717,-36.536],[149.707,-36.825],[149.674,-36.957],[149.586,-37.081],[149.463,-37.186],[149.319,-37.281],[149.171,-37.359],[149.033,-37.409],[148.603,-37.485],[148.461,-37.523],[147.548,-37.885],[147.232,-37.974],[147.046,-38.005],[146.854,-38.022]]]}},{"type":"Feature","properties":{"id":"ranges-ne-1159104297-physical-areas-712","category":"ranges"},"geometry":{"type":"Polygon","coordinates":[[[15.315,46.432],[15.267,46.402],[15.205,46.38],[14.992,46.32],[14.901,46.306],[14.808,46.306],[14.39,46.382],[14.053,46.415],[13.716,46.407],[13.4,46.342],[12.024,45.953],[11.809,45.917],[11.603,45.864],[11.433,45.76],[11.29,45.6],[11.213,45.562],[11.086,45.561],[9.322,45.915],[8.768,45.93],[8.315,45.807],[7.948,45.615],[7.654,45.419],[7.468,45.195],[7.412,44.905],[7.447,44.594],[7.537,44.309],[7.529,44.236],[7.51,44.079],[7.297,43.906],[7.014,43.788],[6.778,43.725],[6.401,43.666],[6.261,43.668],[6.055,43.67],[5.724,43.764],[5.388,43.975],[5.173,44.308],[5.157,44.698],[5.257,45.061],[5.388,45.316],[5.503,45.477],[5.627,45.631],[5.79,45.794],[6.516,46.418],[6.87,46.68],[7.435,47.009],[8.011,47.268],[8.577,47.456],[9.078,47.584],[11.118,47.968],[11.668,48.014],[15.115,48.09],[15.531,48.138],[15.826,48.155],[16.029,48.089],[16.146,48.004],[16.183,47.961],[16.162,47.849],[16.102,47.701],[16.012,47.56],[15.901,47.467],[15.773,47.409],[15.522,47.278],[15.405,47.2],[15.326,47.128],[15.297,47.059],[15.301,46.981],[15.352,46.771],[15.373,46.647],[15.368,46.527],[15.315,46.432]]]}},{"type":"Feature","properties":{"id":"ranges-ne-1159104299-physical-areas-713","category":"ranges"},"geometry":{"type":"MultiPolygon","coordinates":[[[[74.734,42.683],[74.599,42.691],[74.392,42.705],[74.707,42.689],[74.734,42.683]]],[[[74.392,42.705],[73.852,42.733],[74.599,42.691],[74.747,42.68],[74.734,42.683],[75.091,42.663],[75.416,42.718],[76.323,43.213],[83.413,43.555],[83.58,43.599],[83.654,43.619],[84.392,43.963],[85.676,44.061],[86.703,44.139],[87.991,43.905],[90.297,43.878],[92.108,44.175],[94.929,43.895],[95.011,43.874],[95.081,43.837],[95.137,43.779],[95.18,43.695],[95.209,43.578],[95.221,43.295],[95.168,43.063],[95.058,42.878],[94.899,42.737],[94.7,42.636],[94.47,42.573],[93.952,42.546],[93.815,42.563],[93.7,42.596],[93.509,42.7],[93.14,42.99],[92.936,43.093],[92.726,43.141],[90.957,43.159],[90.721,43.095],[90.567,42.984],[90.529,42.815],[90.029,42.686],[89.781,42.661],[89.65,42.672],[88.859,42.952],[88.726,42.957],[88.602,42.923],[88.494,42.839],[88.469,42.803],[88.453,42.766],[88.424,42.615],[88.412,42.579],[88.391,42.546],[88.358,42.51],[87.28,41.849],[86.877,41.73],[86.599,41.713],[84.488,41.997],[82.166,41.663],[77.175,39.886],[74.853,39.66],[73.057,39.754],[73.011,39.769],[72.986,39.8],[72.977,39.853],[72.99,40.02],[73.211,40.674],[73.354,41.795],[73.34,41.916],[73.124,42.423],[73.124,42.507],[73.198,42.649],[73.331,42.732],[73.508,42.767],[74.392,42.705]]]]}},{"type":"Feature","properties":{"id":"ranges-ne-1159104301-physical-areas-714","category":"ranges"},"geometry":{"type":"Polygon","coordinates":[[[57.755,51.7],[57.379,51.567],[57.018,51.607],[56.694,51.773],[56.434,52.04],[56.269,52.382],[56.22,53.103],[56.407,53.788],[56.697,54.371],[56.957,54.784],[57.13,55.241],[57.604,57.598],[57.646,58.166],[57.66,59.364],[57.743,59.97],[57.934,60.609],[58.177,61.219],[58.258,61.394],[58.418,61.738],[58.483,61.956],[58.571,62.255],[58.617,62.833],[58.607,63.05],[58.573,63.789],[58.573,63.79],[58.573,63.79],[58.624,64.108],[58.782,64.431],[59.191,65.082],[59.425,65.356],[59.746,65.532],[60.117,65.624],[60.877,65.67],[61.601,65.826],[62.249,65.925],[62.501,65.994],[62.725,66.102],[63.23,66.462],[63.592,66.659],[63.938,66.82],[64.178,66.909],[64.334,66.99],[64.482,67.125],[64.755,67.414],[64.882,67.496],[65.018,67.53],[65.169,67.549],[65.344,67.583],[65.345,67.584],[65.482,67.71],[65.53,67.863],[65.548,67.922],[65.593,68.126],[65.655,68.212],[65.668,68.229],[65.695,68.237],[65.867,68.289],[65.979,68.322],[65.983,68.323],[66.215,68.358],[66.263,68.355],[66.306,68.353],[66.511,68.342],[66.765,68.218],[66.89,67.982],[66.91,67.68],[66.848,67.358],[66.632,67.106],[66.242,66.956],[65.331,66.796],[64.916,66.697],[64.514,66.563],[64.183,66.415],[63.982,66.276],[63.803,66.127],[63.529,65.957],[63.207,65.802],[62.886,65.7],[62.609,65.632],[62.385,65.544],[62.212,65.422],[61.956,65.075],[61.744,64.938],[61.401,64.828],[60.877,64.731],[60.41,64.552],[60.197,64.269],[60.004,63.529],[59.939,63.11],[59.865,62.16],[59.853,61.252],[59.792,60.755],[59.519,59.815],[59.535,59.464],[59.88,58.014],[60.321,56.621],[60.413,56.161],[60.32,55.777],[60.06,55.295],[59.66,54.8],[59.391,54.567],[59.331,54.515],[58.727,53.994],[58.525,53.579],[58.463,53.16],[58.46,52.761],[58.36,52.367],[58.104,51.99],[57.755,51.7]]]}},{"type":"Feature","properties":{"id":"ranges-ne-1159104305-physical-areas-715","category":"ranges"},"geometry":{"type":"Polygon","coordinates":[[[37.984,44.988],[38.131,44.993],[38.447,45.024],[39.326,45.057],[39.507,45.064],[39.752,45.046],[40.003,45.029],[40.173,45.028],[40.373,45.028],[40.491,45.011],[40.607,44.973],[40.656,44.949],[40.931,44.815],[41.007,44.789],[41.164,44.744],[41.237,44.708],[41.297,44.662],[41.413,44.561],[41.476,44.518],[41.563,44.474],[42.322,44.17],[42.559,44.093],[42.606,44.084],[42.812,44.042],[43.422,43.991],[43.47,43.987],[43.898,43.902],[44.129,43.856],[44.248,43.819],[44.363,43.769],[44.397,43.751],[44.711,43.583],[44.782,43.532],[44.908,43.42],[44.949,43.39],[44.979,43.369],[45.062,43.325],[45.304,43.276],[45.519,43.321],[45.731,43.397],[45.967,43.444],[46.1,43.425],[46.163,43.416],[46.551,43.28],[46.696,43.27],[46.743,43.267],[46.91,43.268],[47.044,43.215],[47.068,43.189],[47.144,43.107],[47.21,42.942],[47.219,42.873],[47.22,42.864],[47.223,42.803],[47.224,42.779],[47.234,42.698],[47.262,42.629],[47.333,42.568],[47.434,42.521],[47.631,42.454],[47.739,42.407],[48.21,42.153],[48.271,42.112],[48.291,42.096],[48.303,42.08],[48.384,41.953],[48.426,41.924],[48.477,41.905],[48.555,41.855],[48.666,41.679],[48.753,41.596],[48.848,41.519],[48.939,41.435],[49.014,41.347],[49.17,41.13],[49.175,41.116],[49.226,41.026],[49.291,40.962],[49.315,40.929],[49.418,40.742],[49.462,40.558],[49.463,40.554],[49.464,40.554],[49.39,40.415],[49.248,40.371],[49.083,40.376],[48.917,40.411],[48.775,40.453],[48.599,40.517],[47.485,41.036],[47.29,41.149],[46.91,41.401],[46.706,41.505],[46.495,41.561],[46.388,41.567],[46.063,41.56],[45.947,41.571],[45.839,41.595],[45.732,41.631],[45.621,41.676],[45.425,41.775],[45.228,41.889],[45.028,41.986],[44.824,42.036],[44.672,42.052],[44.527,42.081],[44.388,42.125],[44.123,42.239],[43.989,42.261],[42.971,42.264],[42.869,42.276],[42.771,42.3],[42.476,42.413],[42.376,42.433],[41.731,42.471],[41.605,42.501],[41.55,42.532],[41.522,42.561],[41.489,42.659],[41.419,42.738],[41.396,42.745],[41.395,42.747],[41.369,42.774],[41.34,42.797],[40.579,43.212],[40.44,43.273],[40.039,43.422],[40.007,43.437],[39.945,43.469],[39.907,43.482],[39.851,43.493],[39.842,43.496],[39.618,43.655],[39.407,43.843],[39.188,44.011],[38.989,44.147],[38.783,44.272],[38.248,44.54],[38.163,44.571],[37.985,44.607],[37.947,44.618],[37.851,44.699],[37.79,44.683],[37.491,44.821],[37.298,44.886],[37.294,44.888],[37.284,44.905],[37.207,44.97],[37.207,45.018],[37.207,45.025],[37.221,45.043],[37.243,45.071],[37.306,45.099],[37.391,45.098],[37.49,45.076],[37.674,45.023],[37.837,44.997],[37.984,44.988]]]}},{"type":"Feature","properties":{"id":"ranges-ne-1159104307-physical-areas-716","category":"ranges"},"geometry":{"type":"Polygon","coordinates":[[[84.908,29.179],[87.394,29.134],[87.717,29.257],[88.058,29.32],[92.473,29.103],[93.202,28.907],[93.366,28.888],[93.52,28.898],[93.619,28.927],[93.903,29.113],[94.394,29.243],[94.777,29.426],[94.906,29.488],[95.164,29.728],[95.214,29.757],[95.271,29.775],[95.331,29.782],[95.393,29.778],[95.455,29.761],[95.515,29.732],[95.569,29.691],[95.617,29.637],[95.643,29.595],[95.651,29.582],[95.656,29.564],[95.663,29.541],[95.656,29.51],[95.632,29.486],[94.959,29.194],[94.895,29.151],[94.847,29.104],[94.796,29.01],[94.791,28.922],[94.821,28.84],[94.878,28.765],[95.255,28.475],[95.283,28.434],[95.289,28.397],[95.275,28.322],[95.273,28.276],[95.287,28.218],[95.31,28.175],[95.327,28.144],[94.909,27.802],[94.347,27.343],[93.83,27.124],[91.682,26.86],[89.645,26.903],[89.59,26.904],[89.383,26.954],[89.198,27.028],[88.9,27.148],[88.801,27.16],[88.687,27.149],[88.653,27.137],[88.251,26.988],[87.781,26.904],[87.019,27.027],[85.337,27.297],[84.666,27.573],[83.859,27.701],[83.73,27.747],[83.501,27.875],[83.297,27.952],[82.487,28.015],[82.398,28.049],[82.0,28.379],[79.305,29.959],[77.314,31.126],[75.949,32.226],[75.72,32.411],[75.582,32.602],[75.554,32.681],[75.522,32.773],[75.531,32.92],[75.595,33.049],[76.092,33.527],[76.2,33.671],[76.273,33.743],[76.382,33.791],[77.0,33.866],[77.376,33.912],[77.49,33.872],[78.029,33.523],[78.224,33.397],[84.521,29.319],[84.908,29.179]]]}},{"type":"Feature","properties":{"id":"ranges-ne-1159104309-physical-areas-717","category":"ranges"},"geometry":{"type":"MultiPolygon","coordinates":[[[[-68.336,10.736],[-68.331,10.654],[-68.33,10.638],[-68.324,10.532],[-68.289,10.531],[-68.259,10.531],[-68.186,10.53],[-68.14,10.493],[-67.872,10.472],[-67.581,10.524],[-67.581,10.524],[-67.536,10.523],[-66.122,10.508],[-66.091,10.477],[-66.09,10.473],[-66.03,10.419],[-65.82,10.214],[-68.748,9.791],[-68.783,9.77],[-69.277,9.473],[-69.433,9.349],[-70.79,8.263],[-70.864,8.203],[-71.384,7.726],[-71.432,7.682],[-71.843,7.304],[-71.7,6.444],[-71.687,6.363],[-71.746,6.291],[-71.759,6.275],[-73.483,4.174],[-73.563,4.076],[-73.576,3.979],[-73.632,3.545],[-73.74,2.717],[-73.781,2.408],[-73.794,2.308],[-73.871,2.263],[-73.904,2.244],[-76.685,0.636],[-77.479,-1.322],[-77.32,-4.55],[-75.521,-6.296],[-75.318,-9.038],[-75.318,-9.042],[-75.309,-9.153],[-74.023,-10.44],[-73.912,-10.551],[-73.193,-11.27],[-72.291,-11.779],[-72.276,-11.787],[-71.59,-12.174],[-71.286,-12.345],[-71.129,-12.434],[-70.199,-12.879],[-68.746,-13.574],[-68.034,-13.914],[-66.653,-15.412],[-65.21,-16.978],[-64.691,-17.215],[-63.509,-17.755],[-63.456,-17.779],[-63.416,-18.036],[-63.138,-19.823],[-63.116,-19.962],[-63.086,-20.16],[-63.736,-22.807],[-63.827,-23.176],[-63.874,-23.359],[-64.303,-25.028],[-64.357,-25.222],[-64.567,-25.981],[-65.437,-27.125],[-65.508,-27.219],[-65.573,-27.304],[-65.565,-27.321],[-65.096,-28.362],[-66.631,-29.42],[-67.241,-30.912],[-67.491,-31.523],[-67.584,-31.749],[-67.964,-32.049],[-68.07,-32.133],[-68.589,-32.543],[-69.065,-34.024],[-69.383,-35.506],[-69.171,-35.982],[-68.695,-36.088],[-69.647,-38.522],[-70.812,-41.697],[-71.076,-42.967],[-70.706,-44.555],[-70.97,-45.772],[-72.346,-49.635],[-72.187,-50.799],[-71.976,-52.069],[-71.129,-52.545],[-70.808,-52.805],[-70.839,-52.89],[-70.821,-52.963],[-70.952,-53.227],[-70.984,-53.374],[-70.985,-53.448],[-70.948,-53.57],[-70.996,-53.779],[-71.083,-53.825],[-71.298,-53.883],[-71.444,-53.841],[-71.694,-53.803],[-71.872,-53.723],[-72.101,-53.666],[-72.174,-53.632],[-72.377,-53.471],[-72.398,-53.418],[-72.413,-53.35],[-72.306,-53.254],[-72.249,-53.247],[-72.081,-53.25],[-71.942,-53.234],[-71.853,-53.286],[-71.828,-53.398],[-71.867,-53.458],[-71.903,-53.496],[-71.892,-53.524],[-71.791,-53.485],[-71.741,-53.233],[-71.4,-53.107],[-71.289,-53.034],[-71.18,-52.921],[-71.163,-52.888],[-71.155,-52.846],[-71.227,-52.811],[-71.388,-52.764],[-71.898,-53.002],[-72.129,-53.064],[-72.278,-53.132],[-72.458,-53.254],[-72.493,-53.291],[-72.531,-53.372],[-72.549,-53.461],[-72.727,-53.42],[-72.998,-53.291],[-73.053,-53.243],[-72.998,-53.177],[-72.916,-53.122],[-72.91,-52.937],[-72.889,-52.872],[-72.832,-52.82],[-72.728,-52.762],[-72.676,-52.749],[-72.632,-52.774],[-72.627,-52.818],[-72.453,-52.814],[-72.118,-52.65],[-71.979,-52.646],[-71.797,-52.683],[-71.591,-52.661],[-71.554,-52.644],[-71.511,-52.605],[-71.665,-52.56],[-71.812,-52.537],[-72.226,-52.521],[-72.315,-52.539],[-72.438,-52.626],[-72.478,-52.604],[-72.504,-52.56],[-72.645,-52.529],[-72.712,-52.536],[-72.777,-52.577],[-72.766,-52.643],[-72.802,-52.712],[-72.932,-52.782],[-73.02,-52.892],[-73.016,-52.977],[-73.023,-53.022],[-73.055,-53.046],[-73.122,-53.074],[-73.338,-53.055],[-73.46,-52.965],[-73.508,-52.904],[-73.645,-52.837],[-73.346,-52.754],[-73.241,-52.707],[-73.145,-52.602],[-73.073,-52.535],[-73.124,-52.488],[-73.184,-52.488],[-73.178,-52.563],[-73.244,-52.624],[-73.382,-52.595],[-73.586,-52.686],[-73.685,-52.667],[-73.738,-52.212],[-73.703,-52.199],[-73.685,-52.137],[-73.684,-52.078],[-73.649,-52.078],[-73.532,-52.153],[-73.458,-52.146],[-73.327,-52.166],[-73.26,-52.158],[-73.137,-52.13],[-72.944,-52.047],[-72.843,-51.961],[-72.795,-51.95],[-72.735,-51.961],[-72.695,-51.985],[-72.695,-52.045],[-72.65,-52.1],[-72.588,-52.145],[-72.571,-52.2],[-72.583,-52.254],[-72.694,-52.33],[-72.714,-52.357],[-72.677,-52.385],[-72.631,-52.372],[-72.569,-52.334],[-72.533,-52.282],[-72.523,-52.255],[-72.519,-52.217],[-72.524,-52.17],[-72.614,-52.037],[-72.625,-52.007],[-72.625,-51.946],[-72.523,-51.891],[-72.494,-51.848],[-72.49,-51.764],[-72.543,-51.706],[-72.761,-51.573],[-73.127,-51.44],[-73.169,-51.454],[-73.197,-51.478],[-73.163,-51.496],[-73.115,-51.504],[-72.789,-51.614],[-72.705,-51.678],[-72.649,-51.695],[-72.583,-51.737],[-72.6,-51.799],[-72.928,-51.86],[-73.189,-51.991],[-73.383,-52.07],[-73.518,-52.041],[-73.582,-51.96],[-73.65,-51.856],[-73.753,-51.796],[-73.811,-51.801],[-73.854,-51.791],[-73.929,-51.609],[-73.896,-51.331],[-73.94,-51.266],[-74.096,-51.205],[-74.305,-50.7],[-74.312,-50.59],[-74.19,-50.778],[-74.156,-50.797],[-74.139,-50.818],[-73.847,-50.94],[-73.807,-50.938],[-73.825,-50.836],[-73.741,-50.697],[-73.659,-50.651],[-73.618,-50.651],[-73.614,-50.628],[-73.693,-50.57],[-73.654,-50.493],[-73.68,-50.49],[-73.75,-50.54],[-73.892,-50.783],[-73.978,-50.827],[-74.097,-50.717],[-74.164,-50.638],[-74.197,-50.61],[-74.186,-50.485],[-73.95,-50.511],[-74.031,-50.47],[-74.306,-50.398],[-74.325,-50.388],[-74.351,-49.991],[-74.334,-49.975],[-74.019,-50.023],[-73.959,-49.995],[-74.011,-49.929],[-74.073,-49.949],[-74.171,-49.907],[-74.324,-49.783],[-74.319,-49.72],[-74.291,-49.604],[-74.23,-49.579],[-74.102,-49.555],[-73.956,-49.593],[-73.892,-49.624],[-73.836,-49.609],[-73.892,-49.523],[-73.988,-49.491],[-74.094,-49.43],[-74.083,-49.362],[-74.049,-49.306],[-74.023,-49.244],[-74.006,-49.158],[-74.015,-49.091],[-73.985,-49.06],[-73.938,-49.046],[-73.935,-49.021],[-74.028,-49.026],[-74.061,-49.111],[-74.074,-49.188],[-74.14,-49.25],[-74.168,-49.321],[-74.185,-49.404],[-74.221,-49.501],[-74.302,-49.464],[-74.349,-49.426],[-74.367,-49.4],[-74.358,-49.351],[-74.38,-49.048],[-74.382,-48.794],[-74.341,-48.596],[-74.228,-48.517],[-74.176,-48.494],[-74.129,-48.504],[-74.057,-48.504],[-74.009,-48.475],[-74.172,-48.427],[-74.27,-48.455],[-74.343,-48.493],[-74.402,-48.48],[-74.397,-48.014],[-74.25,-48.045],[-73.854,-48.042],[-73.528,-48.198],[-73.384,-48.177],[-73.391,-48.146],[-73.501,-48.107],[-73.57,-48.019],[-73.61,-47.994],[-73.629,-47.942],[-73.635,-47.88],[-73.716,-47.655],[-73.748,-47.661],[-73.779,-47.738],[-73.847,-47.867],[-73.941,-47.929],[-74.085,-47.955],[-74.227,-47.969],[-74.351,-47.944],[-74.379,-47.891],[-74.376,-47.83],[-74.394,-47.82],[-74.392,-47.652],[-74.384,-47.616],[-74.323,-47.667],[-74.243,-47.679],[-74.152,-47.627],[-74.134,-47.591],[-74.191,-47.568],[-74.243,-47.56],[-74.324,-47.531],[-74.361,-47.508],[-74.352,-47.467],[-74.351,-47.461],[-74.309,-47.268],[-74.216,-47.21],[-74.158,-47.183],[-74.208,-47.083],[-74.152,-46.974],[-74.209,-46.885],[-74.223,-46.872],[-74.217,-46.847],[-73.708,-46.027],[-73.708,-46.07],[-73.811,-46.377],[-73.935,-46.501],[-73.949,-46.533],[-73.944,-46.572],[-73.845,-46.566],[-73.77,-46.5],[-73.716,-46.415],[-73.662,-46.297],[-73.668,-46.212],[-73.652,-46.159],[-73.629,-45.987],[-73.592,-45.899],[-73.593,-45.841],[-73.587,-45.831],[-73.48,-45.443],[-73.379,-45.383],[-73.266,-45.346],[-73.202,-45.354],[-72.978,-45.451],[-72.934,-45.452],[-72.941,-45.417],[-72.976,-45.393],[-73.064,-45.36],[-73.226,-45.255],[-73.425,-45.24],[-73.352,-44.977],[-73.256,-44.961],[-73.078,-44.92],[-72.739,-44.734],[-72.68,-44.594],[-72.664,-44.436],[-72.828,-44.395],[-73.001,-44.292],[-73.141,-44.237],[-73.149,-44.233],[-73.074,-43.96],[-73.07,-43.947],[-72.823,-43.044],[-72.758,-43.039],[-72.755,-42.993],[-72.766,-42.908],[-72.78,-42.89],[-72.678,-42.514],[-72.655,-42.517],[-72.632,-42.51],[-72.665,-42.47],[-72.659,-42.448],[-72.66,-42.208],[-72.631,-42.2],[-72.548,-42.256],[-72.43,-42.434],[-72.412,-42.388],[-72.46,-42.207],[-72.499,-41.981],[-72.624,-42.011],[-72.66,-42.005],[-72.661,-41.743],[-72.66,-41.742],[-72.486,-41.722],[-72.36,-41.649],[-72.318,-41.499],[-72.359,-41.514],[-72.428,-41.646],[-72.542,-41.691],[-72.601,-41.684],[-72.661,-41.662],[-72.662,-41.47],[-72.664,-40.745],[-71.944,-38.073],[-71.923,-37.993],[-71.746,-36.794],[-71.528,-35.32],[-71.447,-34.765],[-71.645,-33.568],[-71.645,-33.562],[-71.636,-33.519],[-71.646,-33.505],[-71.65,-33.086],[-71.65,-33.033],[-71.636,-33.023],[-71.592,-32.97],[-71.452,-32.66],[-71.461,-32.538],[-71.421,-32.387],[-71.513,-32.208],[-71.526,-31.806],[-71.577,-31.496],[-71.662,-31.17],[-71.654,-30.987],[-71.671,-30.911],[-71.676,-30.383],[-71.669,-30.33],[-71.4,-30.143],[-71.348,-29.933],[-71.316,-29.65],[-71.327,-29.443],[-71.353,-29.35],[-71.39,-29.308],[-71.385,-29.292],[-70.833,-27.303],[-70.46,-25.957],[-70.488,-25.405],[-70.489,-25.376],[-70.452,-25.252],[-70.445,-25.173],[-70.512,-24.942],[-70.515,-24.876],[-70.541,-24.38],[-70.544,-24.318],[-70.507,-24.13],[-70.52,-23.969],[-70.507,-23.886],[-70.488,-23.782],[-70.41,-23.656],[-70.392,-23.566],[-70.42,-23.529],[-70.512,-23.483],[-70.588,-23.368],[-70.593,-23.255],[-70.569,-23.173],[-70.566,-23.111],[-70.553,-23.066],[-70.549,-23.054],[-70.45,-23.034],[-70.389,-22.97],[-70.332,-22.849],[-70.26,-22.556],[-70.229,-22.193],[-70.185,-21.975],[-70.155,-21.867],[-70.13,-21.641],[-70.088,-21.493],[-70.08,-21.357],[-70.088,-21.253],[-70.181,-20.803],[-70.194,-20.569],[-70.194,-20.531],[-70.147,-20.23],[-70.148,-19.805],[-70.157,-19.706],[-70.198,-19.613],[-70.21,-19.487],[-70.267,-19.298],[-70.292,-18.847],[-70.297,-18.76],[-70.315,-18.439],[-70.358,-18.4],[-70.78,-18.01],[-71.396,-17.443],[-71.399,-17.422],[-71.436,-17.366],[-71.532,-17.294],[-71.575,-17.277],[-71.605,-17.25],[-71.965,-17.066],[-71.967,-17.064],[-71.975,-17.061],[-72.151,-16.971],[-72.269,-16.876],[-72.362,-16.775],[-72.468,-16.708],[-72.794,-16.615],[-72.958,-16.521],[-73.264,-16.389],[-73.4,-16.304],[-73.541,-16.26],[-73.986,-16.033],[-74.147,-15.912],[-74.151,-15.911],[-75.967,-14.571],[-76.006,-14.496],[-76.136,-14.32],[-76.175,-14.227],[-76.236,-14.177],[-76.282,-13.81],[-76.259,-13.803],[-76.184,-13.515],[-76.224,-13.371],[-76.427,-13.11],[-76.502,-12.984],[-76.555,-12.823],[-76.637,-12.728],[-76.758,-12.527],[-76.832,-12.349],[-76.994,-12.219],[-77.038,-12.173],[-77.063,-12.107],[-77.082,-12.097],[-77.156,-11.956],[-77.158,-11.923],[-77.22,-11.663],[-77.31,-11.532],[-77.428,-11.443],[-77.701,-10.926],[-77.736,-10.837],[-77.804,-10.727],[-78.364,-9.629],[-78.446,-9.371],[-78.58,-9.157],[-78.665,-8.971],[-78.755,-8.74],[-78.762,-8.617],[-78.925,-8.405],[-79.012,-8.21],[-79.164,-8.047],[-79.173,-8.04],[-80.019,-5.872],[-80.231,-4.602],[-79.966,-3.403],[-80.059,-3.248],[-80.027,-3.228],[-79.963,-3.158],[-79.922,-3.09],[-79.823,-2.777],[-79.73,-2.579],[-79.746,-2.485],[-79.822,-2.357],[-79.84,-2.168],[-79.833,-2.111],[-79.842,-2.067],[-79.893,-2.146],[-79.88,-2.424],[-79.926,-2.549],[-79.989,-2.579],[-80.03,-2.557],[-80.007,-2.354],[-80.053,-2.391],[-80.127,-2.528],[-80.249,-2.631],[-80.255,-2.665],[-80.285,-2.707],[-80.379,-2.668],[-80.428,-2.639],[-80.566,-2.415],[-80.601,-1.851],[-80.304,-0.622],[-80.282,-0.621],[-80.302,-0.613],[-80.231,-0.316],[-78.326,1.377],[-77.689,2.863],[-77.67,2.879],[-77.671,2.905],[-77.604,3.061],[-77.559,3.076],[-77.52,3.16],[-77.472,3.234],[-77.417,3.342],[-77.357,3.349],[-77.324,3.475],[-77.243,3.585],[-77.077,3.913],[-77.127,3.906],[-77.167,3.862],[-77.212,3.867],[-77.25,3.887],[-77.109,4.217],[-76.685,5.558],[-76.686,5.571],[-76.738,6.616],[-76.775,7.951],[-76.742,8.002],[-76.772,8.311],[-76.786,8.356],[-76.791,8.556],[-76.359,8.71],[-76.297,8.732],[-75.946,8.127],[-75.943,8.123],[-75.662,7.639],[-75.518,7.681],[-75.255,7.757],[-74.392,8.732],[-73.616,9.262],[-73.898,9.897],[-73.95,10.26],[-74.092,11.253],[-74.1,11.305],[-74.103,11.33],[-74.059,11.341],[-74.007,11.33],[-73.871,11.265],[-73.775,11.22],[-72.659,11.294],[-72.452,11.308],[-72.214,11.167],[-72.051,11.07],[-71.697,10.86],[-71.69,10.835],[-71.598,10.726],[-71.594,10.657],[-71.665,10.444],[-71.794,10.316],[-71.885,10.167],[-71.956,10.108],[-72.113,9.816],[-71.993,9.642],[-71.976,9.553],[-71.873,9.428],[-71.806,9.386],[-71.761,9.336],[-71.781,9.25],[-71.74,9.134],[-71.687,9.073],[-71.62,9.048],[-71.537,9.048],[-71.298,9.126],[-71.241,9.16],[-71.205,9.222],[-71.086,9.348],[-71.078,9.511],[-71.053,9.706],[-71.082,9.833],[-71.207,10.015],[-71.262,10.144],[-71.387,10.264],[-71.463,10.469],[-71.494,10.533],[-71.518,10.622],[-71.543,10.769],[-71.499,10.743],[-70.547,11.167],[-69.93,11.354],[-69.736,11.414],[-69.269,11.394],[-68.928,11.379],[-68.906,11.378],[-68.469,11.209],[-68.399,11.161],[-68.355,11.075],[-68.336,10.736]]],[[[-70.064,-53.41],[-70.09,-53.418],[-70.213,-53.414],[-70.329,-53.378],[-70.416,-53.305],[-70.46,-53.206],[-70.46,-53.143],[-70.447,-53.099],[-70.064,-53.41]]],[[[-69.436,-53.921],[-66.631,-54.397],[-66.296,-54.509],[-66.236,-54.533],[-66.165,-54.553],[-66.057,-54.588],[-65.579,-54.748],[-65.349,-54.824],[-65.305,-54.839],[-65.346,-54.878],[-65.471,-54.915],[-65.603,-54.928],[-65.723,-54.926],[-65.842,-54.91],[-65.954,-54.919],[-66.061,-54.957],[-66.172,-54.975],[-66.287,-54.978],[-66.399,-55.009],[-66.511,-55.032],[-66.628,-55.013],[-66.93,-54.925],[-67.127,-54.904],[-67.793,-54.869],[-68.007,-54.848],[-68.22,-54.818],[-68.332,-54.816],[-68.491,-54.836],[-68.619,-54.834],[-68.653,-54.854],[-68.804,-54.854],[-68.844,-54.877],[-69.082,-54.91],[-69.486,-54.859],[-69.588,-54.813],[-69.723,-54.712],[-69.772,-54.739],[-69.899,-54.782],[-70.03,-54.815],[-70.255,-54.76],[-70.259,-54.756],[-70.282,-54.752],[-70.286,-54.753],[-70.737,-54.642],[-71.465,-54.43],[-71.393,-54.4],[-71.355,-54.395],[-71.159,-54.451],[-71.08,-54.444],[-70.966,-54.42],[-70.946,-54.398],[-70.928,-54.36],[-70.898,-54.338],[-70.797,-54.327],[-70.699,-54.349],[-70.688,-54.415],[-70.701,-54.485],[-70.573,-54.504],[-70.418,-54.502],[-70.311,-54.529],[-70.298,-54.486],[-70.468,-54.373],[-70.54,-54.303],[-70.636,-54.262],[-70.76,-54.241],[-70.863,-54.11],[-70.857,-53.996],[-70.868,-53.884],[-70.644,-53.823],[-70.696,-53.727],[-70.619,-53.655],[-70.531,-53.627],[-70.443,-53.893],[-70.38,-53.987],[-70.461,-54.006],[-70.63,-54.006],[-70.535,-54.136],[-70.38,-54.181],[-70.246,-54.277],[-70.243,-54.348],[-70.169,-54.379],[-69.99,-54.381],[-69.867,-54.367],[-69.809,-54.321],[-69.742,-54.306],[-69.622,-54.364],[-69.419,-54.407],[-69.365,-54.438],[-69.325,-54.488],[-69.322,-54.543],[-69.312,-54.571],[-69.253,-54.557],[-69.169,-54.483],[-69.128,-54.458],[-69.077,-54.445],[-69.045,-54.428],[-69.044,-54.407],[-69.196,-54.354],[-69.988,-54.109],[-70.086,-54.011],[-70.151,-53.888],[-70.149,-53.761],[-70.091,-53.722],[-69.95,-53.672],[-69.794,-53.629],[-69.436,-53.921]]],[[[-68.541,-55.181],[-68.382,-55.192],[-68.33,-55.219],[-68.305,-55.239],[-68.541,-55.181]]],[[[-69.512,-54.943],[-68.901,-55.018],[-68.654,-54.958],[-68.458,-54.96],[-68.4,-55.042],[-68.598,-55.128],[-68.613,-55.156],[-68.6,-55.166],[-69.512,-54.943]]],[[[-71.952,-54.288],[-71.972,-54.207],[-72.092,-54.119],[-72.21,-54.048],[-72.146,-53.939],[-72.069,-53.921],[-71.996,-53.885],[-71.705,-53.923],[-71.554,-53.956],[-71.39,-54.033],[-71.169,-54.113],[-71.022,-54.112],[-71.023,-54.162],[-71.005,-54.247],[-71.028,-54.281],[-71.083,-54.316],[-71.118,-54.366],[-71.143,-54.374],[-71.305,-54.314],[-71.473,-54.231],[-71.558,-54.246],[-71.671,-54.225],[-71.761,-54.23],[-71.818,-54.276],[-71.924,-54.296],[-71.952,-54.288]]],[[[-72.861,-54.024],[-72.782,-53.955],[-72.764,-53.865],[-72.872,-53.849],[-72.936,-53.861],[-72.984,-53.861],[-73.039,-53.833],[-73.073,-53.875],[-73.086,-53.916],[-73.083,-53.928],[-73.284,-53.758],[-73.313,-53.733],[-73.314,-53.729],[-73.325,-53.723],[-73.326,-53.723],[-73.587,-53.503],[-73.596,-53.421],[-73.447,-53.41],[-73.366,-53.47],[-73.099,-53.512],[-73.115,-53.448],[-73.111,-53.425],[-73.074,-53.397],[-73.054,-53.394],[-73.022,-53.415],[-72.971,-53.423],[-72.947,-53.442],[-72.923,-53.482],[-72.896,-53.563],[-72.882,-53.578],[-72.809,-53.565],[-72.685,-53.558],[-72.482,-53.588],[-72.459,-53.599],[-72.373,-53.688],[-72.307,-53.725],[-72.205,-53.807],[-72.306,-53.862],[-72.366,-53.941],[-72.369,-53.981],[-72.409,-54.004],[-72.471,-54.028],[-72.563,-54.074],[-72.672,-54.079],[-72.861,-54.024]]],[[[-73.636,-53.079],[-73.549,-53.126],[-73.505,-53.14],[-73.451,-53.144],[-73.31,-53.248],[-73.302,-53.259],[-73.143,-53.341],[-73.135,-53.354],[-73.226,-53.358],[-73.409,-53.321],[-73.501,-53.318],[-73.567,-53.307],[-73.583,-53.3],[-73.596,-53.253],[-73.617,-53.23],[-73.619,-53.229],[-73.636,-53.079]]],[[[-73.179,-44.343],[-73.028,-44.384],[-72.842,-44.458],[-72.776,-44.509],[-72.764,-44.549],[-72.845,-44.638],[-72.897,-44.712],[-72.986,-44.78],[-73.228,-44.86],[-73.315,-44.841],[-73.179,-44.343]]],[[[-80.265,-2.905],[-80.25,-2.812],[-80.224,-2.753],[-80.146,-2.696],[-80.081,-2.669],[-79.997,-2.674],[-79.909,-2.726],[-80.013,-2.82],[-80.071,-2.834],[-80.093,-2.846],[-80.132,-2.973],[-80.151,-3.012],[-80.202,-3.01],[-80.265,-2.905]]],[[[-67.874,-54.93],[-67.425,-54.969],[-67.245,-54.978],[-67.107,-55.064],[-67.085,-55.115],[-67.08,-55.154],[-67.109,-55.192],[-67.173,-55.243],[-67.257,-55.282],[-67.34,-55.293],[-67.399,-55.272],[-67.429,-55.237],[-67.443,-55.201],[-67.463,-55.182],[-67.495,-55.177],[-67.535,-55.179],[-67.585,-55.192],[-67.691,-55.243],[-67.737,-55.256],[-67.768,-55.26],[-68.07,-55.221],[-68.1,-55.207],[-68.135,-55.173],[-68.174,-55.071],[-68.301,-54.981],[-68.107,-54.929],[-67.874,-54.93]]]]}},{"type":"Feature","properties":{"id":"ranges-ne-1159104311-physical-areas-718","category":"ranges"},"geometry":{"type":"Polygon","coordinates":[[[-124.565,59.711],[-123.327,59.087],[-122.606,58.486],[-121.754,57.873],[-121.536,56.618],[-119.999,55.405],[-119.23,54.691],[-118.022,53.864],[-116.928,52.997],[-115.923,52.719],[-115.156,52.164],[-115.049,51.344],[-113.7,49.796],[-112.232,47.507],[-111.217,47.445],[-110.102,47.124],[-109.622,46.122],[-107.774,45.774],[-106.663,44.769],[-106.107,43.843],[-105.101,42.705],[-104.89,41.594],[-104.467,40.588],[-104.467,39.504],[-104.356,38.387],[-104.356,38.387],[-104.123,37.36],[-104.123,36.434],[-104.599,35.773],[-105.154,35.434],[-106.001,35.27],[-106.593,35.299],[-106.678,35.402],[-107.007,35.799],[-107.016,36.233],[-107.017,36.259],[-107.048,37.002],[-107.381,37.026],[-107.407,37.029],[-108.155,37.112],[-108.44,37.397],[-108.42,37.474],[-108.303,37.917],[-107.589,38.366],[-107.575,38.462],[-107.509,38.921],[-108.237,38.881],[-108.964,39.265],[-110.299,39.015],[-110.975,38.381],[-111.795,37.731],[-112.774,37.36],[-113.193,37.58],[-113.268,37.62],[-113.277,37.625],[-112.907,37.943],[-112.52,38.523],[-112.43,38.657],[-111.843,39.266],[-111.69,39.424],[-111.637,40.535],[-111.822,40.836],[-111.823,40.838],[-112.021,41.157],[-112.15,41.476],[-112.51,41.923],[-112.524,41.941],[-112.579,41.975],[-113.251,42.388],[-113.592,42.519],[-113.678,42.551],[-115.253,43.155],[-115.732,43.557],[-116.267,43.816],[-116.343,44.426],[-116.346,44.451],[-116.315,44.612],[-116.214,45.139],[-116.226,45.224],[-116.258,45.444],[-116.293,45.68],[-116.637,46.197],[-117.039,46.753],[-117.222,47.523],[-117.143,47.592],[-116.911,47.794],[-116.669,48.004],[-116.518,48.286],[-116.508,48.305],[-116.277,48.737],[-117.065,49.769],[-117.885,50.31],[-117.974,50.881],[-118.756,51.822],[-120.827,52.921],[-121.405,53.71],[-122.602,55.059],[-122.76,55.237],[-123.181,55.474],[-123.674,55.752],[-123.888,55.872],[-124.803,56.7],[-125.645,57.423],[-125.871,57.617],[-126.471,58.249],[-126.888,58.689],[-127.194,59.215],[-126.893,59.429],[-126.571,59.578],[-126.528,59.598],[-125.359,59.345],[-125.033,59.275],[-124.739,59.549],[-124.565,59.711]]]}},{"type":"Feature","properties":{"id":"deserts-ne-1159104335-physical-areas-729","category":"deserts"},"geometry":{"type":"Polygon","coordinates":[[[117.522,44.509],[117.341,44.079],[117.301,43.915],[117.249,43.223],[117.192,43.018],[117.106,42.837],[116.99,42.683],[116.841,42.555],[116.657,42.457],[116.437,42.389],[113.695,42.304],[113.075,42.147],[112.504,41.863],[111.703,41.235],[111.632,41.179],[111.548,41.112],[111.434,41.061],[111.135,40.924],[110.695,40.858],[107.419,41.342],[107.35,41.34],[107.277,41.338],[107.165,41.297],[107.09,41.204],[106.999,40.814],[106.854,40.647],[106.648,40.531],[105.909,40.291],[105.704,40.185],[105.561,40.034],[105.404,39.56],[105.375,39.472],[105.331,39.391],[105.257,39.292],[105.142,39.141],[104.81,38.48],[104.666,38.32],[104.457,38.175],[104.201,38.05],[103.66,37.887],[103.626,37.877],[103.094,37.837],[102.568,38.097],[102.375,38.192],[102.284,38.21],[102.014,38.265],[101.596,38.35],[100.997,38.472],[100.956,38.48],[100.651,38.686],[100.445,38.873],[100.369,38.943],[99.925,39.346],[99.65,39.493],[99.369,39.547],[99.287,39.563],[99.246,39.571],[99.103,39.638],[98.969,39.701],[98.84,39.762],[98.699,39.803],[98.124,39.872],[96.82,40.028],[96.45,40.073],[96.439,40.074],[95.928,40.135],[95.619,40.245],[95.364,40.336],[95.108,40.493],[94.882,40.69],[94.693,40.931],[94.55,41.216],[94.487,41.433],[94.462,41.639],[94.474,41.833],[94.518,42.017],[94.593,42.192],[95.279,43.019],[95.331,43.118],[95.362,43.222],[95.373,43.342],[95.34,43.921],[95.378,44.086],[95.506,44.645],[96.211,44.857],[99.695,44.454],[99.912,44.474],[100.751,44.554],[102.276,44.698],[104.285,45.33],[108.529,45.433],[109.133,45.6],[113.199,47.673],[113.813,47.786],[114.741,47.756],[115.719,47.725],[117.58,47.344],[117.685,47.204],[117.721,46.929],[117.522,44.509]]]}},{"type":"Feature","properties":{"id":"deserts-ne-1159104337-physical-areas-730","category":"deserts"},"geometry":{"type":"MultiPolygon","coordinates":[[[[17.903,29.555],[18.459,29.555],[18.621,29.561],[19.253,29.582],[19.928,29.831],[20.218,29.939],[22.067,30.335],[22.07,30.336],[23.491,30.312],[25.985,30.271],[26.899,30.256],[27.22,30.242],[30.961,30.074],[31.027,30.071],[31.177,30.115],[31.251,30.137],[31.3,30.176],[31.714,30.508],[32.273,30.622],[32.297,30.627],[32.416,30.375],[32.555,30.083],[32.561,30.071],[32.488,29.933],[32.473,29.925],[32.476,29.911],[32.323,29.621],[32.538,29.294],[32.59,29.215],[32.601,29.198],[32.636,29.104],[32.632,28.992],[32.659,28.928],[32.73,28.848],[32.786,28.695],[32.895,28.57],[32.898,28.565],[32.907,28.557],[33.143,28.286],[33.202,28.208],[33.244,28.169],[33.5,27.875],[33.555,27.772],[33.559,27.701],[33.55,27.607],[33.657,27.431],[33.697,27.341],[33.802,27.268],[33.849,27.185],[33.893,27.049],[33.959,26.649],[34.05,26.551],[34.329,26.024],[34.565,25.691],[34.679,25.443],[34.853,25.14],[35.194,24.475],[35.378,24.289],[35.406,24.237],[35.437,24.213],[35.478,24.155],[35.625,24.066],[35.784,23.938],[35.764,23.939],[35.659,23.958],[35.498,23.986],[35.485,23.615],[35.518,23.537],[35.523,23.443],[35.564,23.271],[35.698,22.946],[35.797,22.849],[35.846,22.786],[35.913,22.74],[35.945,22.728],[35.961,22.702],[36.231,22.504],[36.856,22.044],[36.867,22.022],[36.871,22.013],[36.871,21.997],[36.883,21.769],[36.927,21.587],[37.081,21.326],[37.116,21.289],[37.148,21.077],[37.141,20.982],[37.157,20.895],[37.173,20.732],[37.228,20.557],[37.188,20.395],[37.193,20.121],[37.263,19.792],[37.248,19.582],[37.362,19.092],[37.471,18.82],[37.501,18.788],[37.509,18.734],[37.745,18.407],[37.853,18.258],[37.847,18.24],[37.821,18.16],[37.718,17.841],[37.707,17.808],[38.329,16.207],[38.461,15.162],[38.402,15.151],[38.236,15.122],[37.879,14.58],[38.005,13.887],[38.012,13.852],[38.01,13.85],[37.734,13.482],[37.617,13.574],[37.152,13.945],[37.144,13.972],[36.993,14.461],[36.983,14.757],[36.98,14.858],[36.623,15.254],[36.559,15.226],[36.539,15.217],[36.067,15.003],[36.023,14.88],[35.842,14.381],[35.793,14.275],[35.182,12.939],[35.128,12.82],[35.119,12.816],[34.313,12.397],[33.782,12.122],[33.752,12.106],[33.448,11.405],[33.453,11.337],[33.518,10.443],[33.551,10.001],[33.553,9.963],[33.165,9.825],[32.37,9.543],[32.138,9.46],[31.589,9.465],[31.475,9.466],[30.709,9.473],[30.494,9.498],[29.827,9.573],[29.77,9.579],[29.583,9.444],[29.57,9.435],[29.439,9.341],[29.401,9.349],[29.285,9.374],[29.076,9.418],[28.998,9.435],[27.688,9.714],[27.389,9.778],[26.988,9.77],[26.714,9.764],[26.238,10.267],[25.844,10.07],[25.735,10.016],[25.673,9.985],[25.565,9.997],[25.396,10.016],[24.298,10.138],[24.288,10.139],[23.927,10.179],[23.691,10.27],[23.494,10.345],[23.468,10.355],[22.669,10.172],[22.665,10.171],[22.499,10.133],[22.163,10.055],[22.041,10.138],[21.956,10.195],[21.681,10.38],[21.299,10.638],[21.28,10.634],[21.191,10.617],[20.769,10.537],[20.646,10.514],[21.028,10.265],[21.052,10.249],[21.032,10.244],[20.08,9.974],[19.994,9.95],[19.979,9.969],[19.776,10.245],[19.747,10.285],[19.888,10.779],[20.032,10.887],[20.099,10.937],[19.87,11.114],[19.775,11.136],[18.948,11.326],[18.724,11.378],[18.0,11.537],[17.136,11.537],[17.168,11.499],[17.801,10.742],[18.036,10.461],[17.656,10.224],[17.612,10.196],[17.591,10.216],[17.442,10.356],[17.048,10.726],[16.868,11.058],[16.818,11.149],[16.201,11.555],[16.164,11.528],[15.655,11.162],[15.637,11.149],[15.662,10.955],[15.732,10.41],[15.774,10.089],[15.778,10.055],[15.688,10.046],[15.318,10.007],[14.772,9.95],[14.349,10.232],[14.327,10.275],[14.286,10.356],[13.943,11.026],[13.555,11.842],[13.505,11.972],[13.33,12.423],[12.568,12.86],[11.695,12.88],[11.033,12.895],[9.957,13.23],[8.553,14.021],[8.422,14.095],[7.667,14.099],[5.789,14.11],[5.371,14.112],[5.319,14.092],[4.824,13.901],[3.343,14.117],[3.131,14.148],[2.727,14.109],[0.75,13.918],[-0.432,13.865],[-1.738,14.13],[-1.892,14.241],[-2.572,14.731],[-2.62,14.765],[-2.884,15.135],[-3.801,14.924],[-3.793,14.942],[-3.513,15.533],[-3.484,15.594],[-3.23,15.627],[-2.672,15.7],[-2.073,16.176],[-2.098,16.177],[-2.578,16.197],[-2.871,16.209],[-2.937,16.211],[-2.936,16.217],[-2.906,16.462],[-2.902,16.494],[-2.328,16.645],[-1.384,16.895],[-1.367,16.899],[-1.342,16.895],[-0.238,16.705],[-0.228,16.831],[-0.224,16.878],[-0.221,16.917],[-0.673,17.028],[-0.939,17.093],[-1.226,17.164],[-1.498,17.093],[-2.179,16.917],[-3.018,16.673],[-3.149,16.635],[-3.59,16.407],[-4.242,16.07],[-4.814,15.724],[-4.913,15.665],[-4.592,15.577],[-4.525,15.559],[-4.528,15.549],[-4.696,15.144],[-4.86,14.747],[-7.626,15.161],[-8.158,15.241],[-8.755,15.187],[-10.726,15.006],[-11.96,14.893],[-12.585,14.836],[-13.071,14.866],[-13.947,14.922],[-13.979,14.924],[-14.055,14.949],[-16.35,15.725],[-16.484,15.77],[-16.484,15.805],[-16.484,16.026],[-16.484,16.447],[-16.481,16.454],[-16.476,16.495],[-16.444,16.655],[-16.347,16.926],[-16.207,17.193],[-16.094,17.504],[-16.07,17.536],[-16.027,17.596],[-16.007,17.623],[-16.016,18.072],[-16.043,18.734],[-16.196,18.925],[-16.213,19.003],[-16.306,19.154],[-16.476,19.285],[-16.514,19.362],[-16.475,19.391],[-16.371,19.41],[-16.305,19.513],[-16.445,19.473],[-16.283,19.787],[-16.233,20.001],[-16.235,20.03],[-16.122,20.242],[-16.33,20.411],[-16.334,20.416],[-16.43,20.652],[-16.479,20.69],[-16.53,20.71],[-16.535,20.654],[-16.563,20.604],[-16.579,20.612],[-16.639,20.661],[-16.728,20.806],[-16.876,21.086],[-16.928,21.115],[-16.971,21.076],[-16.998,21.04],[-17.014,20.965],[-17.019,20.969],[-17.058,21.001],[-17.072,21.012],[-17.049,21.144],[-17.036,21.173],[-16.427,22.459],[-16.387,22.544],[-16.344,22.607],[-15.064,24.528],[-15.062,24.533],[-15.06,24.539],[-15.039,24.549],[-14.904,24.72],[-14.856,24.872],[-14.846,25.142],[-14.671,25.636],[-14.664,25.655],[-14.602,25.809],[-14.523,25.925],[-14.471,26.163],[-14.459,26.181],[-13.635,26.645],[-12.622,27.988],[-12.616,27.995],[-12.469,28.009],[-12.263,28.061],[-10.725,28.126],[-8.576,28.744],[-8.238,28.841],[-7.649,29.112],[-7.567,29.149],[-5.429,30.133],[-5.398,30.148],[-5.248,30.217],[-2.863,31.072],[-2.443,31.222],[2.372,33.18],[5.627,34.609],[8.114,34.287],[8.696,34.212],[8.833,34.114],[9.955,33.317],[10.733,32.764],[11.604,32.144],[12.082,31.804],[12.182,31.773],[14.913,30.931],[17.903,29.555]]],[[[-16.355,19.803],[-16.373,19.706],[-16.438,19.609],[-16.45,19.625],[-16.355,19.803]]]]}},{"type":"Feature","properties":{"id":"ranges-ne-1159104373-physical-areas-743","category":"ranges"},"geometry":{"type":"Polygon","coordinates":[[[169.878,-71.645],[170.024,-71.593],[170.162,-71.63],[170.25,-71.569],[170.263,-71.508],[170.346,-71.478],[170.479,-71.846],[170.435,-71.908],[170.406,-71.948],[170.224,-71.948],[170.03,-72.116],[169.954,-72.403],[170.084,-72.399],[169.978,-72.547],[167.763,-72.163],[167.475,-71.607],[167.603,-71.365],[167.603,-71.365],[167.834,-71.191],[167.939,-71.214],[169.878,-71.645]]]}},{"type":"Feature","properties":{"id":"ranges-ne-1159104377-physical-areas-744","category":"ranges"},"geometry":{"type":"Polygon","coordinates":[[[162.35,-76.259],[162.483,-76.626],[161.982,-77.328],[160.707,-77.107],[159.831,-76.74],[159.904,-76.443],[159.904,-76.443],[160.092,-75.971],[161.882,-75.84],[162.35,-76.259]]]}},{"type":"Feature","properties":{"id":"ranges-ne-1159104379-physical-areas-745","category":"ranges"},"geometry":{"type":"Polygon","coordinates":[[[171.259,-83.678],[168.402,-84.821],[167.122,-84.747],[164.95,-84.725],[164.023,-84.406],[165.044,-83.862],[165.044,-83.862],[166.065,-83.546],[167.424,-83.479],[171.259,-83.678]]]}},{"type":"Feature","properties":{"id":"ranges-ne-1159104505-physical-areas-748","category":"ranges"},"geometry":{"type":"Polygon","coordinates":[[[180,-86.044],[180,-86.959],[177.494,-86.676],[171.683,-86.319],[171.515,-86.309],[160.225,-84.906],[155.583,-82.4],[155.816,-80.263],[157.787,-77.223],[157.883,-77.126],[160.292,-74.685],[162.553,-73.101],[164.319,-72.265],[166.93,-70.947],[167.939,-71.214],[169.953,-71.746],[170.335,-71.573],[170.435,-71.908],[170.439,-71.92],[170.418,-71.949],[170.409,-71.948],[170.224,-71.948],[170.03,-72.116],[169.954,-72.403],[170.087,-72.399],[169.978,-72.547],[169.896,-72.563],[169.775,-72.534],[169.44,-72.487],[169.072,-72.469],[168.719,-72.384],[168.576,-72.379],[168.428,-72.383],[168.622,-72.473],[168.82,-72.552],[169.27,-72.621],[169.434,-72.653],[167.081,-73.11],[166.883,-73.011],[166.453,-72.936],[166.467,-72.997],[166.752,-73.174],[166.538,-73.215],[166.538,-73.215],[165.939,-73.584],[165.86,-73.593],[165.902,-73.607],[165.5,-73.854],[165.347,-73.879],[165.25,-73.782],[165.245,-73.571],[165.129,-73.383],[165.005,-73.375],[164.813,-73.397],[164.75,-73.559],[164.888,-73.838],[164.98,-73.926],[164.906,-74.003],[164.776,-74.029],[164.955,-74.19],[164.801,-74.284],[163.635,-74.482],[163.557,-74.417],[163.398,-74.382],[163.266,-74.426],[163.193,-74.557],[162.831,-74.618],[162.808,-74.715],[162.752,-74.736],[162.604,-74.823],[162.534,-75.167],[162.41,-75.238],[162.226,-75.235],[162.088,-75.262],[161.91,-75.234],[161.68,-75.218],[160.911,-75.335],[161.033,-75.396],[161.227,-75.386],[161.904,-75.404],[162.19,-75.467],[162.239,-75.622],[162.352,-75.687],[162.562,-75.753],[162.53,-75.887],[162.584,-76.081],[162.437,-76.155],[162.498,-76.208],[162.622,-76.217],[162.713,-76.542],[162.675,-76.569],[162.745,-76.658],[162.762,-76.741],[162.761,-76.746],[162.61,-76.829],[162.489,-76.869],[162.45,-76.956],[162.679,-77.007],[162.735,-77.012],[162.669,-77.674],[162.563,-78.727],[162.378,-78.818],[161.975,-78.694],[161.757,-78.545],[161.669,-78.536],[161.51,-78.571],[161.502,-78.677],[161.813,-78.907],[161.951,-78.968],[161.951,-79.028],[161.934,-79.036],[161.864,-79.061],[161.737,-79.06],[161.546,-79.015],[161.191,-78.979],[160.874,-79.05],[160.483,-79.201],[160.567,-79.302],[160.67,-79.359],[160.646,-79.427],[160.209,-79.554],[160.068,-79.561],[159.976,-79.586],[160.084,-79.633],[160.323,-79.636],[160.346,-79.692],[160.265,-79.737],[159.872,-79.79],[159.896,-79.859],[160.111,-79.892],[160.387,-79.879],[160.558,-79.93],[160.559,-80.011],[160.382,-80.054],[160.179,-80.088],[158.767,-80.293],[158.56,-80.349],[158.574,-80.423],[159.065,-80.443],[160.542,-80.425],[160.637,-80.45],[160.603,-80.508],[160.521,-80.583],[160.601,-80.637],[160.823,-80.674],[160.83,-80.73],[160.72,-80.753],[160.503,-80.779],[160.26,-80.787],[160.276,-80.847],[160.607,-80.901],[160.717,-80.907],[160.728,-81.113],[160.717,-81.2],[160.54,-81.242],[160.479,-81.27],[160.47,-81.341],[160.908,-81.39],[161.582,-81.61],[161.73,-81.61],[161.996,-81.653],[162.425,-81.765],[162.577,-81.832],[162.821,-81.866],[162.854,-81.921],[163.004,-81.969],[163.602,-82.121],[163.68,-82.187],[162.427,-82.314],[161.167,-82.408],[161.283,-82.49],[162.644,-82.482],[163.012,-82.535],[163.175,-82.519],[163.269,-82.463],[164.001,-82.397],[164.482,-82.369],[165.002,-82.534],[166.624,-82.797],[167.261,-82.899],[167.233,-82.952],[167.297,-82.986],[167.404,-82.999],[167.602,-83.047],[167.828,-83.031],[167.934,-83.008],[168.528,-83.104],[168.482,-83.127],[168.408,-83.155],[168.32,-83.211],[168.24,-83.23],[167.973,-83.243],[167.825,-83.243],[167.674,-83.231],[167.658,-83.272],[167.843,-83.316],[168.11,-83.362],[169.838,-83.399],[170.332,-83.479],[170.663,-83.449],[171.284,-83.55],[171.289,-83.555],[171.375,-83.564],[171.615,-83.603],[171.739,-83.615],[171.917,-83.644],[172.3,-83.667],[173.809,-83.806],[173.822,-83.81],[173.863,-83.811],[180.0,-84.379],[180,-84.379],[180,-86.044]]]}},{"type":"Feature","properties":{"id":"ranges-ne-1159104435-physical-areas-770","category":"ranges"},"geometry":{"type":"Polygon","coordinates":[[[-61.708,-85.167],[-61.663,-85.003],[-61.479,-84.626],[-61.083,-84.208],[-60.456,-83.884],[-59.853,-83.69],[-59.583,-83.625],[-54.667,-82.41],[-53.148,-82.148],[-52.799,-82.154],[-52.415,-82.135],[-51.731,-82.062],[-51.21,-82.015],[-50.653,-81.975],[-50.029,-81.968],[-48.435,-81.896],[-48.096,-81.911],[-47.887,-81.925],[-47.36,-82.004],[-47.02,-82.003],[-46.823,-81.993],[-46.763,-82.41],[-48.597,-83.105],[-50.494,-83.801],[-54.098,-83.99],[-57.242,-85.023],[-61.708,-85.167]]]}},{"type":"Feature","properties":{"id":"ranges-ne-1159104437-physical-areas-771","category":"ranges"},"geometry":{"type":"Polygon","coordinates":[[[-76.839,-81.446],[-80.161,-81.232],[-84.137,-79.976],[-85.25,-79.625],[-87.268,-78.839],[-87.625,-77.875],[-87.495,-77.727],[-87.255,-77.452],[-87.125,-77.304],[-85.482,-77.018],[-84.187,-77.375],[-84.187,-77.375],[-83.697,-78.013],[-83.779,-77.984],[-83.752,-78.066],[-83.688,-78.148],[-83.508,-78.248],[-83.246,-78.357],[-83.227,-78.402],[-83.355,-78.408],[-83.544,-78.355],[-83.706,-78.404],[-83.763,-78.461],[-83.697,-78.537],[-83.595,-78.611],[-83.26,-78.774],[-82.971,-78.817],[-82.589,-78.916],[-81.661,-79.1],[-81.503,-79.163],[-81.222,-79.298],[-81.163,-79.4],[-80.892,-79.502],[-80.705,-79.517],[-80.535,-79.513],[-80.529,-79.504],[-79.708,-79.794],[-79.136,-79.996],[-79.66,-79.997],[-78.907,-80.09],[-78.176,-80.167],[-77.745,-80.161],[-75.911,-80.375],[-75.875,-81.125],[-76.839,-81.446]]]}},{"type":"Feature","properties":{"id":"ranges-ne-1159104475-physical-areas-789","category":"ranges"},"geometry":{"type":"Polygon","coordinates":[[[-92.521,-73.729],[-93.271,-73.833],[-94.271,-74.0],[-95.062,-73.813],[-95.083,-73.521],[-94.568,-73.253],[-94.246,-73.313],[-94.152,-73.304],[-94.083,-73.313],[-93.729,-73.25],[-93.568,-73.207],[-93.132,-73.182],[-92.646,-73.208],[-92.458,-73.313],[-92.521,-73.729]]]}},{"type":"Feature","properties":{"id":"ranges-ne-1159104485-physical-areas-793","category":"ranges"},"geometry":{"type":"Polygon","coordinates":[[[-131.292,-76.417],[-133.917,-76.75],[-136.25,-76.583],[-136.542,-76.083],[-135.917,-75.542],[-135.083,-75.292],[-133.083,-75.125],[-131.0,-75.042],[-131.0,-75.042],[-131.0,-75.958],[-131.292,-76.417]]]}},{"type":"Feature","properties":{"id":"ranges-ne-1159104487-physical-areas-794","category":"ranges"},"geometry":{"type":"Polygon","coordinates":[[[-143.5,-76.417],[-143.792,-77.292],[-144.542,-78.208],[-148.083,-79.0],[-148.774,-78.744],[-149.208,-78.583],[-149.208,-78.255],[-149.208,-78.042],[-147.333,-77.625],[-146.334,-77.475],[-146.074,-77.487],[-145.677,-77.488],[-145.601,-77.455],[-145.65,-77.398],[-145.674,-77.376],[-145.667,-77.375],[-145.603,-77.215],[-145.516,-77.199],[-145.563,-77.162],[-145.579,-77.157],[-145.333,-76.542],[-145.208,-76.0],[-144.333,-75.792],[-144.333,-75.792],[-143.333,-75.667],[-143.5,-76.417]]]}},{"type":"Feature","properties":{"id":"ranges-ne-1159104493-physical-areas-797","category":"ranges"},"geometry":{"type":"Polygon","coordinates":[[[-150.29,-85.544],[-148.875,-86.458],[-150.292,-87.042],[-155.25,-87.083],[-161.667,-86.625],[-166.125,-86.583],[-169.958,-86.125],[-177.103,-85.469],[-180.0,-85.619],[-180.0,-84.352],[-178.39,-84.338],[-178.069,-84.352],[-177.73,-84.395],[-176.986,-84.399],[-176.289,-84.418],[-176.107,-84.475],[-175.875,-84.51],[-175.381,-84.48],[-174.987,-84.465],[-174.665,-84.463],[-171.125,-84.583],[-171.125,-84.583],[-169.958,-84.625],[-169.694,-84.639],[-168.265,-84.713],[-168.049,-84.729],[-167.492,-84.834],[-166.911,-84.819],[-165.349,-84.856],[-164.042,-84.917],[-160.719,-84.992],[-159.324,-85.067],[-159.17,-85.077],[-157.125,-85.208],[-154.926,-85.316],[-150.29,-85.544]]]}},{"type":"Feature","properties":{"id":"ranges-ne-1159104503-physical-areas-801","category":"ranges"},"geometry":{"type":"Polygon","coordinates":[[[-124.518,-76.554],[-124.304,-76.982],[-125.375,-77.482],[-126.446,-77.661],[-127.732,-77.375],[-127.732,-76.839],[-126.482,-76.554],[-126.482,-76.554],[-125.625,-76.482],[-124.518,-76.554]]]}},{"type":"Feature","properties":{"id":"ranges-ne-1159104505-physical-areas-802","category":"ranges"},"geometry":{"type":"Polygon","coordinates":[[[-57.242,-85.023],[-61.976,-85.195],[-64.257,-85.453],[-68.689,-85.883],[-73.293,-86.314],[-76.134,-86.27],[-80.695,-86.873],[-85.256,-86.528],[-88.527,-86.83],[-93.389,-86.356],[-96.531,-86.356],[-103.416,-86.615],[-109.096,-86.098],[-116.67,-86.83],[-118.807,-86.923],[-124.588,-87.174],[-130.397,-87.346],[-134.743,-87.217],[-141.629,-87.647],[-146.018,-87.346],[-146.018,-87.346],[-150.292,-87.042],[-155.25,-87.083],[-161.667,-86.625],[-166.125,-86.583],[-167.733,-86.431],[-171.191,-86.103],[-177.103,-85.469],[-180.0,-85.619],[-180.0,-84.352],[-178.39,-84.338],[-178.069,-84.352],[-177.73,-84.395],[-176.986,-84.399],[-176.289,-84.418],[-176.107,-84.475],[-175.875,-84.51],[-175.381,-84.48],[-174.987,-84.465],[-174.665,-84.463],[-171.125,-84.583],[-169.694,-84.639],[-169.333,-84.653],[-168.668,-84.684],[-168.049,-84.729],[-167.492,-84.834],[-166.911,-84.819],[-163.464,-84.901],[-162.933,-84.901],[-160.821,-84.987],[-159.808,-85.041],[-159.17,-85.077],[-154.926,-85.316],[-154.796,-85.324],[-150.29,-85.544],[-141.585,-85.582],[-135.905,-85.625],[-128.977,-85.324],[-124.33,-85.582],[-116.067,-84.85],[-115.238,-84.792],[-109.397,-84.377],[-103.125,-84.604],[-99.887,-84.721],[-93.691,-84.979],[-88.656,-84.678],[-76.564,-84.162],[-70.109,-84.248],[-66.15,-83.861],[-63.439,-83.775],[-59.824,-83.645],[-58.404,-83.301],[-55.951,-82.699],[-54.667,-82.41],[-53.087,-82.149],[-52.799,-82.154],[-52.415,-82.135],[-51.731,-82.062],[-51.21,-82.015],[-50.653,-81.975],[-50.029,-81.968],[-48.361,-81.892],[-47.887,-81.925],[-47.36,-82.004],[-47.02,-82.003],[-46.823,-81.993],[-46.763,-82.41],[-50.494,-83.801],[-54.098,-83.99],[-57.242,-85.023]]]}},{"type":"Feature","properties":{"id":"ranges-ne-1159104507-physical-areas-804","category":"ranges"},"geometry":{"type":"Polygon","coordinates":[[[64.809,-73.942],[64.809,-73.942],[63.688,-73.562],[65.688,-71.625],[66.938,-70.5],[67.603,-70.318],[67.659,-70.326],[67.941,-70.423],[68.559,-70.412],[68.757,-70.37],[69.021,-70.325],[69.029,-70.326],[68.976,-70.631],[68.976,-70.631],[67.777,-71.544],[66.464,-72.972],[64.809,-73.942]]]}},{"type":"Feature","properties":{"id":"ranges-ne-1159104511-physical-areas-806","category":"ranges"},"geometry":{"type":"Polygon","coordinates":[[[51.291,-67.426],[51.103,-67.831],[49.792,-67.917],[49.271,-67.875],[49.354,-67.563],[49.354,-67.563],[49.904,-67.325],[50.699,-67.282],[51.291,-67.426]]]}},{"type":"Feature","properties":{"id":"ranges-ne-1159104513-physical-areas-807","category":"ranges"},"geometry":{"type":"Polygon","coordinates":[[[54.628,-66.069],[55.379,-66.155],[56.044,-66.43],[55.87,-67.152],[54.758,-67.239],[53.501,-67.065],[53.256,-66.661],[53.674,-66.126],[53.674,-66.126],[54.628,-66.069]]]}},{"type":"Feature","properties":{"id":"ranges-ne-1159104515-physical-areas-808","category":"ranges"},"geometry":{"type":"Polygon","coordinates":[[[-18.527,-80.344],[-18.295,-80.91],[-18.596,-80.963],[-19.271,-81.078],[-19.98,-81.193],[-20.042,-81.201],[-20.382,-81.245],[-20.882,-81.218],[-21.92,-81.154],[-23.121,-81.078],[-24.115,-81.014],[-24.529,-80.987],[-29.965,-81.065],[-30.454,-80.678],[-29.115,-80.215],[-29.115,-80.215],[-27.209,-80.163],[-25.093,-80.08],[-24.24,-80.062],[-24.166,-80.044],[-21.283,-79.931],[-20.042,-80.117],[-18.527,-80.344]]]}},{"type":"Feature","properties":{"id":"ranges-ne-1730074691-physical-areas-816","category":"ranges"},"geometry":{"type":"Polygon","coordinates":[[[180,-86.044],[180,-86.959],[177.494,-86.676],[171.565,-86.304],[171.564,-86.304],[171.564,-86.304],[168.402,-84.821],[171.259,-83.678],[180.0,-84.379],[180,-84.379],[180,-86.044]]]}},{"type":"Feature","properties":{"id":"lakes-ne-1730074807-physical-areas-838","category":"lakes"},"geometry":{"type":"MultiPolygon","coordinates":[[[[-158.874,59.163],[-158.893,59.158],[-158.921,59.161],[-158.939,59.168],[-158.953,59.179],[-158.961,59.191],[-158.962,59.204],[-158.945,59.238],[-158.943,59.257],[-158.959,59.265],[-158.975,59.269],[-158.993,59.28],[-159.021,59.303],[-159.039,59.313],[-159.058,59.317],[-159.073,59.326],[-159.078,59.348],[-159.037,59.34],[-158.962,59.307],[-158.907,59.281],[-158.89,59.268],[-158.873,59.235],[-158.859,59.2],[-158.863,59.176],[-158.874,59.163]]],[[[-158.997,59.45],[-158.979,59.449],[-158.964,59.454],[-158.951,59.456],[-158.934,59.45],[-158.921,59.415],[-158.909,59.401],[-158.89,59.395],[-158.865,59.392],[-158.814,59.378],[-158.787,59.375],[-158.778,59.371],[-158.759,59.351],[-158.75,59.344],[-158.736,59.338],[-158.695,59.327],[-158.655,59.31],[-158.613,59.286],[-158.665,59.281],[-158.757,59.294],[-158.766,59.301],[-158.75,59.313],[-158.83,59.353],[-158.92,59.377],[-158.942,59.39],[-158.977,59.422],[-159.045,59.458],[-159.058,59.467],[-159.055,59.471],[-159.037,59.468],[-158.997,59.45]]],[[[-159.019,59.6],[-158.954,59.573],[-158.88,59.587],[-158.89,59.593],[-158.893,59.595],[-158.893,59.601],[-158.723,59.611],[-158.654,59.595],[-158.606,59.601],[-158.596,59.599],[-158.577,59.589],[-158.568,59.587],[-158.543,59.586],[-158.52,59.581],[-158.476,59.567],[-158.494,59.561],[-158.622,59.567],[-158.646,59.563],[-158.66,59.552],[-158.669,59.559],[-158.677,59.56],[-158.686,59.559],[-158.695,59.552],[-158.712,59.563],[-158.735,59.57],[-158.759,59.571],[-158.777,59.567],[-158.764,59.552],[-158.786,59.552],[-158.852,59.56],[-158.845,59.561],[-158.825,59.567],[-158.836,59.577],[-158.854,59.576],[-158.893,59.567],[-158.967,59.564],[-158.99,59.56],[-158.97,59.522],[-158.934,59.499],[-158.89,59.488],[-158.682,59.482],[-158.654,59.476],[-158.628,59.462],[-158.599,59.453],[-158.595,59.448],[-158.58,59.433],[-158.575,59.43],[-158.565,59.426],[-158.568,59.419],[-158.579,59.412],[-158.592,59.409],[-158.603,59.411],[-158.633,59.43],[-158.657,59.439],[-158.68,59.443],[-158.73,59.444],[-158.785,59.435],[-158.815,59.434],[-158.839,59.444],[-158.782,59.446],[-158.729,59.457],[-158.748,59.47],[-158.771,59.471],[-158.818,59.463],[-158.945,59.483],[-158.978,59.497],[-159.007,59.518],[-159.034,59.543],[-159.047,59.551],[-159.077,59.564],[-159.085,59.573],[-159.084,59.59],[-159.077,59.601],[-159.076,59.612],[-159.092,59.628],[-159.109,59.636],[-159.144,59.646],[-159.161,59.656],[-159.172,59.671],[-159.168,59.682],[-159.156,59.683],[-159.141,59.67],[-159.08,59.641],[-159.019,59.6]]],[[[-158.911,59.721],[-158.897,59.717],[-158.839,59.718],[-158.77,59.711],[-158.735,59.701],[-158.709,59.683],[-158.729,59.683],[-158.705,59.666],[-158.664,59.658],[-158.586,59.656],[-158.573,59.652],[-158.511,59.617],[-158.475,59.612],[-158.462,59.601],[-158.554,59.606],[-158.668,59.64],[-158.802,59.656],[-158.818,59.666],[-158.837,59.674],[-158.949,59.683],[-158.934,59.689],[-158.916,59.691],[-158.88,59.69],[-158.88,59.697],[-158.972,59.734],[-159.003,59.738],[-159.003,59.745],[-158.994,59.746],[-158.986,59.745],[-158.977,59.742],[-158.969,59.738],[-158.938,59.733],[-158.923,59.727],[-158.911,59.721]]],[[[-158.798,59.81],[-158.667,59.783],[-158.651,59.776],[-158.628,59.767],[-158.57,59.773],[-158.544,59.765],[-158.647,59.76],[-158.773,59.785],[-158.794,59.796],[-158.823,59.808],[-158.861,59.805],[-158.931,59.793],[-158.969,59.791],[-158.989,59.793],[-159.003,59.8],[-159.009,59.809],[-159.001,59.813],[-158.798,59.81]]],[[[-158.498,59.979],[-158.48,59.978],[-158.442,59.978],[-158.433,59.99],[-158.4,59.994],[-158.332,59.991],[-158.283,59.978],[-158.235,59.974],[-158.222,59.971],[-158.229,59.964],[-158.217,59.959],[-158.205,59.95],[-158.202,59.941],[-158.215,59.937],[-158.223,59.938],[-158.236,59.943],[-158.243,59.944],[-158.251,59.941],[-158.262,59.932],[-158.27,59.93],[-158.357,59.943],[-158.386,59.944],[-158.383,59.959],[-158.395,59.962],[-158.428,59.957],[-158.453,59.957],[-158.496,59.968],[-158.52,59.971],[-158.576,59.967],[-158.648,59.952],[-158.671,59.951],[-158.684,59.949],[-158.708,59.939],[-158.735,59.935],[-158.78,59.92],[-158.794,59.913],[-158.816,59.904],[-159.127,59.889],[-159.092,59.909],[-159.089,59.92],[-159.106,59.937],[-159.122,59.947],[-159.175,59.971],[-159.147,59.971],[-159.071,59.939],[-159.032,59.927],[-158.986,59.923],[-158.962,59.925],[-158.881,59.946],[-158.861,59.949],[-158.852,59.951],[-158.843,59.956],[-158.827,59.967],[-158.818,59.971],[-158.793,59.977],[-158.685,59.989],[-158.638,60.008],[-158.596,60.016],[-158.56,60.032],[-158.537,60.032],[-158.455,60.005],[-158.504,59.99],[-158.516,59.984],[-158.498,59.979]]],[[[-158.879,60.087],[-158.668,60.074],[-158.606,60.081],[-158.592,60.081],[-158.585,60.076],[-158.578,60.067],[-158.577,60.058],[-158.586,60.05],[-158.617,60.043],[-158.938,60.056],[-159.003,60.04],[-159.037,60.027],[-159.112,60.008],[-159.154,60.005],[-159.186,60.012],[-159.208,60.027],[-159.208,60.035],[-159.175,60.025],[-159.125,60.023],[-159.106,60.025],[-159.085,60.032],[-159.068,60.045],[-159.062,60.047],[-159.034,60.051],[-158.949,60.081],[-158.879,60.087]]],[[[-158.915,60.251],[-158.885,60.234],[-158.843,60.231],[-158.757,60.238],[-158.779,60.223],[-158.785,60.209],[-158.777,60.195],[-158.757,60.176],[-158.783,60.175],[-158.809,60.183],[-158.834,60.195],[-158.859,60.204],[-158.958,60.214],[-159.04,60.203],[-159.058,60.204],[-159.098,60.217],[-159.113,60.217],[-159.135,60.21],[-159.15,60.198],[-159.164,60.184],[-159.182,60.17],[-159.181,60.178],[-159.179,60.186],[-159.176,60.194],[-159.172,60.197],[-159.162,60.199],[-159.157,60.205],[-159.154,60.213],[-159.15,60.221],[-159.137,60.235],[-159.121,60.244],[-159.104,60.246],[-159.085,60.238],[-159.008,60.243],[-158.934,60.259],[-158.878,60.285],[-158.848,60.296],[-158.825,60.293],[-158.891,60.257],[-158.915,60.251]]],[[[-158.813,60.374],[-158.77,60.341],[-158.796,60.331],[-158.829,60.337],[-158.865,60.349],[-158.897,60.355],[-158.913,60.357],[-158.945,60.366],[-158.962,60.368],[-159.051,60.361],[-159.051,60.368],[-159.032,60.377],[-159.021,60.381],[-158.972,60.383],[-158.901,60.397],[-158.866,60.396],[-158.838,60.388],[-158.813,60.374]]]]}},{"type":"Feature","properties":{"id":"lakes-ne-1159104613-physical-areas-839","category":"lakes"},"geometry":{"type":"MultiPolygon","coordinates":[[[[-76.292,42.827],[-76.27,42.784],[-76.284,42.793],[-76.322,42.829],[-76.336,42.839],[-76.365,42.853],[-76.39,42.876],[-76.404,42.886],[-76.418,42.897],[-76.428,42.914],[-76.433,42.934],[-76.431,42.953],[-76.423,42.959],[-76.408,42.942],[-76.377,42.894],[-76.292,42.827]]],[[[-76.509,42.49],[-76.517,42.48],[-76.53,42.484],[-76.543,42.513],[-76.574,42.548],[-76.586,42.558],[-76.633,42.582],[-76.644,42.585],[-76.657,42.593],[-76.679,42.627],[-76.691,42.641],[-76.709,42.688],[-76.718,42.697],[-76.75,42.723],[-76.775,42.757],[-76.78,42.788],[-76.77,42.818],[-76.747,42.849],[-76.744,42.861],[-76.75,42.914],[-76.745,42.934],[-76.738,42.945],[-76.732,42.942],[-76.723,42.883],[-76.722,42.757],[-76.713,42.737],[-76.682,42.707],[-76.675,42.691],[-76.671,42.673],[-76.661,42.649],[-76.64,42.613],[-76.61,42.586],[-76.543,42.546],[-76.517,42.517],[-76.509,42.49]]],[[[-76.467,42.781],[-76.469,42.763],[-76.513,42.818],[-76.524,42.839],[-76.544,42.885],[-76.547,42.909],[-76.537,42.922],[-76.537,42.917],[-76.536,42.914],[-76.533,42.912],[-76.531,42.908],[-76.497,42.826],[-76.475,42.798],[-76.467,42.781]]],[[[-77.353,42.691],[-77.355,42.688],[-77.36,42.691],[-77.365,42.698],[-77.367,42.705],[-77.366,42.712],[-77.361,42.725],[-77.36,42.733],[-77.357,42.745],[-77.338,42.777],[-77.308,42.812],[-77.293,42.837],[-77.272,42.894],[-77.265,42.891],[-77.259,42.887],[-77.255,42.881],[-77.251,42.873],[-77.256,42.861],[-77.264,42.826],[-77.271,42.813],[-77.332,42.742],[-77.347,42.715],[-77.353,42.691]]],[[[-76.86,42.397],[-76.868,42.389],[-76.884,42.409],[-76.911,42.457],[-76.922,42.51],[-76.922,42.585],[-76.926,42.621],[-76.923,42.637],[-76.912,42.651],[-76.908,42.666],[-76.921,42.684],[-76.953,42.713],[-76.966,42.745],[-76.969,42.83],[-76.976,42.853],[-76.97,42.881],[-76.962,42.879],[-76.958,42.874],[-76.957,42.868],[-76.956,42.86],[-76.945,42.836],[-76.922,42.75],[-76.877,42.683],[-76.866,42.661],[-76.864,42.632],[-76.872,42.606],[-76.894,42.558],[-76.897,42.528],[-76.892,42.502],[-76.882,42.48],[-76.866,42.462],[-76.874,42.445],[-76.871,42.43],[-76.864,42.414],[-76.86,42.397]]],[[[-77.086,42.572],[-77.104,42.517],[-77.113,42.503],[-77.122,42.497],[-77.137,42.491],[-77.144,42.486],[-77.15,42.48],[-77.157,42.464],[-77.162,42.456],[-77.173,42.443],[-77.186,42.432],[-77.201,42.423],[-77.216,42.415],[-77.205,42.439],[-77.165,42.48],[-77.154,42.51],[-77.155,42.525],[-77.161,42.553],[-77.158,42.562],[-77.15,42.574],[-77.149,42.588],[-77.151,42.601],[-77.154,42.613],[-77.136,42.595],[-77.129,42.538],[-77.11,42.548],[-77.103,42.56],[-77.087,42.623],[-77.066,42.661],[-77.067,42.62],[-77.071,42.604],[-77.086,42.572]]]]}},{"type":"Feature","properties":{"id":"lakes-ne-1159104615-physical-areas-840","category":"lakes"},"geometry":{"type":"Polygon","coordinates":[[[-83.404,43.814],[-83.453,43.765],[-83.474,43.721],[-83.49,43.703],[-83.51,43.706],[-83.515,43.715],[-83.519,43.726],[-83.526,43.732],[-83.538,43.727],[-83.605,43.651],[-83.64,43.624],[-83.679,43.608],[-83.719,43.614],[-83.761,43.634],[-83.812,43.645],[-83.832,43.657],[-83.882,43.671],[-83.904,43.682],[-83.925,43.702],[-83.943,43.728],[-83.95,43.756],[-83.935,43.781],[-83.932,43.791],[-83.935,43.825],[-83.932,43.84],[-83.921,43.851],[-83.91,43.86],[-83.908,43.869],[-83.925,43.881],[-83.89,43.958],[-83.863,43.99],[-83.822,44.004],[-83.81,44.003],[-83.788,43.998],[-83.775,43.997],[-83.765,44.0],[-83.748,44.009],[-83.737,44.011],[-83.727,44.01],[-83.707,44.005],[-83.696,44.004],[-83.69,44.01],[-83.683,44.036],[-83.678,44.045],[-83.66,44.053],[-83.61,44.055],[-83.593,44.063],[-83.59,44.073],[-83.592,44.085],[-83.59,44.096],[-83.579,44.1],[-83.572,44.105],[-83.57,44.116],[-83.564,44.187],[-83.554,44.231],[-83.532,44.266],[-83.494,44.285],[-83.484,44.286],[-83.453,44.285],[-83.456,44.28],[-83.463,44.264],[-83.466,44.258],[-83.452,44.268],[-83.407,44.31],[-83.397,44.323],[-83.391,44.326],[-83.363,44.327],[-83.353,44.329],[-83.338,44.345],[-83.333,44.354],[-83.328,44.367],[-83.321,44.408],[-83.315,44.624],[-83.31,44.645],[-83.291,44.681],[-83.287,44.703],[-83.29,44.725],[-83.3,44.765],[-83.304,44.813],[-83.309,44.833],[-83.317,44.851],[-83.328,44.868],[-83.331,44.873],[-83.333,44.883],[-83.336,44.888],[-83.342,44.892],[-83.359,44.899],[-83.377,44.914],[-83.405,44.928],[-83.418,44.937],[-83.428,44.946],[-83.435,44.953],[-83.438,44.963],[-83.438,44.981],[-83.442,44.987],[-83.449,44.992],[-83.456,44.995],[-83.46,44.998],[-83.459,45.007],[-83.454,45.011],[-83.448,45.014],[-83.446,45.022],[-83.444,45.047],[-83.435,45.065],[-83.415,45.076],[-83.38,45.08],[-83.371,45.076],[-83.349,45.055],[-83.336,45.046],[-83.32,45.042],[-83.303,45.039],[-83.267,45.039],[-83.276,45.056],[-83.314,45.07],[-83.322,45.094],[-83.319,45.093],[-83.312,45.094],[-83.305,45.096],[-83.302,45.101],[-83.303,45.108],[-83.305,45.112],[-83.307,45.115],[-83.309,45.118],[-83.31,45.128],[-83.317,45.153],[-83.322,45.162],[-83.332,45.166],[-83.346,45.168],[-83.358,45.171],[-83.363,45.179],[-83.391,45.21],[-83.409,45.238],[-83.412,45.248],[-83.41,45.259],[-83.404,45.266],[-83.384,45.279],[-83.422,45.311],[-83.465,45.339],[-83.51,45.359],[-83.555,45.367],[-83.59,45.366],[-83.603,45.367],[-83.644,45.38],[-83.658,45.382],[-83.675,45.387],[-83.7,45.413],[-83.719,45.423],[-83.731,45.424],[-83.767,45.423],[-83.781,45.425],[-83.809,45.434],[-83.844,45.442],[-83.863,45.455],[-83.898,45.484],[-83.943,45.501],[-84.096,45.504],[-84.116,45.512],[-84.131,45.527],[-84.141,45.545],[-84.145,45.563],[-84.15,45.578],[-84.163,45.594],[-84.192,45.622],[-84.224,45.642],[-84.269,45.661],[-84.318,45.674],[-84.364,45.676],[-84.458,45.671],[-84.499,45.681],[-84.576,45.73],[-84.706,45.779],[-84.739,45.8],[-84.755,45.805],[-84.775,45.8],[-84.785,45.791],[-84.793,45.78],[-84.803,45.77],[-84.823,45.765],[-84.956,45.77],[-84.994,45.779],[-84.994,45.772],[-84.98,45.763],[-84.945,45.737],[-84.942,45.732],[-84.955,45.726],[-84.994,45.683],[-85.054,45.651],[-85.082,45.631],[-85.104,45.601],[-85.11,45.564],[-85.104,45.527],[-85.089,45.495],[-85.069,45.471],[-85.038,45.446],[-85.021,45.439],[-84.93,45.429],[-84.911,45.423],[-84.936,45.396],[-84.986,45.383],[-85.042,45.379],[-85.13,45.383],[-85.174,45.377],[-85.334,45.316],[-85.368,45.294],[-85.392,45.265],[-85.399,45.227],[-85.378,45.101],[-85.393,45.01],[-85.424,44.93],[-85.469,44.858],[-85.535,44.774],[-85.543,44.767],[-85.555,44.765],[-85.566,44.769],[-85.57,44.777],[-85.567,44.786],[-85.553,44.804],[-85.55,44.814],[-85.549,44.837],[-85.546,44.844],[-85.522,44.861],[-85.51,44.88],[-85.501,44.901],[-85.496,44.923],[-85.495,44.946],[-85.492,44.958],[-85.483,44.97],[-85.48,44.981],[-85.485,44.993],[-85.496,45.001],[-85.509,45.003],[-85.522,44.998],[-85.527,44.989],[-85.532,44.973],[-85.536,44.946],[-85.539,44.935],[-85.548,44.926],[-85.57,44.909],[-85.562,44.908],[-85.542,44.901],[-85.551,44.892],[-85.573,44.88],[-85.577,44.871],[-85.582,44.842],[-85.587,44.827],[-85.601,44.812],[-85.604,44.797],[-85.61,44.787],[-85.628,44.796],[-85.636,44.805],[-85.654,44.834],[-85.66,44.854],[-85.645,44.885],[-85.607,44.949],[-85.603,44.964],[-85.604,44.977],[-85.611,44.988],[-85.619,44.991],[-85.645,44.984],[-85.637,45.001],[-85.623,45.025],[-85.605,45.045],[-85.587,45.053],[-85.579,45.061],[-85.585,45.08],[-85.604,45.115],[-85.604,45.144],[-85.589,45.154],[-85.571,45.158],[-85.563,45.166],[-85.555,45.182],[-85.543,45.2],[-85.54,45.213],[-85.563,45.216],[-85.59,45.197],[-85.605,45.195],[-85.618,45.196],[-85.63,45.194],[-85.642,45.186],[-85.693,45.115],[-85.709,45.101],[-85.752,45.071],[-85.762,45.062],[-85.767,45.045],[-85.819,44.965],[-85.831,44.954],[-85.847,44.95],[-85.864,44.954],[-85.894,44.973],[-85.909,44.977],[-85.917,44.978],[-85.929,44.983],[-85.937,44.984],[-85.947,44.982],[-85.95,44.977],[-85.951,44.97],[-85.954,44.964],[-85.989,44.923],[-86.001,44.915],[-86.009,44.915],[-86.017,44.918],[-86.023,44.921],[-86.028,44.922],[-86.06,44.922],[-86.077,44.917],[-86.081,44.903],[-86.077,44.871],[-86.09,44.782],[-86.084,44.765],[-86.092,44.753],[-86.103,44.747],[-86.116,44.745],[-86.132,44.744],[-86.142,44.745],[-86.158,44.751],[-86.166,44.752],[-86.173,44.749],[-86.189,44.739],[-86.226,44.731],[-86.255,44.713],[-86.27,44.688],[-86.259,44.659],[-86.242,44.635],[-86.234,44.61],[-86.234,44.585],[-86.252,44.519],[-86.259,44.508],[-86.264,44.496],[-86.264,44.464],[-86.269,44.45],[-86.254,44.417],[-86.267,44.375],[-86.292,44.335],[-86.337,44.276],[-86.381,44.198],[-86.413,44.162],[-86.489,44.113],[-86.518,44.083],[-86.522,44.045],[-86.511,44.029],[-86.481,43.999],[-86.47,43.977],[-86.46,43.968],[-86.453,43.958],[-86.462,43.935],[-86.46,43.924],[-86.454,43.908],[-86.437,43.822],[-86.442,43.785],[-86.467,43.751],[-86.522,43.699],[-86.54,43.667],[-86.543,43.628],[-86.536,43.606],[-86.513,43.57],[-86.505,43.539],[-86.356,43.258],[-86.338,43.243],[-86.325,43.254],[-86.256,43.271],[-86.261,43.257],[-86.277,43.243],[-86.296,43.233],[-86.313,43.229],[-86.327,43.223],[-86.324,43.207],[-86.273,43.103],[-86.264,43.064],[-86.253,43.039],[-86.239,43.017],[-86.228,43.004],[-86.227,43.0],[-86.228,42.997],[-86.23,42.996],[-86.228,42.996],[-86.231,42.996],[-86.234,42.996],[-86.235,42.994],[-86.234,42.99],[-86.222,42.964],[-86.219,42.709],[-86.273,42.472],[-86.302,42.397],[-86.379,42.255],[-86.493,42.13],[-86.603,41.94],[-86.656,41.876],[-86.721,41.824],[-86.781,41.799],[-86.79,41.788],[-86.801,41.777],[-87.03,41.681],[-87.202,41.635],[-87.292,41.628],[-87.386,41.64],[-87.408,41.646],[-87.423,41.654],[-87.43,41.667],[-87.427,41.688],[-87.459,41.678],[-87.494,41.698],[-87.578,41.789],[-87.595,41.82],[-87.619,41.893],[-87.648,41.945],[-87.661,42.033],[-87.667,42.052],[-87.676,42.071],[-87.681,42.079],[-87.687,42.085],[-87.723,42.097],[-87.728,42.102],[-87.733,42.108],[-87.742,42.116],[-87.751,42.125],[-87.756,42.137],[-87.758,42.147],[-87.763,42.157],[-87.797,42.206],[-87.813,42.24],[-87.823,42.279],[-87.826,42.355],[-87.825,42.366],[-87.821,42.374],[-87.816,42.379],[-87.812,42.385],[-87.804,42.483],[-87.81,42.569],[-87.808,42.578],[-87.804,42.589],[-87.802,42.6],[-87.81,42.617],[-87.812,42.63],[-87.812,42.644],[-87.81,42.654],[-87.801,42.672],[-87.78,42.704],[-87.77,42.772],[-87.771,42.79],[-87.783,42.812],[-87.825,42.853],[-87.834,42.867],[-87.838,42.877],[-87.841,42.959],[-87.849,42.982],[-87.866,43.004],[-87.893,43.009],[-87.901,43.023],[-87.896,43.04],[-87.875,43.076],[-87.873,43.084],[-87.872,43.096],[-87.876,43.102],[-87.895,43.114],[-87.9,43.124],[-87.896,43.146],[-87.888,43.162],[-87.885,43.178],[-87.893,43.202],[-87.902,43.22],[-87.906,43.232],[-87.907,43.267],[-87.879,43.343],[-87.872,43.374],[-87.808,43.466],[-87.793,43.506],[-87.804,43.538],[-87.798,43.562],[-87.788,43.582],[-87.726,43.663],[-87.701,43.709],[-87.708,43.716],[-87.702,43.727],[-87.703,43.73],[-87.708,43.737],[-87.699,43.748],[-87.696,43.757],[-87.697,43.767],[-87.701,43.778],[-87.723,43.807],[-87.725,43.812],[-87.732,43.823],[-87.733,43.849],[-87.724,43.925],[-87.721,43.935],[-87.703,43.957],[-87.701,43.966],[-87.698,43.991],[-87.69,44.012],[-87.638,44.1],[-87.622,44.117],[-87.608,44.126],[-87.55,44.148],[-87.531,44.162],[-87.514,44.179],[-87.501,44.199],[-87.496,44.22],[-87.502,44.236],[-87.543,44.278],[-87.55,44.313],[-87.548,44.324],[-87.539,44.344],[-87.533,44.359],[-87.519,44.381],[-87.516,44.391],[-87.514,44.414],[-87.485,44.526],[-87.466,44.57],[-87.44,44.607],[-87.392,44.651],[-87.383,44.671],[-87.369,44.687],[-87.365,44.693],[-87.364,44.704],[-87.36,44.716],[-87.329,44.782],[-87.328,44.804],[-87.348,44.813],[-87.371,44.819],[-87.39,44.833],[-87.419,44.868],[-87.45,44.886],[-87.473,44.876],[-87.493,44.864],[-87.516,44.875],[-87.555,44.845],[-87.57,44.837],[-87.565,44.855],[-87.59,44.856],[-87.618,44.844],[-87.643,44.827],[-87.66,44.813],[-87.696,44.772],[-87.728,44.724],[-87.72,44.708],[-87.73,44.692],[-87.747,44.677],[-87.756,44.665],[-87.767,44.657],[-87.838,44.634],[-87.883,44.61],[-87.904,44.594],[-87.913,44.576],[-87.922,44.553],[-87.944,44.542],[-87.971,44.541],[-87.995,44.545],[-88.013,44.554],[-88.033,44.568],[-88.043,44.581],[-88.033,44.586],[-88.024,44.616],[-88.02,44.638],[-88.015,44.647],[-88.008,44.654],[-87.999,44.667],[-87.992,44.671],[-87.989,44.675],[-87.995,44.691],[-87.995,44.696],[-87.988,44.72],[-87.983,44.729],[-87.972,44.741],[-87.95,44.755],[-87.939,44.764],[-87.934,44.775],[-87.932,44.786],[-87.927,44.799],[-87.92,44.811],[-87.913,44.821],[-87.858,44.866],[-87.841,44.894],[-87.852,44.922],[-87.823,44.949],[-87.777,44.963],[-87.687,44.977],[-87.666,44.984],[-87.649,44.993],[-87.637,45.007],[-87.632,45.028],[-87.633,45.05],[-87.633,45.061],[-87.629,45.069],[-87.602,45.099],[-87.598,45.108],[-87.607,45.152],[-87.604,45.173],[-87.56,45.191],[-87.345,45.423],[-87.339,45.434],[-87.333,45.458],[-87.328,45.467],[-87.308,45.483],[-87.3,45.491],[-87.282,45.539],[-87.271,45.555],[-87.236,45.593],[-87.213,45.61],[-87.174,45.669],[-87.155,45.68],[-87.112,45.69],[-87.094,45.7],[-87.08,45.732],[-87.077,45.734],[-87.071,45.779],[-87.056,45.818],[-87.043,45.838],[-87.026,45.847],[-87.018,45.858],[-86.999,45.909],[-86.988,45.923],[-86.971,45.923],[-86.965,45.913],[-86.965,45.899],[-86.968,45.889],[-86.976,45.875],[-86.996,45.852],[-87.002,45.841],[-87.002,45.823],[-86.996,45.809],[-86.988,45.797],[-86.982,45.786],[-86.98,45.769],[-86.988,45.721],[-86.984,45.705],[-86.974,45.693],[-86.965,45.69],[-86.961,45.7],[-86.953,45.707],[-86.914,45.716],[-86.888,45.719],[-86.871,45.724],[-86.857,45.731],[-86.851,45.741],[-86.844,45.756],[-86.817,45.785],[-86.817,45.8],[-86.805,45.806],[-86.795,45.813],[-86.788,45.822],[-86.783,45.834],[-86.792,45.855],[-86.779,45.865],[-86.757,45.868],[-86.738,45.868],[-86.702,45.849],[-86.677,45.842],[-86.656,45.851],[-86.642,45.864],[-86.627,45.875],[-86.61,45.883],[-86.591,45.889],[-86.57,45.892],[-86.557,45.89],[-86.548,45.882],[-86.536,45.868],[-86.569,45.802],[-86.567,45.792],[-86.563,45.79],[-86.562,45.786],[-86.563,45.781],[-86.567,45.779],[-86.574,45.78],[-86.587,45.785],[-86.594,45.786],[-86.618,45.786],[-86.629,45.785],[-86.63,45.782],[-86.629,45.777],[-86.634,45.768],[-86.637,45.756],[-86.639,45.752],[-86.643,45.75],[-86.648,45.749],[-86.654,45.748],[-86.659,45.745],[-86.669,45.716],[-86.676,45.707],[-86.709,45.685],[-86.712,45.674],[-86.701,45.655],[-86.69,45.645],[-86.659,45.628],[-86.642,45.616],[-86.632,45.611],[-86.622,45.608],[-86.611,45.613],[-86.611,45.623],[-86.615,45.634],[-86.618,45.639],[-86.619,45.644],[-86.624,45.653],[-86.625,45.659],[-86.623,45.667],[-86.616,45.668],[-86.609,45.667],[-86.604,45.669],[-86.584,45.705],[-86.569,45.719],[-86.537,45.727],[-86.532,45.734],[-86.53,45.744],[-86.529,45.755],[-86.524,45.762],[-86.512,45.764],[-86.488,45.765],[-86.447,45.779],[-86.441,45.783],[-86.433,45.795],[-86.426,45.8],[-86.411,45.803],[-86.374,45.807],[-86.358,45.814],[-86.35,45.82],[-86.358,45.827],[-86.331,45.883],[-86.298,45.927],[-86.252,45.955],[-86.08,45.974],[-86.042,45.971],[-85.978,45.955],[-85.919,45.93],[-85.923,45.953],[-85.916,45.968],[-85.897,45.976],[-85.79,45.987],[-85.662,45.985],[-85.645,45.992],[-85.631,46.007],[-85.611,46.039],[-85.546,46.098],[-85.525,46.107],[-85.446,46.102],[-85.415,46.114],[-85.405,46.115],[-85.394,46.11],[-85.382,46.102],[-85.37,46.095],[-85.361,46.098],[-85.339,46.109],[-85.318,46.104],[-85.282,46.08],[-85.261,46.075],[-85.193,46.074],[-85.171,46.069],[-85.118,46.046],[-85.021,46.025],[-85.004,46.015],[-84.968,45.984],[-84.956,45.978],[-84.947,45.972],[-84.925,45.943],[-84.915,45.936],[-84.895,45.935],[-84.871,45.928],[-84.852,45.917],[-84.843,45.899],[-84.824,45.88],[-84.781,45.862],[-84.734,45.857],[-84.706,45.875],[-84.724,45.882],[-84.732,45.902],[-84.728,45.923],[-84.713,45.936],[-84.724,45.943],[-84.73,45.953],[-84.729,45.965],[-84.719,45.978],[-84.706,45.986],[-84.695,45.987],[-84.688,45.991],[-84.678,46.044],[-84.657,46.056],[-84.628,46.053],[-84.596,46.039],[-84.576,46.048],[-84.556,46.042],[-84.541,46.027],[-84.535,46.008],[-84.534,45.995],[-84.53,45.991],[-84.521,45.992],[-84.517,45.994],[-84.502,46.003],[-84.494,46.005],[-84.466,45.985],[-84.46,46.006],[-84.453,46.014],[-84.397,46.009],[-84.373,45.995],[-84.356,45.992],[-84.356,45.994],[-84.349,45.999],[-84.341,46.003],[-84.333,46.005],[-84.32,46.003],[-84.299,45.994],[-84.289,45.992],[-84.223,45.993],[-84.022,45.964],[-84.014,45.961],[-84.004,45.958],[-83.994,45.962],[-83.985,45.968],[-83.973,45.971],[-83.919,45.976],[-83.904,45.971],[-83.903,45.982],[-83.9,45.992],[-83.891,46.012],[-83.908,46.015],[-83.921,46.023],[-83.933,46.032],[-83.946,46.039],[-83.966,46.043],[-83.983,46.044],[-83.997,46.048],[-84.014,46.06],[-84.049,46.093],[-84.055,46.102],[-84.055,46.117],[-84.047,46.127],[-84.037,46.137],[-84.028,46.149],[-84.042,46.149],[-84.053,46.153],[-84.076,46.162],[-84.082,46.163],[-84.097,46.161],[-84.104,46.162],[-84.108,46.167],[-84.117,46.183],[-84.136,46.188],[-84.166,46.191],[-84.193,46.19],[-84.205,46.18],[-84.217,46.174],[-84.239,46.19],[-84.258,46.213],[-84.258,46.224],[-84.235,46.229],[-84.203,46.25],[-84.179,46.252],[-84.189,46.27],[-84.215,46.296],[-84.22,46.317],[-84.224,46.355],[-84.23,46.374],[-84.237,46.382],[-84.268,46.433],[-84.28,46.459],[-84.319,46.495],[-84.336,46.507],[-84.359,46.514],[-84.383,46.516],[-84.405,46.512],[-84.423,46.503],[-84.46,46.464],[-84.49,46.447],[-84.529,46.43],[-84.57,46.424],[-84.603,46.437],[-84.594,46.458],[-84.618,46.484],[-84.657,46.502],[-84.689,46.495],[-84.715,46.479],[-84.75,46.467],[-84.786,46.46],[-84.82,46.457],[-84.835,46.46],[-84.878,46.478],[-84.915,46.485],[-84.922,46.487],[-84.936,46.502],[-84.946,46.506],[-84.959,46.505],[-84.992,46.494],[-85.008,46.492],[-85.027,46.497],[-85.04,46.505],[-85.048,46.518],[-85.056,46.533],[-85.028,46.556],[-85.018,46.573],[-85.031,46.607],[-85.013,46.724],[-85.008,46.739],[-84.994,46.751],[-84.977,46.759],[-84.961,46.769],[-84.953,46.786],[-84.976,46.784],[-85.018,46.775],[-85.039,46.773],[-85.123,46.78],[-85.2,46.775],[-85.293,46.755],[-85.476,46.69],[-85.522,46.684],[-85.861,46.709],[-85.892,46.704],[-85.899,46.711],[-85.926,46.699],[-86.091,46.675],[-86.119,46.679],[-86.146,46.691],[-86.283,46.622],[-86.396,46.586],[-86.437,46.562],[-86.473,46.558],[-86.488,46.553],[-86.533,46.527],[-86.546,46.516],[-86.595,46.466],[-86.626,46.444],[-86.659,46.437],[-86.657,46.442],[-86.654,46.453],[-86.652,46.457],[-86.681,46.458],[-86.702,46.461],[-86.72,46.47],[-86.738,46.488],[-86.76,46.501],[-86.78,46.496],[-86.81,46.471],[-86.83,46.463],[-86.858,46.457],[-86.882,46.46],[-86.892,46.475],[-86.897,46.483],[-86.908,46.485],[-86.921,46.485],[-86.93,46.488],[-86.961,46.519],[-86.966,46.529],[-86.967,46.535],[-86.97,46.54],[-86.982,46.547],[-86.994,46.552],[-87.008,46.553],[-87.022,46.551],[-87.033,46.544],[-87.042,46.539],[-87.055,46.538],[-87.081,46.54],[-87.086,46.536],[-87.103,46.518],[-87.111,46.512],[-87.136,46.511],[-87.183,46.517],[-87.226,46.502],[-87.348,46.517],[-87.374,46.527],[-87.388,46.547],[-87.393,46.597],[-87.397,46.604],[-87.407,46.609],[-87.459,46.626],[-87.469,46.635],[-87.468,46.65],[-87.486,46.659],[-87.506,46.673],[-87.522,46.691],[-87.529,46.708],[-87.539,46.717],[-87.585,46.752],[-87.598,46.766],[-87.614,46.809],[-87.63,46.829],[-87.65,46.824],[-87.661,46.82],[-87.668,46.829],[-87.677,46.851],[-87.684,46.852],[-87.709,46.847],[-87.721,46.848],[-87.731,46.855],[-87.741,46.873],[-87.749,46.882],[-87.758,46.885],[-87.77,46.884],[-87.779,46.885],[-87.783,46.892],[-87.796,46.901],[-87.903,46.921],[-88.064,46.931],[-88.119,46.928],[-88.199,46.912],[-88.215,46.899],[-88.224,46.878],[-88.246,46.857],[-88.273,46.84],[-88.297,46.835],[-88.297,46.841],[-88.276,46.861],[-88.259,46.888],[-88.239,46.913],[-88.184,46.933],[-88.154,46.953],[-88.144,46.97],[-88.173,46.972],[-88.189,46.967],[-88.235,46.944],[-88.279,46.914],[-88.31,46.904],[-88.339,46.881],[-88.355,46.876],[-88.389,46.873],[-88.4,46.866],[-88.386,46.854],[-88.441,46.8],[-88.475,46.774],[-88.489,46.78],[-88.485,46.786],[-88.476,46.79],[-88.466,46.794],[-88.458,46.797],[-88.456,46.803],[-88.459,46.809],[-88.48,46.838],[-88.483,46.848],[-88.479,46.858],[-88.473,46.867],[-88.469,46.877],[-88.47,46.886],[-88.476,46.895],[-88.463,46.913],[-88.452,46.936],[-88.444,46.96],[-88.441,46.982],[-88.447,47.001],[-88.461,47.02],[-88.479,47.036],[-88.496,47.047],[-88.503,47.047],[-88.509,47.042],[-88.516,47.041],[-88.524,47.047],[-88.524,47.051],[-88.518,47.062],[-88.51,47.089],[-88.508,47.101],[-88.513,47.112],[-88.535,47.125],[-88.587,47.13],[-88.613,47.136],[-88.635,47.151],[-88.637,47.168],[-88.631,47.188],[-88.626,47.214],[-88.636,47.237],[-88.659,47.238],[-88.684,47.228],[-88.852,47.129],[-88.88,47.119],[-88.887,47.115],[-88.907,47.086],[-88.911,47.082],[-88.916,47.073],[-88.952,47.031],[-88.969,47.019],[-88.979,47.016],[-89.01,47.013],[-89.05,47.001],[-89.061,46.999],[-89.11,47.007],[-89.131,47.006],[-89.154,46.992],[-89.227,46.936],[-89.308,46.893],[-89.398,46.864],[-89.794,46.83],[-89.835,46.816],[-90.018,46.697],[-90.06,46.68],[-90.237,46.64],[-90.29,46.617],[-90.302,46.615],[-90.335,46.613],[-90.362,46.609],[-90.387,46.6],[-90.435,46.576],[-90.454,46.577],[-90.497,46.594],[-90.57,46.607],[-90.662,46.645],[-90.736,46.695],[-90.757,46.704],[-90.75,46.7],[-90.73,46.684],[-90.741,46.685],[-90.752,46.683],[-90.762,46.68],[-90.771,46.676],[-90.771,46.67],[-90.736,46.67],[-90.755,46.651],[-90.781,46.637],[-90.901,46.602],[-90.93,46.598],[-90.956,46.607],[-90.944,46.627],[-90.927,46.647],[-90.863,46.701],[-90.858,46.712],[-90.862,46.723],[-90.87,46.732],[-90.874,46.742],[-90.872,46.759],[-90.866,46.781],[-90.854,46.799],[-90.836,46.807],[-90.819,46.816],[-90.794,46.862],[-90.777,46.876],[-90.782,46.885],[-90.785,46.889],[-90.762,46.898],[-90.764,46.906],[-90.777,46.913],[-90.785,46.92],[-90.789,46.939],[-90.799,46.946],[-90.829,46.944],[-90.835,46.947],[-90.837,46.953],[-90.837,46.96],[-90.839,46.964],[-90.848,46.968],[-90.857,46.97],[-90.877,46.972],[-90.884,46.969],[-90.889,46.962],[-90.892,46.954],[-90.895,46.95],[-90.904,46.947],[-90.915,46.945],[-90.936,46.944],[-90.944,46.945],[-90.959,46.949],[-90.966,46.95],[-90.976,46.948],[-90.982,46.944],[-90.986,46.94],[-90.99,46.937],[-91.033,46.923],[-91.045,46.916],[-91.049,46.91],[-91.051,46.903],[-91.054,46.898],[-91.062,46.895],[-91.082,46.895],[-91.091,46.893],[-91.099,46.889],[-91.115,46.867],[-91.128,46.859],[-91.148,46.868],[-91.146,46.874],[-91.146,46.876],[-91.148,46.878],[-91.148,46.882],[-91.168,46.868],[-91.19,46.862],[-91.204,46.867],[-91.196,46.889],[-91.225,46.884],[-91.275,46.853],[-91.353,46.818],[-91.401,46.786],[-91.415,46.794],[-91.49,46.773],[-91.57,46.764],[-91.793,46.706],[-91.939,46.69],[-91.963,46.691],[-92.027,46.714],[-92.042,46.717],[-92.059,46.724],[-92.083,46.74],[-92.104,46.758],[-92.114,46.773],[-92.095,46.804],[-92.048,46.834],[-91.957,46.876],[-91.897,46.912],[-91.86,46.921],[-91.798,46.95],[-91.746,46.993],[-91.712,47.003],[-91.655,47.033],[-91.649,47.039],[-91.639,47.054],[-91.634,47.06],[-91.624,47.064],[-91.61,47.067],[-91.598,47.073],[-91.593,47.085],[-91.582,47.097],[-91.511,47.122],[-91.012,47.493],[-90.949,47.512],[-90.792,47.616],[-90.533,47.712],[-90.396,47.742],[-90.346,47.746],[-90.329,47.75],[-90.288,47.768],[-90.085,47.811],[-89.743,47.931],[-89.725,47.941],[-89.693,47.967],[-89.665,47.976],[-89.648,47.995],[-89.636,47.999],[-89.607,47.992],[-89.59,47.991],[-89.578,47.999],[-89.578,48.002],[-89.578,48.013],[-89.564,48.02],[-89.541,48.023],[-89.52,48.029],[-89.51,48.044],[-89.5,48.052],[-89.46,48.051],[-89.462,48.061],[-89.435,48.071],[-89.419,48.08],[-89.423,48.086],[-89.455,48.089],[-89.433,48.102],[-89.332,48.123],[-89.335,48.127],[-89.336,48.13],[-89.339,48.133],[-89.345,48.136],[-89.305,48.167],[-89.294,48.186],[-89.304,48.205],[-89.298,48.212],[-89.274,48.202],[-89.266,48.214],[-89.27,48.256],[-89.268,48.264],[-89.261,48.275],[-89.253,48.283],[-89.246,48.287],[-89.241,48.292],[-89.229,48.322],[-89.218,48.328],[-89.211,48.326],[-89.206,48.326],[-89.202,48.342],[-89.214,48.365],[-89.219,48.369],[-89.238,48.379],[-89.237,48.401],[-89.227,48.426],[-89.216,48.445],[-89.189,48.467],[-89.149,48.484],[-88.817,48.57],[-88.78,48.588],[-88.763,48.583],[-88.758,48.567],[-88.774,48.544],[-88.838,48.486],[-88.846,48.451],[-88.851,48.44],[-88.857,48.432],[-88.858,48.423],[-88.852,48.41],[-88.861,48.404],[-88.863,48.396],[-88.863,48.389],[-88.866,48.383],[-88.876,48.38],[-88.885,48.382],[-88.895,48.383],[-88.907,48.376],[-88.916,48.365],[-88.93,48.336],[-88.941,48.322],[-88.93,48.315],[-88.925,48.32],[-88.921,48.329],[-88.914,48.335],[-88.904,48.337],[-88.883,48.335],[-88.872,48.335],[-88.803,48.351],[-88.769,48.369],[-88.748,48.374],[-88.73,48.384],[-88.723,48.407],[-88.719,48.427],[-88.71,48.451],[-88.687,48.492],[-88.698,48.507],[-88.681,48.513],[-88.64,48.52],[-88.635,48.533],[-88.626,48.605],[-88.621,48.625],[-88.606,48.634],[-88.585,48.637],[-88.561,48.636],[-88.547,48.645],[-88.544,48.664],[-88.549,48.685],[-88.558,48.699],[-88.548,48.708],[-88.535,48.713],[-88.509,48.719],[-88.532,48.729],[-88.542,48.743],[-88.544,48.761],[-88.544,48.784],[-88.539,48.792],[-88.528,48.802],[-88.515,48.811],[-88.496,48.819],[-88.493,48.829],[-88.492,48.841],[-88.489,48.849],[-88.468,48.857],[-88.442,48.856],[-88.364,48.843],[-88.348,48.828],[-88.338,48.808],[-88.331,48.788],[-88.327,48.781],[-88.322,48.774],[-88.319,48.766],[-88.317,48.753],[-88.32,48.742],[-88.329,48.72],[-88.331,48.708],[-88.339,48.694],[-88.5,48.575],[-88.544,48.555],[-88.558,48.54],[-88.577,48.508],[-88.591,48.492],[-88.585,48.493],[-88.571,48.492],[-88.564,48.492],[-88.571,48.476],[-88.566,48.463],[-88.559,48.449],[-88.558,48.432],[-88.516,48.445],[-88.525,48.454],[-88.521,48.464],[-88.503,48.479],[-88.499,48.478],[-88.494,48.475],[-88.488,48.474],[-88.482,48.479],[-88.482,48.486],[-88.487,48.49],[-88.494,48.494],[-88.496,48.499],[-88.492,48.516],[-88.485,48.522],[-88.475,48.526],[-88.462,48.534],[-88.439,48.567],[-88.427,48.575],[-88.421,48.556],[-88.408,48.549],[-88.39,48.551],[-88.373,48.561],[-88.368,48.566],[-88.365,48.573],[-88.359,48.579],[-88.349,48.582],[-88.324,48.582],[-88.313,48.586],[-88.304,48.595],[-88.326,48.611],[-88.335,48.638],[-88.33,48.657],[-88.311,48.65],[-88.303,48.636],[-88.299,48.623],[-88.292,48.613],[-88.273,48.609],[-88.269,48.614],[-88.228,48.643],[-88.232,48.631],[-88.25,48.61],[-88.255,48.595],[-88.226,48.597],[-88.203,48.614],[-88.167,48.658],[-88.123,48.695],[-88.109,48.711],[-88.109,48.721],[-88.114,48.731],[-88.119,48.746],[-88.117,48.759],[-88.109,48.789],[-88.109,48.798],[-88.118,48.805],[-88.214,48.849],[-88.241,48.865],[-88.263,48.89],[-88.251,48.908],[-88.243,48.917],[-88.241,48.926],[-88.249,48.945],[-88.269,48.975],[-88.271,48.99],[-88.255,49.0],[-88.25,48.984],[-88.239,48.974],[-88.224,48.972],[-88.208,48.979],[-88.193,48.972],[-88.177,48.973],[-88.161,48.979],[-88.146,48.986],[-88.137,48.992],[-88.131,48.999],[-88.124,49.004],[-88.112,49.006],[-88.104,49.005],[-88.089,48.995],[-88.081,48.993],[-88.069,48.999],[-88.05,49.026],[-88.036,49.028],[-88.031,49.022],[-88.03,49.013],[-88.033,49.007],[-88.036,49.006],[-88.036,49.004],[-88.037,48.996],[-88.036,48.993],[-88.033,48.992],[-88.018,48.991],[-88.013,48.989],[-87.999,48.98],[-87.97,48.965],[-87.958,48.955],[-87.942,48.947],[-87.923,48.946],[-87.904,48.947],[-87.885,48.945],[-87.879,48.942],[-87.866,48.934],[-87.859,48.931],[-87.85,48.93],[-87.793,48.934],[-87.782,48.928],[-87.79,48.911],[-87.766,48.91],[-87.724,48.914],[-87.701,48.911],[-87.673,48.9],[-87.667,48.897],[-87.664,48.891],[-87.664,48.875],[-87.66,48.87],[-87.639,48.864],[-87.622,48.869],[-87.607,48.877],[-87.591,48.883],[-87.576,48.883],[-87.562,48.878],[-87.556,48.867],[-87.565,48.849],[-87.544,48.837],[-87.518,48.838],[-87.464,48.849],[-87.437,48.844],[-87.391,48.817],[-87.365,48.808],[-87.318,48.808],[-87.31,48.8],[-87.3,48.779],[-87.293,48.774],[-87.242,48.767],[-87.226,48.769],[-87.187,48.78],[-87.101,48.78],[-87.079,48.784],[-87.057,48.791],[-87.042,48.793],[-87.032,48.789],[-87.024,48.783],[-87.015,48.78],[-86.997,48.785],[-86.998,48.792],[-87.004,48.8],[-87.002,48.808],[-86.988,48.814],[-86.977,48.813],[-86.967,48.807],[-86.957,48.798],[-86.939,48.784],[-86.915,48.773],[-86.872,48.76],[-86.854,48.759],[-86.841,48.761],[-86.81,48.774],[-86.759,48.787],[-86.742,48.794],[-86.725,48.812],[-86.717,48.815],[-86.709,48.813],[-86.702,48.808],[-86.697,48.803],[-86.694,48.801],[-86.635,48.794],[-86.618,48.788],[-86.632,48.746],[-86.615,48.747],[-86.567,48.739],[-86.558,48.74],[-86.553,48.742],[-86.543,48.746],[-86.539,48.749],[-86.538,48.753],[-86.537,48.757],[-86.536,48.76],[-86.532,48.761],[-86.52,48.759],[-86.457,48.774],[-86.428,48.773],[-86.434,48.753],[-86.404,48.753],[-86.391,48.75],[-86.385,48.743],[-86.389,48.731],[-86.396,48.73],[-86.4,48.727],[-86.393,48.712],[-86.391,48.712],[-86.375,48.702],[-86.37,48.696],[-86.365,48.681],[-86.361,48.674],[-86.351,48.665],[-86.34,48.659],[-86.327,48.657],[-86.31,48.658],[-86.313,48.649],[-86.318,48.641],[-86.324,48.634],[-86.33,48.63],[-86.286,48.605],[-86.267,48.587],[-86.269,48.568],[-86.259,48.553],[-86.251,48.511],[-86.245,48.496],[-86.234,48.481],[-86.226,48.464],[-86.223,48.447],[-86.228,48.432],[-86.179,48.397],[-86.19,48.391],[-86.192,48.383],[-86.188,48.375],[-86.179,48.369],[-86.186,48.351],[-86.178,48.335],[-86.152,48.307],[-86.142,48.288],[-86.129,48.251],[-86.118,48.232],[-86.111,48.227],[-86.104,48.222],[-86.099,48.216],[-86.097,48.202],[-86.077,48.163],[-86.016,48.112],[-86.008,48.108],[-86.002,48.089],[-85.945,48.066],[-85.94,48.047],[-85.909,48.033],[-85.899,48.026],[-85.892,48.019],[-85.875,47.996],[-85.859,47.985],[-85.743,47.952],[-85.533,47.926],[-85.424,47.927],[-85.279,47.958],[-84.929,47.972],[-84.921,47.968],[-84.912,47.954],[-84.902,47.951],[-84.899,47.953],[-84.895,47.958],[-84.888,47.963],[-84.878,47.965],[-84.859,47.961],[-84.845,47.95],[-84.839,47.935],[-84.843,47.917],[-84.85,47.911],[-84.878,47.897],[-84.891,47.881],[-84.898,47.875],[-84.925,47.862],[-84.936,47.851],[-84.939,47.834],[-84.934,47.823],[-84.921,47.812],[-84.906,47.803],[-84.891,47.801],[-84.902,47.788],[-84.933,47.761],[-84.943,47.742],[-84.951,47.739],[-84.97,47.739],[-84.977,47.735],[-84.984,47.727],[-84.994,47.711],[-84.97,47.7],[-84.972,47.688],[-84.997,47.667],[-85.003,47.653],[-85.007,47.634],[-85.014,47.621],[-85.028,47.622],[-85.02,47.606],[-85.0,47.591],[-84.977,47.579],[-84.956,47.574],[-84.95,47.569],[-84.946,47.546],[-84.942,47.54],[-84.936,47.537],[-84.915,47.519],[-84.905,47.512],[-84.827,47.489],[-84.806,47.486],[-84.796,47.482],[-84.771,47.465],[-84.727,47.445],[-84.71,47.43],[-84.697,47.392],[-84.682,47.372],[-84.67,47.368],[-84.64,47.37],[-84.627,47.365],[-84.62,47.355],[-84.603,47.321],[-84.598,47.316],[-84.59,47.312],[-84.583,47.305],[-84.583,47.293],[-84.589,47.282],[-84.599,47.278],[-84.61,47.276],[-84.62,47.27],[-84.672,47.205],[-84.679,47.201],[-84.688,47.198],[-84.697,47.194],[-84.7,47.187],[-84.699,47.182],[-84.696,47.178],[-84.696,47.174],[-84.7,47.164],[-84.706,47.16],[-84.715,47.157],[-84.723,47.153],[-84.727,47.146],[-84.724,47.139],[-84.713,47.119],[-84.71,47.115],[-84.709,47.109],[-84.718,47.095],[-84.731,47.081],[-84.76,47.068],[-84.77,47.053],[-84.773,47.035],[-84.768,47.019],[-84.788,47.006],[-84.777,46.988],[-84.752,46.971],[-84.73,46.964],[-84.689,46.964],[-84.671,46.962],[-84.663,46.957],[-84.659,46.948],[-84.652,46.937],[-84.632,46.919],[-84.621,46.912],[-84.609,46.909],[-84.594,46.91],[-84.593,46.915],[-84.597,46.924],[-84.593,46.934],[-84.573,46.946],[-84.553,46.946],[-84.532,46.941],[-84.508,46.937],[-84.46,46.943],[-84.437,46.941],[-84.395,46.912],[-84.375,46.903],[-84.36,46.893],[-84.356,46.876],[-84.36,46.873],[-84.377,46.848],[-84.389,46.84],[-84.398,46.838],[-84.422,46.841],[-84.45,46.852],[-84.463,46.854],[-84.478,46.853],[-84.487,46.85],[-84.496,46.845],[-84.539,46.832],[-84.549,46.827],[-84.544,46.811],[-84.543,46.786],[-84.548,46.762],[-84.559,46.752],[-84.566,46.741],[-84.561,46.717],[-84.546,46.697],[-84.521,46.697],[-84.511,46.711],[-84.504,46.732],[-84.494,46.751],[-84.477,46.759],[-84.459,46.754],[-84.442,46.741],[-84.429,46.725],[-84.425,46.711],[-84.434,46.694],[-84.49,46.659],[-84.563,46.601],[-84.576,46.586],[-84.588,46.563],[-84.589,46.542],[-84.546,46.527],[-84.533,46.512],[-84.521,46.496],[-84.508,46.485],[-84.494,46.481],[-84.477,46.48],[-84.468,46.485],[-84.474,46.499],[-84.455,46.513],[-84.434,46.521],[-84.413,46.525],[-84.383,46.527],[-84.364,46.532],[-84.353,46.533],[-84.342,46.531],[-84.317,46.521],[-84.302,46.519],[-84.258,46.527],[-84.219,46.542],[-84.18,46.553],[-84.13,46.547],[-84.116,46.542],[-84.109,46.538],[-84.096,46.519],[-84.078,46.504],[-84.073,46.494],[-84.079,46.481],[-84.085,46.473],[-84.088,46.456],[-84.095,46.443],[-84.096,46.438],[-84.096,46.426],[-84.099,46.419],[-84.106,46.415],[-84.114,46.412],[-84.117,46.409],[-84.114,46.371],[-84.083,46.345],[-84.039,46.33],[-83.906,46.333],[-83.885,46.341],[-83.883,46.337],[-83.877,46.328],[-83.873,46.308],[-83.833,46.3],[-83.747,46.293],[-83.713,46.279],[-83.701,46.277],[-83.614,46.287],[-83.603,46.287],[-83.589,46.28],[-83.569,46.258],[-83.561,46.252],[-83.548,46.251],[-83.518,46.258],[-83.5,46.259],[-83.388,46.235],[-83.314,46.227],[-83.244,46.209],[-83.178,46.201],[-83.153,46.195],[-83.129,46.194],[-83.102,46.205],[-83.076,46.191],[-83.046,46.183],[-82.983,46.177],[-82.971,46.179],[-82.946,46.188],[-82.932,46.19],[-82.708,46.2],[-82.63,46.224],[-82.638,46.21],[-82.676,46.192],[-82.691,46.177],[-82.669,46.169],[-82.536,46.183],[-82.474,46.202],[-82.444,46.205],[-82.444,46.197],[-82.451,46.186],[-82.435,46.187],[-82.4,46.197],[-82.337,46.194],[-82.321,46.197],[-82.317,46.19],[-82.315,46.183],[-82.352,46.185],[-82.363,46.183],[-82.376,46.179],[-82.379,46.177],[-82.355,46.166],[-82.321,46.156],[-82.309,46.156],[-82.3,46.158],[-82.292,46.161],[-82.284,46.162],[-82.26,46.161],[-82.232,46.155],[-82.207,46.146],[-82.188,46.132],[-82.178,46.127],[-82.155,46.128],[-82.135,46.119],[-82.125,46.124],[-82.116,46.131],[-82.109,46.136],[-82.087,46.134],[-82.013,46.115],[-81.719,46.108],[-81.719,46.102],[-81.767,46.078],[-81.781,46.059],[-81.774,46.033],[-81.762,46.019],[-81.756,46.023],[-81.752,46.036],[-81.739,46.055],[-81.741,46.059],[-81.744,46.064],[-81.746,46.07],[-81.742,46.073],[-81.711,46.074],[-81.682,46.077],[-81.669,46.082],[-81.664,46.091],[-81.661,46.106],[-81.652,46.118],[-81.638,46.126],[-81.623,46.128],[-81.595,46.108],[-81.577,46.103],[-81.558,46.102],[-81.546,46.098],[-81.552,46.079],[-81.54,46.067],[-81.581,46.052],[-81.666,46.034],[-81.705,46.018],[-81.608,46.038],[-81.506,46.046],[-81.539,46.036],[-81.611,46.03],[-81.643,46.018],[-81.626,46.013],[-81.607,46.011],[-81.567,46.012],[-81.586,45.993],[-81.677,45.951],[-81.642,45.956],[-81.54,46.005],[-81.504,46.018],[-81.489,46.02],[-81.496,46.008],[-81.509,45.993],[-81.507,45.984],[-81.493,45.982],[-81.473,45.985],[-81.462,45.989],[-81.453,45.993],[-81.444,45.997],[-81.43,45.998],[-81.418,45.996],[-81.396,45.987],[-81.261,45.966],[-81.227,45.97],[-81.195,45.98],[-81.163,45.998],[-81.18,46.012],[-81.203,46.009],[-81.225,45.997],[-81.239,45.985],[-81.246,45.992],[-81.215,46.009],[-81.179,46.018],[-81.156,46.01],[-81.163,45.978],[-81.176,45.945],[-81.162,45.936],[-81.06,45.956],[-81.02,45.957],[-80.953,45.944],[-80.931,45.944],[-80.923,45.946],[-80.904,45.955],[-80.903,45.957],[-80.893,45.954],[-80.878,45.941],[-80.869,45.936],[-80.852,45.933],[-80.834,45.936],[-80.819,45.943],[-80.807,45.957],[-80.802,45.942],[-80.801,45.928],[-80.798,45.917],[-80.787,45.91],[-80.787,45.913],[-80.783,45.92],[-80.776,45.927],[-80.769,45.93],[-80.758,45.929],[-80.753,45.927],[-80.749,45.923],[-80.745,45.916],[-80.739,45.901],[-80.734,45.872],[-80.725,45.861],[-80.706,45.855],[-80.688,45.854],[-80.68,45.852],[-80.691,45.841],[-80.695,45.842],[-80.705,45.844],[-80.714,45.844],[-80.718,45.837],[-80.717,45.829],[-80.712,45.825],[-80.705,45.823],[-80.697,45.82],[-80.688,45.818],[-80.679,45.82],[-80.673,45.819],[-80.668,45.802],[-80.665,45.799],[-80.661,45.796],[-80.657,45.792],[-80.651,45.787],[-80.642,45.783],[-80.636,45.777],[-80.64,45.769],[-80.645,45.761],[-80.646,45.753],[-80.645,45.746],[-80.643,45.737],[-80.634,45.723],[-80.619,45.712],[-80.603,45.703],[-80.587,45.697],[-80.602,45.692],[-80.609,45.691],[-80.609,45.683],[-80.599,45.683],[-80.59,45.682],[-80.574,45.676],[-80.58,45.662],[-80.573,45.651],[-80.559,45.645],[-80.525,45.639],[-80.518,45.63],[-80.52,45.617],[-80.526,45.601],[-80.512,45.598],[-80.509,45.589],[-80.509,45.579],[-80.506,45.573],[-80.493,45.572],[-80.481,45.576],[-80.469,45.583],[-80.458,45.587],[-80.446,45.587],[-80.434,45.587],[-80.424,45.588],[-80.417,45.594],[-80.416,45.603],[-80.422,45.612],[-80.437,45.628],[-80.417,45.627],[-80.406,45.617],[-80.396,45.587],[-80.391,45.578],[-80.388,45.574],[-80.385,45.569],[-80.383,45.559],[-80.382,45.547],[-80.383,45.541],[-80.386,45.535],[-80.395,45.497],[-80.395,45.481],[-80.389,45.463],[-80.361,45.436],[-80.355,45.422],[-80.369,45.409],[-80.363,45.399],[-80.355,45.391],[-80.345,45.385],[-80.334,45.382],[-80.329,45.395],[-80.328,45.41],[-80.332,45.424],[-80.341,45.436],[-80.33,45.437],[-80.32,45.436],[-80.309,45.433],[-80.3,45.43],[-80.31,45.416],[-80.311,45.404],[-80.307,45.378],[-80.3,45.366],[-80.285,45.364],[-80.255,45.367],[-80.244,45.364],[-80.229,45.351],[-80.182,45.341],[-80.168,45.342],[-80.163,45.351],[-80.168,45.359],[-80.178,45.364],[-80.187,45.37],[-80.19,45.382],[-80.184,45.394],[-80.171,45.402],[-80.142,45.409],[-80.114,45.411],[-80.085,45.405],[-80.065,45.391],[-80.067,45.367],[-80.054,45.362],[-80.045,45.352],[-80.038,45.339],[-80.033,45.326],[-80.073,45.279],[-80.084,45.272],[-80.106,45.265],[-80.124,45.251],[-80.128,45.235],[-80.108,45.224],[-80.114,45.213],[-80.115,45.204],[-80.111,45.196],[-80.101,45.19],[-80.097,45.199],[-80.091,45.204],[-80.078,45.213],[-80.066,45.218],[-80.06,45.212],[-80.054,45.202],[-80.047,45.197],[-80.037,45.196],[-80.03,45.195],[-80.024,45.193],[-80.019,45.19],[-80.018,45.186],[-80.002,45.165],[-79.998,45.162],[-80.004,45.137],[-80.031,45.128],[-80.067,45.128],[-80.101,45.135],[-80.096,45.124],[-80.088,45.116],[-80.079,45.111],[-80.067,45.108],[-80.075,45.106],[-80.078,45.105],[-80.081,45.101],[-80.074,45.097],[-80.061,45.085],[-80.054,45.08],[-80.014,45.07],[-80.002,45.062],[-79.998,45.054],[-79.998,45.045],[-79.996,45.035],[-79.985,45.025],[-79.973,45.022],[-79.943,45.02],[-79.933,45.015],[-79.928,44.998],[-79.93,44.978],[-79.927,44.961],[-79.909,44.95],[-79.898,44.952],[-79.873,44.963],[-79.868,44.96],[-79.863,44.954],[-79.851,44.949],[-79.838,44.945],[-79.827,44.943],[-79.835,44.925],[-79.832,44.915],[-79.813,44.901],[-79.807,44.898],[-79.801,44.899],[-79.796,44.897],[-79.793,44.888],[-79.796,44.884],[-79.805,44.879],[-79.815,44.876],[-79.821,44.875],[-79.805,44.869],[-79.791,44.866],[-79.78,44.861],[-79.772,44.847],[-79.775,44.835],[-79.782,44.828],[-79.783,44.821],[-79.766,44.813],[-79.739,44.813],[-79.718,44.828],[-79.715,44.849],[-79.738,44.868],[-79.696,44.885],[-79.691,44.888],[-79.682,44.878],[-79.68,44.862],[-79.682,44.847],[-79.687,44.837],[-79.713,44.816],[-79.724,44.802],[-79.721,44.789],[-79.706,44.78],[-79.671,44.768],[-79.663,44.758],[-79.739,44.755],[-79.765,44.767],[-79.776,44.765],[-79.793,44.758],[-79.799,44.76],[-79.799,44.765],[-79.799,44.769],[-79.803,44.771],[-79.873,44.769],[-79.882,44.771],[-79.882,44.781],[-79.876,44.795],[-79.875,44.808],[-79.886,44.813],[-79.927,44.813],[-79.942,44.815],[-79.942,44.819],[-79.936,44.826],[-79.93,44.833],[-79.925,44.838],[-79.919,44.843],[-79.916,44.85],[-79.923,44.861],[-79.934,44.867],[-79.947,44.869],[-79.986,44.867],[-80.006,44.862],[-80.016,44.861],[-80.028,44.857],[-80.035,44.846],[-80.04,44.835],[-80.046,44.827],[-80.061,44.819],[-80.068,44.821],[-80.075,44.825],[-80.088,44.827],[-80.1,44.825],[-80.108,44.822],[-80.113,44.816],[-80.115,44.802],[-80.114,44.775],[-80.108,44.76],[-80.093,44.752],[-80.067,44.744],[-80.048,44.735],[-80.009,44.709],[-79.995,44.703],[-79.992,44.693],[-80.005,44.627],[-80.005,44.549],[-80.013,44.531],[-80.031,44.515],[-80.067,44.491],[-80.109,44.475],[-80.151,44.487],[-80.195,44.509],[-80.245,44.525],[-80.324,44.532],[-80.366,44.552],[-80.426,44.559],[-80.451,44.566],[-80.495,44.599],[-80.512,44.607],[-80.536,44.61],[-80.557,44.61],[-80.577,44.612],[-80.598,44.624],[-80.616,44.656],[-80.624,44.691],[-80.639,44.718],[-80.681,44.73],[-80.763,44.719],[-80.826,44.69],[-80.937,44.593],[-80.943,44.629],[-80.889,44.752],[-80.897,44.791],[-80.935,44.811],[-80.985,44.815],[-81.033,44.806],[-81.078,44.784],[-81.119,44.755],[-81.127,44.753],[-81.132,44.763],[-81.131,44.777],[-81.126,44.789],[-81.118,44.795],[-81.052,44.822],[-81.037,44.831],[-81.007,44.861],[-81.001,44.869],[-80.998,44.878],[-81.0,44.889],[-81.007,44.911],[-81.006,44.922],[-80.988,44.94],[-80.962,44.957],[-80.953,44.971],[-80.985,44.977],[-81.008,44.975],[-81.032,44.966],[-81.044,44.951],[-81.033,44.929],[-81.05,44.928],[-81.071,44.91],[-81.088,44.909],[-81.087,44.925],[-81.105,44.925],[-81.149,44.915],[-81.149,44.922],[-81.126,44.937],[-81.113,44.952],[-81.117,44.965],[-81.201,44.977],[-81.204,44.981],[-81.192,45.002],[-81.191,45.011],[-81.21,45.018],[-81.235,45.008],[-81.257,45.002],[-81.266,45.022],[-81.263,45.089],[-81.266,45.108],[-81.281,45.123],[-81.301,45.134],[-81.32,45.149],[-81.328,45.172],[-81.32,45.192],[-81.286,45.22],[-81.28,45.238],[-81.302,45.252],[-81.607,45.252],[-81.629,45.258],[-81.629,45.272],[-81.64,45.279],[-81.65,45.277],[-81.671,45.265],[-81.693,45.265],[-81.698,45.26],[-81.691,45.244],[-81.714,45.239],[-81.719,45.224],[-81.71,45.21],[-81.694,45.203],[-81.67,45.211],[-81.656,45.211],[-81.65,45.2],[-81.644,45.195],[-81.614,45.19],[-81.602,45.182],[-81.595,45.187],[-81.575,45.197],[-81.577,45.185],[-81.589,45.167],[-81.595,45.156],[-81.573,45.153],[-81.545,45.122],[-81.523,45.115],[-81.522,45.11],[-81.506,45.087],[-81.498,45.08],[-81.491,45.078],[-81.487,45.075],[-81.486,45.062],[-81.481,45.058],[-81.463,45.05],[-81.458,45.043],[-81.457,45.035],[-81.434,44.99],[-81.427,44.982],[-81.424,44.987],[-81.422,44.999],[-81.416,45.002],[-81.409,44.998],[-81.404,44.991],[-81.392,45.0],[-81.381,45.004],[-81.37,45.002],[-81.363,44.991],[-81.366,44.988],[-81.371,44.982],[-81.376,44.977],[-81.369,44.978],[-81.355,44.977],[-81.348,44.977],[-81.357,44.955],[-81.364,44.92],[-81.362,44.889],[-81.345,44.875],[-81.33,44.871],[-81.328,44.861],[-81.328,44.848],[-81.322,44.833],[-81.311,44.827],[-81.288,44.821],[-81.28,44.813],[-81.286,44.789],[-81.277,44.753],[-81.274,44.721],[-81.3,44.703],[-81.279,44.677],[-81.27,44.663],[-81.266,44.645],[-81.27,44.624],[-81.28,44.607],[-81.379,44.515],[-81.389,44.497],[-81.4,44.457],[-81.41,44.442],[-81.43,44.434],[-81.477,44.428],[-81.496,44.419],[-81.54,44.366],[-81.554,44.354],[-81.564,44.35],[-81.573,44.349],[-81.581,44.347],[-81.588,44.34],[-81.594,44.327],[-81.593,44.317],[-81.59,44.307],[-81.588,44.296],[-81.591,44.28],[-81.616,44.223],[-81.661,44.158],[-81.723,44.117],[-81.739,44.1],[-81.743,44.084],[-81.729,44.0],[-81.711,43.942],[-81.711,43.919],[-81.719,43.857],[-81.722,43.684],[-81.699,43.515],[-81.702,43.472],[-81.711,43.428],[-81.731,43.382],[-81.753,43.35],[-81.782,43.325],[-81.88,43.257],[-81.908,43.248],[-81.951,43.227],[-81.975,43.226],[-81.986,43.223],[-82.006,43.212],[-82.096,43.119],[-82.116,43.106],[-82.152,43.089],[-82.377,43.022],[-82.417,43.017],[-82.425,43.024],[-82.432,43.039],[-82.459,43.083],[-82.469,43.092],[-82.476,43.102],[-82.527,43.277],[-82.547,43.451],[-82.58,43.528],[-82.637,43.812],[-82.673,43.87],[-82.678,43.884],[-82.681,43.905],[-82.689,43.921],[-82.743,43.981],[-82.775,44.006],[-82.812,44.026],[-82.923,44.07],[-82.949,44.072],[-82.968,44.07],[-83.018,44.058],[-83.034,44.052],[-83.069,44.022],[-83.087,44.014],[-83.12,44.011],[-83.132,44.008],[-83.156,43.994],[-83.168,43.991],[-83.24,43.989],[-83.25,43.987],[-83.258,43.983],[-83.267,43.976],[-83.297,43.946],[-83.302,43.939],[-83.316,43.931],[-83.405,43.922],[-83.386,43.917],[-83.366,43.916],[-83.348,43.914],[-83.336,43.901],[-83.371,43.873],[-83.389,43.854],[-83.397,43.836],[-83.404,43.814]],[[-86.995,45.224],[-86.982,45.244],[-86.988,45.254],[-86.992,45.262],[-86.992,45.271],[-86.988,45.279],[-86.983,45.292],[-86.99,45.296],[-87.015,45.292],[-87.046,45.292],[-87.058,45.297],[-87.071,45.306],[-87.078,45.3],[-87.082,45.293],[-87.084,45.285],[-87.084,45.275],[-87.088,45.27],[-87.096,45.268],[-87.106,45.267],[-87.111,45.265],[-87.129,45.221],[-87.131,45.207],[-87.139,45.197],[-87.173,45.188],[-87.18,45.179],[-87.187,45.168],[-87.203,45.169],[-87.222,45.174],[-87.235,45.175],[-87.249,45.166],[-87.259,45.15],[-87.267,45.131],[-87.271,45.098],[-87.276,45.088],[-87.29,45.073],[-87.29,45.069],[-87.289,45.057],[-87.29,45.053],[-87.294,45.052],[-87.306,45.054],[-87.31,45.053],[-87.369,45.0],[-87.393,44.965],[-87.406,44.922],[-87.399,44.883],[-87.374,44.845],[-87.337,44.82],[-87.296,44.821],[-87.28,44.83],[-87.232,44.878],[-87.224,44.888],[-87.219,44.907],[-87.215,44.915],[-87.205,44.922],[-87.183,44.929],[-87.174,44.937],[-87.197,44.955],[-87.184,44.986],[-87.139,45.039],[-87.13,45.06],[-87.123,45.069],[-87.111,45.073],[-87.104,45.071],[-87.095,45.068],[-87.088,45.066],[-87.084,45.069],[-87.085,45.088],[-87.083,45.092],[-87.077,45.101],[-87.072,45.104],[-87.064,45.105],[-87.056,45.107],[-87.049,45.115],[-87.088,45.143],[-87.098,45.156],[-87.084,45.16],[-87.071,45.158],[-87.043,45.149],[-87.046,45.158],[-87.055,45.173],[-87.057,45.182],[-87.055,45.192],[-87.043,45.224],[-87.047,45.23],[-87.055,45.236],[-87.057,45.241],[-87.043,45.244],[-87.033,45.242],[-86.995,45.224]],[[-82.255,46.04],[-82.266,46.033],[-82.256,46.021],[-82.232,46.008],[-82.208,45.999],[-82.191,45.998],[-82.203,46.015],[-82.21,46.053],[-82.225,46.06],[-82.239,46.057],[-82.247,46.049],[-82.255,46.04]],[[-84.367,45.775],[-84.356,45.786],[-84.389,45.793],[-84.401,45.8],[-84.405,45.814],[-84.42,45.827],[-84.425,45.821],[-84.426,45.809],[-84.432,45.8],[-84.442,45.8],[-84.466,45.811],[-84.532,45.822],[-84.559,45.824],[-84.583,45.814],[-84.569,45.802],[-84.521,45.772],[-84.488,45.744],[-84.474,45.737],[-84.456,45.734],[-84.435,45.732],[-84.414,45.733],[-84.398,45.737],[-84.385,45.747],[-84.367,45.775]],[[-86.091,45.032],[-86.077,45.046],[-86.086,45.047],[-86.095,45.05],[-86.104,45.054],[-86.111,45.059],[-86.129,45.055],[-86.144,45.042],[-86.15,45.025],[-86.146,45.011],[-86.124,45.002],[-86.106,45.013],[-86.091,45.032]],[[-89.15,48.249],[-89.174,48.24],[-89.17,48.232],[-89.166,48.227],[-89.161,48.222],[-89.154,48.218],[-89.142,48.225],[-89.135,48.222],[-89.131,48.215],[-89.126,48.212],[-89.114,48.214],[-89.037,48.244],[-89.023,48.253],[-89.046,48.259],[-89.056,48.265],[-89.065,48.273],[-89.099,48.274],[-89.116,48.271],[-89.129,48.263],[-89.139,48.255],[-89.15,48.249]],[[-88.636,48.035],[-88.595,48.06],[-88.591,48.064],[-88.593,48.072],[-88.598,48.09],[-88.599,48.095],[-88.576,48.116],[-88.503,48.146],[-88.476,48.163],[-88.463,48.174],[-88.458,48.179],[-88.455,48.185],[-88.466,48.175],[-88.48,48.169],[-88.509,48.163],[-88.505,48.172],[-88.497,48.179],[-88.476,48.191],[-88.55,48.162],[-88.571,48.15],[-88.588,48.155],[-88.62,48.145],[-88.633,48.15],[-88.709,48.108],[-88.709,48.123],[-88.74,48.101],[-88.787,48.077],[-88.833,48.061],[-88.859,48.061],[-88.878,48.048],[-88.903,48.037],[-88.928,48.032],[-88.948,48.034],[-88.983,48.016],[-89.124,47.965],[-89.216,47.917],[-89.205,47.906],[-89.188,47.906],[-89.154,47.917],[-89.154,47.91],[-89.192,47.896],[-89.202,47.89],[-89.216,47.866],[-89.214,47.857],[-89.211,47.857],[-89.207,47.858],[-89.202,47.855],[-89.183,47.838],[-89.161,47.833],[-89.138,47.835],[-88.967,47.891],[-88.914,47.897],[-88.914,47.903],[-89.003,47.903],[-88.99,47.915],[-88.952,47.931],[-88.948,47.938],[-88.687,48.013],[-88.636,48.035]],[[-86.854,45.387],[-86.853,45.404],[-86.864,45.416],[-86.883,45.417],[-86.903,45.411],[-86.92,45.41],[-86.933,45.423],[-86.944,45.431],[-86.953,45.423],[-86.958,45.408],[-86.961,45.392],[-86.957,45.366],[-86.96,45.357],[-86.974,45.347],[-86.965,45.343],[-86.952,45.343],[-86.927,45.347],[-86.864,45.341],[-86.869,45.35],[-86.872,45.354],[-86.862,45.37],[-86.854,45.387]],[[-86.604,46.473],[-86.598,46.485],[-86.602,46.497],[-86.615,46.498],[-86.63,46.496],[-86.639,46.499],[-86.639,46.507],[-86.633,46.516],[-86.618,46.533],[-86.628,46.553],[-86.635,46.561],[-86.645,46.566],[-86.669,46.572],[-86.688,46.567],[-86.699,46.554],[-86.701,46.533],[-86.698,46.523],[-86.693,46.516],[-86.687,46.509],[-86.68,46.499],[-86.676,46.486],[-86.677,46.479],[-86.676,46.475],[-86.666,46.471],[-86.66,46.471],[-86.657,46.482],[-86.652,46.485],[-86.647,46.482],[-86.642,46.478],[-86.638,46.473],[-86.639,46.471],[-86.617,46.469],[-86.604,46.473]],[[-83.893,46.104],[-83.886,46.149],[-83.87,46.162],[-83.852,46.157],[-83.832,46.145],[-83.815,46.143],[-83.802,46.186],[-83.79,46.205],[-83.782,46.223],[-83.788,46.238],[-83.795,46.24],[-83.804,46.237],[-83.814,46.236],[-83.826,46.242],[-83.837,46.255],[-83.841,46.263],[-83.843,46.269],[-83.85,46.271],[-83.891,46.272],[-83.9,46.277],[-83.925,46.3],[-83.947,46.301],[-83.967,46.307],[-83.986,46.31],[-84.024,46.296],[-84.048,46.3],[-84.083,46.313],[-84.102,46.317],[-84.106,46.313],[-84.11,46.3],[-84.109,46.293],[-84.106,46.284],[-84.103,46.276],[-84.1,46.272],[-84.078,46.224],[-84.069,46.211],[-84.004,46.159],[-83.996,46.149],[-83.993,46.14],[-83.992,46.131],[-83.987,46.121],[-83.981,46.116],[-83.965,46.106],[-83.959,46.102],[-83.953,46.09],[-83.952,46.081],[-83.949,46.076],[-83.935,46.074],[-83.926,46.077],[-83.907,46.091],[-83.901,46.095],[-83.893,46.104]],[[-90.771,46.944],[-90.74,46.926],[-90.73,46.916],[-90.71,46.924],[-90.701,46.931],[-90.702,46.941],[-90.716,46.957],[-90.723,46.961],[-90.741,46.967],[-90.751,46.972],[-90.755,46.964],[-90.759,46.957],[-90.764,46.95],[-90.771,46.944]],[[-84.384,45.958],[-84.343,45.957],[-84.349,45.968],[-84.358,45.976],[-84.37,45.979],[-84.384,45.978],[-84.378,45.991],[-84.384,45.998],[-84.411,46.005],[-84.425,45.995],[-84.432,45.992],[-84.432,45.985],[-84.424,45.984],[-84.42,45.982],[-84.417,45.98],[-84.411,45.978],[-84.425,45.971],[-84.402,45.962],[-84.384,45.958]],[[-90.531,46.95],[-90.531,46.965],[-90.547,46.967],[-90.585,46.957],[-90.635,46.949],[-90.648,46.944],[-90.664,46.927],[-90.656,46.921],[-90.601,46.924],[-90.583,46.923],[-90.567,46.918],[-90.552,46.909],[-90.557,46.924],[-90.552,46.935],[-90.542,46.943],[-90.531,46.95]],[[-81.806,45.459],[-81.768,45.464],[-81.735,45.488],[-81.711,45.526],[-81.709,45.529],[-81.707,45.532],[-81.705,45.535],[-81.705,45.539],[-81.775,45.529],[-81.79,45.522],[-81.796,45.516],[-81.805,45.51],[-81.815,45.506],[-81.824,45.504],[-81.837,45.482],[-81.842,45.477],[-81.806,45.459]],[[-85.448,45.802],[-85.446,45.806],[-85.447,45.813],[-85.453,45.814],[-85.46,45.812],[-85.467,45.814],[-85.482,45.824],[-85.501,45.834],[-85.505,45.835],[-85.508,45.836],[-85.511,45.837],[-85.514,45.841],[-85.518,45.82],[-85.506,45.805],[-85.485,45.796],[-85.464,45.792],[-85.458,45.794],[-85.452,45.797],[-85.448,45.802]],[[-83.213,45.948],[-83.226,45.93],[-83.225,45.887],[-83.184,45.874],[-83.128,45.874],[-83.082,45.868],[-83.061,45.857],[-83.055,45.855],[-83.044,45.854],[-83.033,45.852],[-83.02,45.843],[-83.011,45.841],[-82.966,45.84],[-82.949,45.832],[-82.952,45.814],[-82.922,45.811],[-82.892,45.803],[-82.864,45.801],[-82.842,45.814],[-82.832,45.805],[-82.821,45.802],[-82.809,45.802],[-82.795,45.8],[-82.789,45.798],[-82.774,45.789],[-82.766,45.788],[-82.755,45.798],[-82.746,45.8],[-82.729,45.79],[-82.718,45.785],[-82.713,45.789],[-82.708,45.797],[-82.696,45.798],[-82.684,45.795],[-82.675,45.789],[-82.656,45.774],[-82.633,45.766],[-82.532,45.75],[-82.508,45.741],[-82.471,45.712],[-82.453,45.705],[-82.339,45.695],[-82.333,45.689],[-82.33,45.681],[-82.325,45.673],[-82.314,45.668],[-82.303,45.671],[-82.291,45.676],[-82.28,45.676],[-82.273,45.67],[-82.261,45.65],[-82.253,45.642],[-82.208,45.628],[-82.202,45.625],[-82.184,45.611],[-82.174,45.608],[-82.119,45.609],[-82.099,45.601],[-82.102,45.581],[-82.09,45.581],[-82.08,45.577],[-82.073,45.57],[-82.068,45.559],[-82.059,45.564],[-82.049,45.566],[-82.027,45.567],[-82.016,45.568],[-82.01,45.573],[-82.007,45.579],[-81.994,45.594],[-81.99,45.601],[-81.984,45.606],[-81.937,45.614],[-81.905,45.638],[-81.875,45.665],[-81.842,45.687],[-81.797,45.697],[-81.79,45.699],[-81.78,45.704],[-81.77,45.707],[-81.76,45.704],[-81.753,45.695],[-81.753,45.686],[-81.759,45.679],[-81.789,45.67],[-81.813,45.642],[-81.847,45.631],[-81.862,45.622],[-81.886,45.597],[-81.9,45.588],[-81.909,45.587],[-81.911,45.594],[-81.903,45.608],[-81.929,45.602],[-81.956,45.591],[-81.979,45.577],[-81.993,45.559],[-81.97,45.558],[-81.948,45.565],[-81.931,45.569],[-81.914,45.539],[-81.892,45.529],[-81.865,45.524],[-81.842,45.526],[-81.822,45.533],[-81.805,45.546],[-81.757,45.601],[-81.746,45.608],[-81.736,45.611],[-81.724,45.611],[-81.718,45.613],[-81.726,45.622],[-81.71,45.646],[-81.65,45.704],[-81.664,45.71],[-81.622,45.74],[-81.613,45.745],[-81.605,45.752],[-81.596,45.768],[-81.589,45.787],[-81.588,45.8],[-81.606,45.806],[-81.711,45.8],[-81.696,45.818],[-81.676,45.837],[-81.66,45.86],[-81.657,45.889],[-81.666,45.905],[-81.68,45.909],[-81.695,45.903],[-81.754,45.849],[-81.765,45.828],[-81.787,45.797],[-81.793,45.779],[-81.792,45.759],[-81.789,45.745],[-81.792,45.739],[-81.808,45.745],[-81.82,45.76],[-81.83,45.768],[-81.834,45.769],[-81.846,45.792],[-81.849,45.803],[-81.843,45.82],[-81.83,45.84],[-81.82,45.862],[-81.821,45.882],[-81.841,45.893],[-81.898,45.896],[-81.91,45.906],[-81.905,45.925],[-81.896,45.939],[-81.895,45.953],[-81.91,45.971],[-81.954,45.988],[-82.001,45.985],[-82.048,45.968],[-82.088,45.944],[-82.101,45.932],[-82.114,45.915],[-82.125,45.896],[-82.129,45.878],[-82.14,45.855],[-82.161,45.845],[-82.176,45.848],[-82.171,45.868],[-82.187,45.883],[-82.207,45.905],[-82.221,45.93],[-82.219,45.951],[-82.237,45.946],[-82.262,45.935],[-82.285,45.931],[-82.294,45.947],[-82.294,45.974],[-82.298,45.988],[-82.31,45.99],[-82.395,45.972],[-82.414,45.971],[-82.435,45.965],[-82.446,45.952],[-82.456,45.937],[-82.472,45.923],[-82.471,45.937],[-82.477,45.947],[-82.49,45.953],[-82.507,45.951],[-82.516,45.944],[-82.53,45.924],[-82.541,45.916],[-82.554,45.912],[-82.581,45.909],[-82.589,45.902],[-82.592,45.889],[-82.584,45.881],[-82.57,45.877],[-82.554,45.875],[-82.556,45.87],[-82.56,45.859],[-82.562,45.854],[-82.532,45.861],[-82.518,45.858],[-82.507,45.847],[-82.508,45.827],[-82.523,45.806],[-82.54,45.792],[-82.548,45.796],[-82.55,45.808],[-82.555,45.819],[-82.568,45.834],[-82.575,45.839],[-82.586,45.846],[-82.598,45.852],[-82.609,45.854],[-82.616,45.85],[-82.626,45.841],[-82.637,45.834],[-82.647,45.837],[-82.653,45.847],[-82.656,45.857],[-82.66,45.865],[-82.668,45.868],[-82.69,45.863],[-82.74,45.846],[-82.76,45.847],[-82.764,45.853],[-82.772,45.876],[-82.773,45.885],[-82.779,45.891],[-82.815,45.899],[-82.838,45.916],[-82.837,45.931],[-82.826,45.948],[-82.815,45.971],[-82.811,45.984],[-82.81,45.993],[-82.815,45.997],[-82.832,45.998],[-82.844,45.995],[-82.859,45.981],[-82.867,45.978],[-82.91,45.976],[-82.934,45.971],[-82.952,45.964],[-82.956,45.957],[-82.959,45.948],[-82.964,45.94],[-82.976,45.936],[-82.996,45.938],[-83.004,45.941],[-83.007,45.947],[-83.013,45.955],[-83.027,45.961],[-83.043,45.965],[-83.055,45.964],[-83.065,45.959],[-83.07,45.952],[-83.074,45.944],[-83.082,45.936],[-83.089,45.931],[-83.1,45.925],[-83.111,45.925],[-83.116,45.94],[-83.118,45.953],[-83.124,45.959],[-83.132,45.962],[-83.14,45.967],[-83.164,45.976],[-83.19,45.966],[-83.213,45.948]],[[-86.956,48.641],[-86.947,48.654],[-86.954,48.671],[-86.961,48.673],[-86.975,48.676],[-86.982,48.678],[-86.994,48.665],[-87.031,48.662],[-87.046,48.654],[-87.046,48.642],[-87.027,48.637],[-86.988,48.636],[-86.995,48.623],[-86.956,48.641]],[[-85.611,47.739],[-85.591,47.752],[-85.594,47.763],[-85.61,47.773],[-85.694,47.798],[-85.714,47.801],[-85.734,47.808],[-85.859,47.803],[-85.882,47.793],[-85.926,47.766],[-85.954,47.759],[-85.955,47.754],[-85.955,47.747],[-85.953,47.741],[-85.95,47.739],[-85.947,47.737],[-85.943,47.732],[-85.938,47.727],[-85.93,47.725],[-85.922,47.724],[-85.907,47.72],[-85.832,47.716],[-85.804,47.721],[-85.775,47.732],[-85.756,47.721],[-85.733,47.718],[-85.709,47.72],[-85.67,47.728],[-85.662,47.731],[-85.655,47.736],[-85.646,47.74],[-85.622,47.738],[-85.611,47.739]],[[-81.713,45.3],[-81.698,45.32],[-81.708,45.319],[-81.715,45.32],[-81.721,45.323],[-81.726,45.326],[-81.729,45.328],[-81.733,45.328],[-81.736,45.33],[-81.739,45.334],[-81.745,45.326],[-81.751,45.323],[-81.767,45.32],[-81.731,45.301],[-81.713,45.3]],[[-90.585,46.849],[-90.584,46.859],[-90.6,46.876],[-90.62,46.873],[-90.677,46.853],[-90.689,46.845],[-90.701,46.832],[-90.777,46.8],[-90.797,46.779],[-90.796,46.763],[-90.782,46.757],[-90.737,46.78],[-90.682,46.79],[-90.668,46.807],[-90.686,46.809],[-90.676,46.821],[-90.652,46.834],[-90.627,46.841],[-90.601,46.843],[-90.585,46.849]],[[-87.465,48.764],[-87.447,48.788],[-87.502,48.801],[-87.523,48.801],[-87.509,48.775],[-87.487,48.761],[-87.465,48.764]],[[-87.67,48.748],[-87.606,48.76],[-87.653,48.794],[-87.676,48.829],[-87.687,48.842],[-87.707,48.846],[-87.728,48.846],[-87.746,48.84],[-87.756,48.828],[-87.755,48.819],[-87.75,48.807],[-87.744,48.798],[-87.738,48.794],[-87.725,48.792],[-87.723,48.786],[-87.728,48.774],[-87.734,48.773],[-87.746,48.765],[-87.751,48.757],[-87.738,48.753],[-87.694,48.746],[-87.67,48.748]],[[-85.833,45.399],[-85.827,45.416],[-85.835,45.433],[-85.85,45.447],[-85.87,45.461],[-85.875,45.463],[-85.879,45.462],[-85.885,45.457],[-85.842,45.404],[-85.833,45.399]],[[-85.488,45.635],[-85.488,45.65],[-85.498,45.678],[-85.501,45.694],[-85.499,45.705],[-85.496,45.716],[-85.496,45.726],[-85.501,45.737],[-85.506,45.745],[-85.505,45.753],[-85.499,45.759],[-85.488,45.765],[-85.504,45.77],[-85.539,45.774],[-85.555,45.779],[-85.556,45.76],[-85.558,45.748],[-85.562,45.737],[-85.57,45.724],[-85.578,45.714],[-85.587,45.705],[-85.595,45.694],[-85.606,45.651],[-85.62,45.631],[-85.625,45.615],[-85.604,45.597],[-85.573,45.592],[-85.536,45.599],[-85.504,45.614],[-85.488,45.635]],[[-90.41,47.074],[-90.408,47.077],[-90.408,47.082],[-90.439,47.082],[-90.46,47.064],[-90.472,47.035],[-90.476,47.002],[-90.433,47.016],[-90.41,47.034],[-90.415,47.067],[-90.412,47.071],[-90.41,47.074]],[[-84.114,46.249],[-84.108,46.27],[-84.122,46.297],[-84.142,46.321],[-84.158,46.334],[-84.184,46.334],[-84.192,46.326],[-84.193,46.312],[-84.199,46.293],[-84.18,46.275],[-84.163,46.251],[-84.142,46.238],[-84.114,46.249]],[[-81.962,46.047],[-81.964,46.032],[-81.95,46.018],[-81.927,46.012],[-81.921,46.009],[-81.909,46.0],[-81.903,45.998],[-81.898,45.999],[-81.889,46.004],[-81.883,46.005],[-81.846,46.007],[-81.834,46.005],[-81.825,45.999],[-81.819,45.99],[-81.812,45.986],[-81.801,45.992],[-81.794,46.002],[-81.793,46.011],[-81.798,46.02],[-81.808,46.025],[-81.798,46.041],[-81.793,46.046],[-81.803,46.058],[-81.821,46.064],[-81.839,46.063],[-81.849,46.053],[-81.856,46.053],[-81.872,46.061],[-81.895,46.06],[-81.941,46.053],[-81.962,46.047]],[[-88.085,48.942],[-88.09,48.93],[-88.081,48.924],[-88.066,48.921],[-88.049,48.915],[-88.034,48.907],[-88.023,48.897],[-88.02,48.918],[-88.022,48.938],[-88.033,48.953],[-88.057,48.959],[-88.073,48.954],[-88.085,48.942]],[[-82.733,45.935],[-82.746,45.936],[-82.712,45.911],[-82.658,45.902],[-82.605,45.914],[-82.575,45.951],[-82.578,45.967],[-82.593,45.972],[-82.613,45.972],[-82.63,45.978],[-82.649,45.972],[-82.685,45.968],[-82.713,45.959],[-82.713,45.936],[-82.726,45.93],[-82.73,45.934],[-82.733,45.935]],[[-84.22,46.396],[-84.203,46.385],[-84.185,46.376],[-84.173,46.365],[-84.179,46.348],[-84.155,46.346],[-84.143,46.343],[-84.123,46.332],[-84.117,46.338],[-84.117,46.349],[-84.12,46.354],[-84.129,46.36],[-84.172,46.414],[-84.178,46.423],[-84.179,46.434],[-84.179,46.454],[-84.173,46.465],[-84.147,46.502],[-84.133,46.517],[-84.131,46.521],[-84.129,46.524],[-84.123,46.525],[-84.142,46.533],[-84.182,46.537],[-84.199,46.547],[-84.25,46.515],[-84.264,46.503],[-84.277,46.482],[-84.267,46.475],[-84.25,46.471],[-84.24,46.461],[-84.238,46.447],[-84.226,46.408],[-84.22,46.396]],[[-83.517,45.94],[-83.482,45.994],[-83.479,46.005],[-83.499,46.017],[-83.524,46.021],[-83.546,46.03],[-83.555,46.057],[-83.562,46.076],[-83.579,46.09],[-83.624,46.108],[-83.687,46.111],[-83.715,46.106],[-83.716,46.091],[-83.704,46.085],[-83.689,46.083],[-83.679,46.077],[-83.678,46.06],[-83.685,46.051],[-83.695,46.045],[-83.719,46.039],[-83.744,46.029],[-83.755,46.026],[-83.771,46.025],[-83.778,46.021],[-83.794,46.002],[-83.805,45.998],[-83.824,46.006],[-83.845,46.021],[-83.866,46.026],[-83.885,46.005],[-83.887,45.991],[-83.882,45.984],[-83.874,45.982],[-83.87,45.981],[-83.866,45.993],[-83.856,45.99],[-83.845,45.981],[-83.84,45.974],[-83.833,45.969],[-83.808,45.957],[-83.802,45.946],[-83.802,45.944],[-83.796,45.944],[-83.785,45.95],[-83.781,45.951],[-83.744,45.951],[-83.734,45.948],[-83.722,45.941],[-83.711,45.937],[-83.702,45.94],[-83.68,45.955],[-83.658,45.955],[-83.616,45.936],[-83.593,45.93],[-83.563,45.928],[-83.535,45.931],[-83.517,45.94]],[[-80.238,44.875],[-80.245,44.855],[-80.231,44.833],[-80.209,44.81],[-80.187,44.794],[-80.17,44.793],[-80.183,44.807],[-80.176,44.826],[-80.16,44.845],[-80.149,44.861],[-80.166,44.872],[-80.216,44.865],[-80.238,44.875]],[[-80.221,45.311],[-80.227,45.296],[-80.218,45.272],[-80.21,45.261],[-80.202,45.252],[-80.192,45.247],[-80.18,45.244],[-80.171,45.248],[-80.161,45.266],[-80.149,45.272],[-80.156,45.258],[-80.097,45.291],[-80.074,45.3],[-80.081,45.306],[-80.076,45.311],[-80.072,45.316],[-80.067,45.326],[-80.06,45.334],[-80.07,45.339],[-80.074,45.341],[-80.081,45.341],[-80.074,45.347],[-80.091,45.348],[-80.105,45.342],[-80.116,45.333],[-80.126,45.323],[-80.138,45.319],[-80.155,45.321],[-80.172,45.327],[-80.183,45.334],[-80.221,45.311]],[[-84.542,46.901],[-84.549,46.882],[-84.533,46.882],[-84.487,46.895],[-84.47,46.897],[-84.454,46.896],[-84.439,46.897],[-84.425,46.903],[-84.442,46.907],[-84.459,46.906],[-84.477,46.906],[-84.494,46.916],[-84.512,46.923],[-84.529,46.916],[-84.542,46.901]],[[-90.937,46.986],[-90.929,46.999],[-90.943,47.013],[-90.954,47.003],[-90.983,46.987],[-90.984,46.978],[-90.968,46.968],[-90.951,46.973],[-90.937,46.986]],[[-88.087,48.826],[-88.098,48.818],[-88.097,48.796],[-88.085,48.753],[-88.068,48.712],[-88.061,48.707],[-88.047,48.705],[-88.037,48.706],[-88.027,48.709],[-88.019,48.715],[-88.016,48.722],[-88.018,48.736],[-87.991,48.753],[-87.982,48.756],[-87.936,48.765],[-87.91,48.767],[-87.898,48.766],[-87.874,48.761],[-87.818,48.759],[-87.81,48.769],[-87.81,48.794],[-87.785,48.787],[-87.773,48.796],[-87.769,48.815],[-87.769,48.842],[-87.764,48.848],[-87.763,48.852],[-87.763,48.856],[-87.772,48.859],[-87.966,48.867],[-88.016,48.856],[-88.087,48.826]],[[-83.268,45.939],[-83.267,45.961],[-83.272,45.969],[-83.283,45.969],[-83.302,45.964],[-83.311,45.969],[-83.336,45.992],[-83.353,46.002],[-83.37,46.001],[-83.388,45.995],[-83.408,45.992],[-83.417,45.989],[-83.423,45.983],[-83.432,45.971],[-83.46,45.951],[-83.472,45.939],[-83.48,45.927],[-83.485,45.912],[-83.487,45.892],[-83.44,45.892],[-83.425,45.889],[-83.392,45.87],[-83.376,45.863],[-83.353,45.861],[-83.338,45.865],[-83.322,45.874],[-83.281,45.909],[-83.273,45.923],[-83.268,45.939]],[[-87.715,47.417],[-87.715,47.424],[-87.728,47.432],[-87.748,47.454],[-87.763,47.465],[-87.8,47.48],[-87.82,47.484],[-88.052,47.484],[-88.137,47.473],[-88.209,47.453],[-88.223,47.446],[-88.239,47.434],[-88.25,47.43],[-88.261,47.432],[-88.272,47.436],[-88.283,47.437],[-88.291,47.434],[-88.317,47.417],[-88.398,47.389],[-88.431,47.373],[-88.527,47.283],[-88.544,47.27],[-88.588,47.252],[-88.605,47.239],[-88.614,47.222],[-88.618,47.198],[-88.619,47.153],[-88.606,47.14],[-88.516,47.136],[-88.506,47.13],[-88.489,47.112],[-88.482,47.108],[-88.438,47.115],[-88.424,47.125],[-88.423,47.144],[-88.436,47.155],[-88.462,47.142],[-88.452,47.159],[-88.434,47.177],[-88.414,47.191],[-88.399,47.197],[-88.405,47.181],[-88.409,47.146],[-88.414,47.129],[-88.423,47.111],[-88.433,47.102],[-88.462,47.088],[-88.478,47.077],[-88.484,47.066],[-88.48,47.054],[-88.424,46.992],[-88.41,46.998],[-88.397,47.01],[-88.376,47.037],[-88.345,47.091],[-88.336,47.1],[-88.298,47.114],[-88.29,47.125],[-88.285,47.141],[-88.272,47.148],[-88.254,47.149],[-88.235,47.149],[-88.235,47.156],[-88.246,47.169],[-88.242,47.188],[-88.23,47.206],[-88.215,47.218],[-88.202,47.221],[-88.189,47.221],[-88.176,47.222],[-88.164,47.228],[-88.123,47.263],[-88.113,47.268],[-88.088,47.275],[-88.077,47.28],[-88.061,47.303],[-88.054,47.307],[-88.033,47.31],[-88.011,47.319],[-87.949,47.355],[-87.965,47.368],[-88.0,47.378],[-88.03,47.383],[-88.017,47.395],[-87.997,47.398],[-87.954,47.396],[-87.899,47.408],[-87.879,47.41],[-87.856,47.408],[-87.816,47.398],[-87.794,47.396],[-87.773,47.4],[-87.737,47.415],[-87.715,47.417]],[[-85.974,45.087],[-85.988,45.097],[-85.986,45.109],[-85.977,45.122],[-85.974,45.135],[-85.982,45.146],[-85.994,45.154],[-86.009,45.161],[-86.022,45.169],[-86.038,45.168],[-86.049,45.161],[-86.063,45.142],[-86.03,45.09],[-86.004,45.074],[-85.974,45.087]]]}},{"type":"Feature","properties":{"id":"ranges-ne-1159104623-physical-areas-844","category":"ranges"},"geometry":{"type":"MultiPolygon","coordinates":[[[[167.039,-46.023],[166.955,-46.017],[166.882,-45.99],[166.881,-45.988],[166.917,-45.957],[166.868,-45.976],[166.864,-45.972],[166.821,-45.93],[166.815,-45.914],[166.769,-45.789],[166.767,-45.782],[166.836,-45.775],[166.953,-45.75],[167.003,-45.712],[166.81,-45.699],[166.798,-45.646],[166.826,-45.603],[166.991,-45.532],[166.869,-45.55],[166.766,-45.545],[166.771,-45.504],[166.819,-45.409],[166.92,-45.408],[166.876,-45.368],[166.869,-45.311],[166.909,-45.307],[167.052,-45.383],[167.156,-45.411],[167.112,-45.354],[167.118,-45.318],[167.145,-45.302],[167.23,-45.29],[167.207,-45.28],[167.127,-45.266],[167.033,-45.222],[167.023,-45.177],[167.026,-45.124],[167.128,-45.051],[167.188,-45.094],[167.259,-45.082],[167.205,-45.048],[167.172,-44.997],[167.19,-44.97],[167.199,-44.963],[167.213,-44.952],[167.411,-44.828],[167.466,-44.958],[167.479,-44.915],[167.482,-44.874],[167.456,-44.838],[167.46,-44.802],[167.485,-44.771],[167.578,-44.741],[167.698,-44.641],[167.787,-44.595],[167.859,-44.625],[167.909,-44.665],[167.902,-44.625],[167.866,-44.592],[167.857,-44.501],[168.018,-44.359],[168.196,-44.224],[168.367,-44.082],[168.435,-44.043],[168.48,-44.034],[168.703,-44.004],[168.746,-43.998],[168.76,-43.993],[168.775,-43.996],[168.806,-43.992],[168.99,-43.89],[169.067,-43.863],[169.136,-43.9],[169.179,-43.913],[169.136,-43.82],[169.148,-43.804],[169.338,-43.741],[169.481,-43.678],[169.491,-43.674],[169.516,-43.663],[169.632,-43.619],[169.689,-43.589],[169.711,-43.574],[169.747,-43.549],[169.769,-43.538],[169.834,-43.537],[169.824,-43.497],[169.824,-43.497],[169.86,-43.473],[169.877,-43.461],[169.891,-43.462],[169.908,-43.447],[169.902,-43.444],[170.087,-43.319],[170.113,-43.301],[170.18,-43.255],[170.222,-43.232],[170.263,-43.209],[170.357,-43.155],[170.396,-43.182],[170.378,-43.143],[170.38,-43.142],[170.468,-43.091],[170.534,-43.059],[170.536,-43.058],[170.536,-43.058],[170.612,-43.092],[170.551,-43.051],[170.554,-43.049],[170.688,-42.984],[170.735,-43.03],[170.725,-42.975],[170.728,-42.966],[170.917,-42.902],[170.995,-42.87],[171.011,-42.864],[171.014,-42.863],[171.012,-42.885],[171.038,-42.862],[171.04,-42.852],[171.053,-42.847],[171.064,-42.842],[171.327,-42.737],[172.095,-42.332],[172.18,-42.266],[172.363,-42.07],[172.556,-41.887],[172.795,-41.627],[172.929,-41.512],[173.004,-41.465],[173.104,-41.422],[173.205,-41.406],[173.283,-41.442],[173.301,-41.49],[173.295,-41.547],[173.277,-41.605],[173.256,-41.65],[173.155,-41.815],[172.694,-42.397],[172.563,-42.52],[171.774,-43.089],[171.408,-43.312],[171.031,-43.513],[170.875,-43.608],[170.581,-43.82],[170.337,-43.973],[170.167,-44.092],[169.839,-44.293],[169.789,-44.312],[169.6,-44.375],[169.438,-44.441],[169.108,-44.608],[168.875,-44.755],[168.654,-44.92],[167.426,-45.971],[167.365,-46.007],[167.287,-46.023],[167.039,-46.023]]],[[[166.975,-45.18],[166.979,-45.18],[167.023,-45.3],[166.931,-45.277],[166.91,-45.257],[166.975,-45.18]]]]}},{"type":"Feature","properties":{"id":"rivers-ne-1159120261-rivers-0","category":"rivers"},"geometry":{"type":"LineString","coordinates":[[82.4,30.411],[82.723,30.365],[83.761,29.833],[84.067,29.613],[84.379,29.495],[84.707,29.296],[85.409,29.274],[87.66,29.152],[87.789,29.266],[87.984,29.342],[88.631,29.351],[91.038,29.317],[92.095,29.253],[93.25,29.07],[93.607,29.109],[94.356,29.31],[94.82,29.542],[95.151,29.81],[95.265,29.829],[95.336,29.741],[95.373,29.596],[95.317,29.418],[94.876,28.968],[94.871,28.832],[95.044,28.511],[95.088,28.217],[95.396,28.003],[95.383,27.904],[95.29,27.788],[94.832,27.464],[94.395,27.042],[93.752,26.732],[92.678,26.555],[92.322,26.464],[91.683,26.215],[91.25,26.183],[90.606,26.181],[90.334,26.135],[90.112,26.03],[89.925,25.874],[89.788,25.632],[89.613,24.948],[89.714,24.585],[89.744,23.859],[90.006,23.659],[90.226,23.418],[90.387,23.12],[90.508,22.78]]}},{"type":"Feature","properties":{"id":"rivers-ne-1159121023-rivers-1","category":"rivers"},"geometry":{"type":"LineString","coordinates":[[94.084,33.156],[94.448,33.163],[94.941,33.089],[95.84,32.632],[96.239,32.526],[96.941,31.966],[97.165,31.489],[97.257,31.096],[97.846,30.278],[98.285,29.667],[98.624,28.963],[99.028,27.516],[99.15,27.028],[99.173,26.026],[99.24,25.668],[99.391,25.345],[99.667,25.014],[99.917,24.834],[100.3,24.721],[100.421,24.647],[100.487,24.526],[100.52,24.378],[100.476,24.164],[100.139,23.473],[100.122,23.311],[100.171,23.107],[100.984,21.845],[101.018,21.798],[101.15,21.85],[101.18,21.437],[100.329,20.786],[100.116,20.418],[100.549,20.109],[100.559,20.002],[100.569,19.896],[100.597,19.893],[101.115,19.852],[101.472,19.87],[102.185,20.049],[101.884,19.555],[101.765,18.722],[101.492,18.16],[101.486,17.97],[101.564,17.821],[101.586,17.81],[102.114,18.109],[102.413,17.933],[102.999,17.962],[103.2,18.31],[103.956,18.241],[104.717,17.429],[104.779,16.442],[105.589,15.57],[105.576,15.325],[105.782,15.121],[105.891,14.771],[105.87,14.218],[105.965,13.857],[105.949,13.35],[105.972,12.66],[105.93,12.397],[105.81,12.287],[105.651,12.234],[105.368,11.97],[105.05,11.805],[104.951,11.591],[105.113,10.933],[105.208,10.707],[105.567,10.267],[106.361,9.434]]}},{"type":"Feature","properties":{"id":"rivers-ne-1159114911-rivers-2","category":"rivers"},"geometry":{"type":"LineString","coordinates":[[90.325,47.65],[90.201,47.408],[89.733,47.162],[89.397,47.069],[89.048,47.087],[86.944,47.66],[86.4,47.857],[85.267,47.994],[84.357,47.732],[83.836,48.036],[83.62,48.194],[83.551,48.313],[83.492,48.779],[83.619,48.896],[83.868,49.025],[84.012,49.176],[83.883,49.346],[83.364,49.644],[82.485,50.06],[82.14,50.182],[81.781,50.252],[80.428,50.385],[78.545,50.767],[77.243,51.869],[76.999,52.13],[76.606,52.693],[76.328,52.902],[75.59,53.296],[75.309,53.496],[75.118,53.688],[75.022,53.848],[74.994,53.986],[74.52,54.375],[74.396,54.425],[74.124,54.535],[73.851,54.644],[73.725,54.694],[73.633,54.741],[73.466,54.83],[73.376,54.877],[73.082,55.23],[73.115,55.306],[73.334,55.446],[73.655,55.585],[74.241,55.761],[74.472,55.875],[74.625,56.027],[74.71,56.203],[74.703,56.412],[74.63,56.644],[74.478,56.859],[74.28,57.028],[73.69,57.255],[72.901,57.446],[71.474,57.659],[70.289,57.946],[68.84,58.034],[68.681,58.068],[68.385,58.133],[68.224,58.167],[68.245,58.249],[68.268,58.332],[68.504,58.527],[68.601,58.746],[68.793,58.984],[68.968,59.405],[69.13,59.55],[69.334,59.65],[69.783,59.873],[69.805,59.996],[69.768,60.107],[69.837,60.257],[69.804,60.515],[69.725,60.658],[69.497,60.813],[69.398,60.862],[69.179,60.969],[68.96,61.076],[68.859,61.124],[68.822,61.107],[68.786,61.089],[68.408,61.207],[68.226,61.448],[67.645,61.73],[67.233,62.068],[66.281,62.447],[65.689,62.662],[65.41,62.847],[65.303,63.075],[65.427,63.307],[65.689,63.587],[65.833,64.015],[65.918,64.115],[65.926,64.224],[65.582,64.707],[65.511,64.966],[65.411,65.04],[65.368,65.167],[65.766,65.803],[65.835,66.0],[65.839,66.157],[66.341,66.443],[66.677,66.567],[67.033,66.605],[68.193,66.576],[69.013,66.788],[69.93,66.747],[70.84,66.653],[71.47,66.663]]}},{"type":"Feature","properties":{"id":"rivers-ne-1159117465-rivers-3","category":"rivers"},"geometry":{"type":"LineString","coordinates":[[-124.836,56.757],[-124.2,56.243],[-123.889,56.089],[-123.544,56.045],[-122.73,56.099],[-122.222,56.021],[-121.974,56.02],[-121.357,56.19],[-120.245,56.152],[-119.509,56.251],[-119.189,56.244],[-118.67,56.016],[-118.346,55.981],[-117.779,56.054],[-117.506,56.155],[-117.2,56.412],[-117.177,56.545],[-117.258,56.855],[-117.132,57.281],[-117.108,57.654],[-117.037,57.929],[-116.854,58.07],[-116.676,58.127],[-116.542,58.289],[-116.323,58.371],[-115.988,58.419],[-114.973,58.41],[-114.613,58.476],[-114.489,58.512],[-114.211,58.59],[-113.924,58.665],[-113.768,58.69],[-113.583,58.724],[-113.298,58.808],[-113.149,58.855],[-112.648,59.098],[-112.323,59.126],[-112.065,59.084],[-111.926,58.973],[-111.411,59.005],[-111.444,59.537],[-111.569,59.848],[-112.383,60.222],[-112.493,60.315],[-112.484,60.451],[-112.571,60.541],[-113.16,60.853],[-113.282,61.174],[-113.46,61.243],[-113.582,61.244],[-113.704,61.246],[-113.839,61.256],[-114.136,61.278],[-114.433,61.3],[-114.568,61.31],[-116.334,61.089],[-116.699,61.121],[-117.668,61.308],[-118.155,61.421],[-119.071,61.301],[-119.768,61.334],[-120.318,61.463],[-120.575,61.57],[-120.813,61.781],[-121.589,61.974],[-123.024,62.242],[-123.255,62.349],[-123.296,62.51],[-123.229,62.867],[-123.321,63.057],[-123.954,63.741],[-124.336,64.003],[-124.489,64.223],[-124.762,64.424],[-125.025,64.692],[-125.3,64.806],[-126.182,65.049],[-126.929,65.291],[-128.03,65.608],[-128.671,65.723],[-128.909,65.861],[-128.983,66.03],[-128.842,66.323],[-129.026,66.455],[-129.771,66.732],[-130.044,66.881],[-130.345,67.214],[-130.533,67.306],[-130.759,67.354],[-131.209,67.455],[-132.653,67.293],[-133.016,67.293],[-133.373,67.359],[-133.83,67.521],[-134.19,67.742],[-134.4,68.053],[-134.407,68.182],[-134.16,68.45],[-134.244,68.706],[-134.836,68.964],[-135.313,69.375]]}},{"type":"Feature","properties":{"id":"rivers-ne-1159118769-rivers-4","category":"rivers"},"geometry":{"type":"LineString","coordinates":[[8.22,48.047],[8.553,47.981],[9.414,48.138],[10.72,48.649],[11.684,48.794],[12.033,49.027],[12.156,49.001],[12.384,48.952],[12.507,48.928],[12.66,48.875],[12.997,48.756],[13.334,48.636],[13.487,48.582],[14.702,48.234],[14.996,48.213],[15.634,48.375],[15.937,48.353],[16.878,48.172],[17.488,47.867],[17.857,47.758],[18.697,47.881],[18.91,47.806],[19.026,47.668],[18.933,47.176],[18.952,46.778],[18.882,46.28],[18.764,46.034],[18.781,45.965],[18.811,45.901],[18.887,45.806],[19.009,45.622],[19.073,45.522],[19.155,45.448],[19.309,45.313],[19.392,45.247],[19.513,45.233],[19.777,45.191],[20.04,45.148],[20.16,45.128],[20.542,44.802],[20.768,44.744],[21.36,44.827],[21.562,44.769],[22.145,44.478],[22.459,44.703],[22.706,44.578],[22.474,44.409],[22.657,44.235],[22.945,43.824],[23.332,43.897],[24.101,43.741],[25.569,43.688],[26.065,43.943],[27.242,44.176],[27.285,44.153],[27.302,44.133],[27.384,44.167],[27.601,44.235],[27.824,44.303],[27.926,44.334],[28.053,44.409],[28.044,44.496],[27.877,44.744],[27.988,45.218],[28.047,45.279],[28.157,45.396],[28.223,45.469],[28.346,45.435],[28.564,45.351],[28.68,45.304],[29.15,45.465],[29.603,45.293]]}},{"type":"Feature","properties":{"id":"rivers-ne-1159118169-rivers-5","category":"rivers"},"geometry":{"type":"LineString","coordinates":[[-55.075,-14.319],[-55.432,-14.357],[-56.121,-14.689],[-56.335,-14.859],[-56.394,-15.068],[-56.087,-15.843],[-55.935,-16.079],[-55.927,-16.215],[-55.999,-16.337],[-56.429,-16.652],[-56.541,-16.808],[-56.59,-17.067],[-56.98,-17.595],[-57.175,-17.735],[-57.318,-17.925],[-57.443,-18.468],[-57.6,-18.879],[-57.337,-19.211],[-57.387,-19.393],[-57.457,-19.484],[-57.61,-19.684],[-57.766,-19.883],[-57.842,-19.972],[-57.931,-20.022],[-58.01,-20.073],[-58.166,-20.177],[-57.871,-20.733],[-57.889,-21.103],[-57.937,-22.09],[-57.975,-22.162],[-57.832,-22.55],[-57.829,-22.82],[-57.342,-23.703],[-57.201,-24.043],[-57.122,-24.335],[-57.13,-24.64],[-57.268,-24.972],[-57.573,-25.258],[-57.631,-25.422],[-57.629,-25.511],[-57.63,-25.601],[-57.704,-25.715],[-57.888,-25.997],[-58.125,-26.363],[-58.363,-26.73],[-58.545,-27.011],[-58.618,-27.124],[-58.85,-27.611],[-58.893,-27.965],[-59.074,-28.349],[-59.227,-29.058],[-59.396,-29.197],[-59.523,-29.403],[-59.589,-29.705],[-59.654,-30.717],[-60.064,-31.27],[-60.38,-31.532],[-60.591,-31.782],[-60.696,-32.051],[-60.726,-32.335],[-60.712,-32.557],[-60.642,-32.785],[-60.49,-33.019],[-60.249,-33.243],[-59.869,-33.498],[-59.2,-33.812],[-58.669,-33.994],[-58.429,-33.991]]}},{"type":"Feature","properties":{"id":"rivers-ne-1159120849-rivers-6","category":"rivers"},"geometry":{"type":"LineString","coordinates":[[26.249,-11.743],[25.938,-11.653],[25.64,-11.186],[25.711,-10.743],[25.467,-10.375],[25.448,-10.093],[25.502,-9.455],[25.647,-9.248],[25.923,-9.1],[26.081,-8.766],[26.441,-8.272],[26.732,-8.162],[26.858,-8.047],[26.919,-7.917],[26.888,-7.642],[27.009,-6.987],[27.017,-6.622],[26.93,-5.61],[26.982,-5.252],[26.946,-5.009],[26.812,-4.747],[26.36,-4.335],[26.137,-4.068],[26.014,-3.743],[25.993,-3.587],[25.945,-3.244],[25.898,-2.902],[25.876,-2.749],[25.868,-2.605],[25.85,-2.259],[25.828,-1.846],[25.81,-1.5],[25.802,-1.355],[25.682,-1.012],[25.552,-0.779],[25.48,-0.539],[25.513,-0.054],[25.409,0.346],[24.934,0.539],[24.292,0.782],[22.735,1.95],[22.347,2.129],[21.713,2.141],[20.268,1.923],[19.908,1.843],[19.143,1.574],[18.712,1.19],[18.488,0.911],[18.336,0.587],[18.199,0.1],[17.6,-0.649],[17.524,-0.744],[16.865,-1.226],[16.407,-1.741],[15.973,-2.712],[16.006,-3.535],[15.754,-3.855],[15.171,-4.344],[14.583,-4.97],[14.196,-4.972],[14.075,-5.02],[13.826,-5.258],[13.61,-5.363],[13.47,-5.76],[13.428,-5.776],[13.376,-5.864],[13.025,-5.984],[12.735,-5.966],[12.322,-6.1]]}},{"type":"Feature","properties":{"id":"rivers-ne-1159112191-rivers-7","category":"rivers"},"geometry":{"type":"LineString","coordinates":[[107.98,54.004],[108.043,54.102],[108.041,54.185],[107.783,54.294],[107.182,53.921],[107.023,53.871],[106.927,53.884],[106.107,53.885],[105.665,54.022],[105.288,54.385],[105.155,54.881],[105.17,55.054],[105.723,55.845],[105.786,56.229],[106.246,56.485],[106.188,56.565],[105.982,56.651],[105.862,56.761],[106.011,56.897],[106.325,57.01],[106.807,57.111],[107.033,57.271],[107.393,57.301],[107.697,57.438],[108.082,57.76],[108.609,58.045],[108.925,58.165],[109.486,58.283],[110.009,58.563],[111.101,58.783],[111.834,59.143],[112.35,59.301],[112.643,59.545],[113.511,59.928],[114.431,60.493],[114.944,60.732],[115.472,60.745],[116.152,60.607],[116.862,60.355],[117.468,60.013],[117.802,59.88],[118.317,59.801],[118.66,59.877],[119.363,60.164],[119.497,60.189],[119.816,60.249],[120.197,60.32],[120.516,60.379],[120.651,60.405],[120.794,60.453],[121.055,60.541],[121.196,60.589],[123.551,60.592],[124.995,60.758],[126.324,61.056],[128.476,61.289],[129.216,61.499],[129.743,61.909],[129.92,62.145],[129.956,62.415],[129.857,62.712],[129.38,63.49],[128.301,63.6],[127.955,63.716],[126.853,64.224],[125.509,64.68],[124.797,65.018],[124.526,65.237],[124.18,65.856],[123.697,66.503],[123.234,67.36],[123.146,67.649],[123.183,67.889],[123.743,68.411],[124.076,68.975],[124.324,69.183],[124.622,69.336],[125.071,69.776],[125.485,69.974],[125.909,70.228],[125.941,70.428],[127.102,70.641],[127.336,70.75],[127.46,70.87],[127.456,71.004],[127.276,71.331],[127.11,71.83],[126.929,72.07],[126.69,72.294],[126.012,72.33],[124.612,72.652],[122.752,72.907]]}},{"type":"Feature","properties":{"id":"rivers-ne-1159113707-rivers-8","category":"rivers"},"geometry":{"type":"LineString","coordinates":[[90.795,34.3],[91.152,34.321],[92.993,34.1],[93.838,34.321],[94.156,34.556],[94.389,34.654],[94.682,34.675],[95.004,34.602],[95.375,34.407],[96.004,33.884],[96.41,33.681],[97.033,33.237],[97.45,32.781],[98.162,32.287],[98.375,32.01],[98.542,31.69],[98.774,31.36],[98.699,31.151],[98.909,30.676],[98.984,30.343],[99.096,29.25],[99.232,28.433],[99.275,28.354],[99.355,28.205],[99.399,28.123],[99.435,28.017],[99.514,27.786],[99.593,27.556],[99.629,27.451],[99.798,27.165],[99.98,27.081],[100.14,27.246],[100.246,27.496],[100.371,27.659],[100.47,27.569],[100.512,27.36],[100.441,26.799],[100.453,26.376],[100.505,26.241],[100.615,26.215],[101.002,26.258],[101.663,26.53],[101.823,26.53],[101.886,26.41],[101.912,26.221],[101.997,26.104],[102.443,26.277],[102.756,26.313],[102.897,26.393],[102.981,26.592],[102.958,27.224],[103.025,27.374],[103.147,27.434],[103.471,27.885],[103.544,28.146],[103.79,28.332],[103.846,28.483],[103.851,28.668],[104.326,28.667],[104.741,28.777],[105.113,28.767],[105.547,28.88],[105.82,28.877],[105.906,29.012],[106.614,29.549],[107.604,29.924],[107.89,30.141],[108.308,30.58],[108.402,30.736],[108.576,30.86],[108.864,30.937],[109.46,31.01],[110.256,31.023],[110.828,30.922],[111.215,30.729],[111.534,30.38],[112.033,30.352],[112.208,30.22],[112.44,29.818],[112.596,29.741],[112.782,29.744],[112.916,29.71],[112.957,29.551],[113.128,29.463],[113.658,29.894],[113.935,30.064],[113.923,30.218],[114.051,30.302],[114.303,30.593],[114.544,30.595],[114.788,30.518],[115.39,30.013],[115.679,29.856],[115.976,29.805],[116.263,29.839],[116.695,30.05],[116.954,30.408],[117.327,30.695],[117.599,30.815],[117.877,31.105],[118.273,31.382],[118.55,31.821],[118.738,32.022],[119.004,32.151],[119.332,32.205],[119.746,32.137],[120.577,31.614],[120.921,31.516],[121.858,31.415]]}},{"type":"Feature","properties":{"id":"rivers-ne-1159121589-rivers-9","category":"rivers"},"geometry":{"type":"LineString","coordinates":[[33.207,0.262],[33.187,0.428],[32.893,1.311],[32.802,1.367],[32.625,1.472],[32.51,1.537],[32.362,1.607],[32.241,1.666],[32.173,1.682],[32.159,1.725],[32.295,1.931],[32.295,2.079],[32.188,2.208],[31.999,2.284],[31.767,2.293],[31.663,2.267],[31.47,2.219],[31.366,2.193],[31.421,2.297],[31.475,2.401],[31.457,2.538],[31.44,2.676],[31.461,2.95],[31.564,3.225],[31.72,3.435],[32.016,3.614],[31.73,4.023],[31.605,4.343],[31.603,4.686],[31.746,5.419],[31.673,5.93],[31.148,6.83],[30.79,7.241],[30.592,7.544],[30.458,7.88],[30.288,8.573],[30.264,8.909],[30.33,9.211],[30.519,9.399],[30.792,9.461],[31.125,9.433],[31.322,9.404],[31.539,9.46],[31.784,9.634],[32.158,10.04],[32.239,10.22],[32.175,10.439],[32.199,10.57],[32.585,11.13],[32.688,11.471],[32.749,11.995],[32.779,12.634],[32.748,12.996],[32.65,13.345],[32.317,14.125],[32.254,14.463],[32.49,15.635],[32.559,15.946],[32.703,16.219],[32.951,16.439],[33.312,16.642],[33.58,16.872],[33.772,17.168],[33.881,17.556],[33.913,17.914],[33.877,18.197],[33.596,18.805],[33.38,19.423],[33.159,19.449],[32.917,19.4],[32.645,19.248],[32.093,18.794],[31.495,18.15],[31.31,18.039],[31.145,18.035],[30.977,18.078],[30.822,18.206],[30.685,18.407],[30.495,19.024],[30.348,19.822],[30.559,20.086],[30.585,20.195],[30.365,20.529],[30.345,20.651],[30.612,21.055],[31.091,21.609],[31.434,22.097],[31.772,22.445],[32.004,22.618],[32.451,22.73],[32.589,22.861],[32.745,23.069],[32.86,23.351],[32.897,23.66],[32.879,23.988],[32.889,24.563],[32.841,24.886],[32.59,25.327],[32.523,25.612],[32.724,25.877],[32.749,26.004],[32.665,26.085],[32.122,26.139],[31.785,26.49],[31.304,27.099],[31.086,27.299],[30.927,27.52],[30.853,27.769],[30.837,28.038],[30.772,28.268],[30.799,28.456],[31.169,29.303],[31.227,29.652],[31.238,30.121],[31.176,31.017],[31.034,31.532]]}},{"type":"Feature","properties":{"id":"rivers-ne-1159116655-rivers-10","category":"rivers"},"geometry":{"type":"LineString","coordinates":[[-71.669,-15.336],[-71.501,-14.792],[-71.558,-14.287],[-71.659,-14.078],[-71.857,-13.902],[-72.137,-13.739],[-72.751,-13.487],[-73.221,-13.422],[-73.562,-13.018],[-73.859,-12.496],[-73.981,-12.198],[-74.144,-11.453],[-74.145,-11.278],[-73.803,-11.189],[-73.736,-11.03],[-73.788,-10.802],[-73.995,-10.394],[-74.051,-10.182],[-74.007,-9.86],[-74.167,-9.681],[-74.475,-9.029],[-74.468,-8.739],[-74.337,-8.512],[-74.483,-8.39],[-74.66,-8.069],[-74.908,-7.836],[-75.022,-7.462],[-75.216,-7.178],[-75.208,-7.085],[-75.136,-7.012],[-75.161,-6.527],[-75.103,-6.238],[-74.938,-6.066],[-74.747,-5.97],[-74.306,-5.64],[-74.064,-5.138],[-73.974,-5.045],[-73.807,-4.972],[-73.489,-4.445],[-73.358,-4.173],[-73.216,-4.037],[-73.139,-3.684],[-73.035,-3.555],[-72.872,-3.495],[-72.476,-3.481],[-72.133,-3.42],[-71.866,-3.436],[-71.543,-3.731],[-71.266,-3.86],[-70.9,-3.96],[-70.629,-3.888],[-70.365,-3.911],[-70.113,-4.068],[-69.869,-4.32],[-69.664,-4.272],[-69.503,-4.139],[-69.263,-3.622],[-68.953,-3.443],[-68.069,-3.297],[-67.96,-3.217],[-67.932,-3.108],[-67.658,-2.865],[-67.379,-2.707],[-66.847,-2.659],[-66.541,-2.486],[-65.998,-2.497],[-65.761,-2.603],[-65.62,-2.609],[-65.439,-2.685],[-64.576,-3.398],[-64.011,-3.744],[-63.177,-4.035],[-62.737,-3.856],[-62.411,-3.789],[-61.811,-3.855],[-61.494,-3.77],[-60.596,-3.351],[-59.925,-3.206],[-59.83,-3.142],[-59.658,-3.123],[-58.689,-3.342],[-58.536,-3.226],[-58.316,-3.212],[-57.766,-2.658],[-57.476,-2.496],[-56.702,-2.479],[-56.12,-2.133],[-55.822,-2.015],[-55.515,-1.949],[-55.151,-2.138],[-54.806,-2.176],[-54.525,-2.44],[-54.186,-2.311],[-53.792,-1.979],[-53.496,-1.828],[-52.436,-1.431],[-51.788,-1.085],[-51.0,-0.483],[-50.555,0.056]]}},{"type":"Feature","properties":{"id":"rivers-ne-1159119147-rivers-11","category":"rivers"},"geometry":{"type":"LineString","coordinates":[[-110.744,44.727],[-110.929,44.679],[-111.1,44.757],[-111.204,44.812],[-111.309,44.868],[-111.426,44.906],[-111.542,44.943],[-111.636,45.078],[-111.654,45.31],[-111.449,46.025],[-111.453,46.223],[-111.484,46.292],[-111.516,46.361],[-111.563,46.44],[-111.65,46.584],[-111.698,46.662],[-111.784,46.738],[-111.869,46.814],[-111.922,46.941],[-111.856,47.108],[-111.644,47.292],[-111.171,47.588],[-110.512,47.914],[-110.227,47.964],[-109.819,47.807],[-108.938,47.764],[-108.821,47.739],[-108.565,47.683],[-108.309,47.627],[-108.193,47.602],[-108.108,47.587],[-107.947,47.559],[-107.859,47.545],[-106.884,47.751],[-106.76,47.821],[-106.53,47.951],[-106.406,48.021],[-106.234,48.032],[-105.823,48.058],[-105.333,48.09],[-104.922,48.117],[-104.75,48.128],[-103.772,48.027],[-103.24,48.092],[-102.894,48.059],[-102.14,47.65],[-101.794,47.553],[-101.692,47.541],[-101.502,47.518],[-101.4,47.506],[-101.355,47.427],[-101.311,47.348],[-101.005,47.171],[-100.946,47.053],[-100.836,46.832],[-100.777,46.714],[-100.691,46.605],[-100.606,46.496],[-100.57,46.141],[-100.355,45.35],[-100.371,45.085],[-100.459,44.91],[-100.64,44.748],[-100.629,44.64],[-100.557,44.534],[-100.475,44.484],[-100.394,44.435],[-100.271,44.373],[-100.043,44.257],[-99.92,44.195],[-99.626,44.166],[-99.558,44.121],[-99.432,44.036],[-99.365,43.991],[-99.377,43.915],[-99.4,43.774],[-99.412,43.697],[-99.377,43.595],[-99.25,43.511],[-98.974,43.324],[-98.704,43.131],[-98.6,43.03],[-98.612,43.004],[-98.594,43.0],[-98.336,42.874],[-97.968,42.795],[-97.882,42.84],[-97.644,42.836],[-97.287,42.846],[-97.028,42.718],[-96.754,42.634],[-96.709,42.551],[-96.623,42.503],[-96.455,42.489],[-96.41,42.389],[-96.347,42.225],[-96.349,42.142],[-96.167,41.953],[-96.105,41.788],[-96.097,41.557],[-96.025,41.525],[-95.959,41.405],[-95.856,41.117],[-95.834,40.944],[-95.862,40.765],[-95.796,40.584],[-95.776,40.501],[-95.608,40.343],[-95.452,40.215],[-95.323,40.001],[-95.085,39.868],[-94.955,39.87],[-94.927,39.725],[-95.067,39.54],[-94.991,39.444],[-94.868,39.235],[-94.605,39.14],[-93.182,39.318],[-92.993,39.276],[-92.845,39.033],[-92.532,38.877],[-92.293,38.659],[-92.047,38.614],[-91.452,38.67],[-90.885,38.635],[-90.433,38.795],[-90.355,38.8],[-90.214,38.805],[-90.145,38.794],[-90.183,38.68],[-90.212,38.585],[-90.305,38.439],[-90.37,38.263],[-90.228,38.113],[-90.03,37.972],[-89.917,37.969],[-89.655,37.749],[-89.554,37.719],[-89.479,37.477],[-89.516,37.327],[-89.388,37.081],[-89.28,37.107],[-89.103,36.952],[-89.134,36.852],[-89.115,36.695],[-89.274,36.612],[-89.498,36.506],[-89.524,36.409],[-89.585,36.267],[-89.663,36.023],[-89.684,36.023],[-89.687,36.023],[-89.671,35.982],[-89.674,35.94],[-89.775,35.799],[-89.95,35.702],[-89.989,35.536],[-90.147,35.405],[-90.135,35.114],[-90.249,35.021],[-90.268,34.941],[-90.446,34.867],[-90.45,34.722],[-90.584,34.454],[-90.7,34.398],[-90.877,34.262],[-90.982,34.055],[-91.201,33.706],[-91.223,33.469],[-91.108,33.207],[-91.156,33.01],[-91.085,32.953],[-91.176,32.809],[-91.031,32.603],[-91.072,32.479],[-90.943,32.307],[-91.082,32.205],[-91.128,32.015],[-91.321,31.86],[-91.411,31.65],[-91.502,31.409],[-91.625,31.297],[-91.584,31.047],[-91.529,30.808],[-91.34,30.647],[-91.122,30.27],[-90.991,30.134],[-90.783,30.053],[-90.046,29.896],[-89.953,29.801],[-89.888,29.648],[-89.404,29.157]]}},{"type":"Feature","properties":{"id":"rivers-ne-1159113707-rivers-12","category":"rivers"},"geometry":{"type":"LineString","coordinates":[[116.198,29.751],[116.212,29.785]]}},{"type":"Feature","properties":{"id":"lakes-ne-1159113127-lakes-0","category":"lakes"},"geometry":{"type":"Polygon","coordinates":[[[106.58,52.8],[106.54,52.94],[107.08,53.18],[107.3,53.38],[107.6,53.52],[108.04,53.86],[108.38,54.26],[109.053,55.028],[109.193,55.536],[109.507,55.731],[109.93,55.713],[109.7,54.98],[109.66,54.72],[109.48,54.34],[109.32,53.82],[109.22,53.62],[109.0,53.78],[108.6,53.44],[108.8,53.38],[108.76,53.2],[108.46,53.14],[108.18,52.8],[107.8,52.58],[107.32,52.42],[106.64,52.32],[106.1,52.04],[105.74,51.76],[105.24,51.52],[104.82,51.46],[104.3,51.5],[103.76,51.6],[103.62,51.74],[103.86,51.86],[104.4,51.86],[105.06,52.0],[105.48,52.28],[105.98,52.52],[106.26,52.62],[106.58,52.8]]]}},{"type":"Feature","properties":{"id":"lakes-ne-1159106747-lakes-1","category":"lakes"},"geometry":{"type":"Polygon","coordinates":[[[-98.955,53.93],[-97.958,54.337],[-97.805,54.059],[-97.644,53.425],[-96.393,51.397],[-96.238,50.691],[-96.726,50.449],[-96.921,50.754],[-97.236,51.498],[-98.201,52.185],[-99.237,53.216],[-98.955,53.93]]]}},{"type":"Feature","properties":{"id":"lakes-ne-1159106729-lakes-2","category":"lakes"},"geometry":{"type":"Polygon","coordinates":[[[-115,61.972],[-115.807,62.542],[-116.059,62.779],[-115.843,62.75],[-114.453,62.428],[-113.353,62.044],[-111.779,62.444],[-111.04,62.92],[-110.2,63.08],[-109.4,62.878],[-109.09,62.814],[-109.117,62.693],[-110.101,62.516],[-111.276,62.349],[-112.631,61.56],[-113.64,61.08],[-115.341,60.877],[-116.44,60.86],[-118.061,61.312],[-118.347,61.361],[-118.385,61.521],[-118.18,61.556],[-116.803,61.326],[-115.679,61.692],[-115,61.972]]]}},{"type":"Feature","properties":{"id":"lakes-ne-1159106765-lakes-3","category":"lakes"},"geometry":{"type":"Polygon","coordinates":[[[-79.056,43.254],[-79.362,43.202],[-79.76,43.297],[-79.461,43.639],[-79.156,43.757],[-78.451,43.903],[-77.605,44.039],[-77.161,43.85],[-76.883,44.069],[-76.566,44.208],[-76.353,44.135],[-76.239,43.979],[-76.18,43.59],[-76.93,43.26],[-77.749,43.343],[-78.535,43.38],[-79.056,43.254]]]}},{"type":"Feature","properties":{"id":"lakes-ne-1159106757-lakes-4","category":"lakes"},"geometry":{"type":"Polygon","coordinates":[[[-83.12,42.08],[-82.571,42.017],[-81.829,42.336],[-81.392,42.615],[-81.095,42.661],[-80.545,42.56],[-80.279,42.716],[-79.791,42.842],[-78.92,42.965],[-78.901,42.867],[-79.762,42.27],[-80.516,41.98],[-81.031,41.846],[-81.624,41.569],[-82.347,41.436],[-82.846,41.487],[-83.463,41.694],[-83.12,42.08],[-83.12,42.08]]]}},{"type":"Feature","properties":{"id":"lakes-ne-1159112991-lakes-5","category":"lakes"},"geometry":{"type":"Polygon","coordinates":[[[-89.6,48.01],[-89.194,48.405],[-88.626,48.563],[-88.404,48.806],[-88.179,48.937],[-87.249,48.735],[-86.56,48.711],[-86.321,48.577],[-85.987,48.01],[-84.864,47.86],[-85.041,47.576],[-84.645,47.282],[-84.815,46.902],[-84.396,46.777],[-84.605,46.44],[-84.91,46.48],[-85.12,46.76],[-86.103,46.673],[-86.99,46.45],[-87.694,46.831],[-88.261,46.959],[-87.94,47.486],[-88.823,47.155],[-89.625,46.831],[-90.397,46.576],[-91.01,46.92],[-92.012,46.712],[-92.009,46.858],[-91.33,47.28],[-90.62,47.68],[-89.6,48.01]]]}},{"type":"Feature","properties":{"id":"lakes-ne-1159113191-lakes-6","category":"lakes"},"geometry":{"type":"Polygon","coordinates":[[[33.85,0.128],[33.85,0.128],[34.136,-0.319],[34.073,-1.06],[33.579,-1.506],[33.252,-1.958],[33.647,-2.301],[33.077,-2.547],[32.952,-2.43],[32.373,-2.49],[31.927,-2.715],[31.648,-2.329],[31.836,-1.629],[31.866,-1.027],[31.815,-0.64],[32.273,-0.056],[32.906,0.087],[33.332,0.325],[33.85,0.128]]]}},{"type":"Feature","properties":{"id":"lakes-ne-1159113095-lakes-7","category":"lakes"},"geometry":{"type":"Polygon","coordinates":[[[29.837,61.226],[29.837,61.226],[30.852,61.775],[32.527,61.118],[32.944,60.643],[32.816,60.482],[32.6,60.534],[32.584,60.209],[31.699,60.236],[31.51,59.92],[31.106,59.928],[31.109,60.146],[30.534,60.63],[30.502,60.843],[29.837,61.226]]]}},{"type":"Feature","properties":{"id":"lakes-ne-1159113111-lakes-8","category":"lakes"},"geometry":{"type":"Polygon","coordinates":[[[78.991,46.749],[78.991,46.749],[79.245,46.645],[78.89,46.37],[78.445,46.297],[77.206,46.396],[75.611,46.507],[75.463,46.671],[75.406,46.471],[74.911,46.405],[74.771,46.108],[74.278,46.004],[74.1,44.989],[73.437,45.609],[73.44,45.806],[73.737,46.013],[73.679,46.183],[74.021,46.205],[74.094,46.428],[74.939,46.817],[76.203,46.78],[77.181,46.643],[77.86,46.648],[78.297,46.469],[78.397,46.658],[78.991,46.749]]]}},{"type":"Feature","properties":{"id":"lakes-ne-1159113185-lakes-9","category":"lakes"},"geometry":{"type":"Polygon","coordinates":[[[30.806,-8.578],[30.464,-8.498],[30.567,-8.115],[30.277,-7.848],[30.147,-7.299],[29.537,-6.754],[29.193,-6.038],[29.372,-5.616],[29.102,-5.054],[29.281,-3.455],[29.653,-4.42],[29.6,-4.896],[29.792,-5.041],[29.758,-5.467],[29.951,-5.861],[29.722,-6.244],[30.528,-6.923],[30.604,-7.542],[31.189,-8.73],[31.022,-8.787],[30.806,-8.578],[30.806,-8.578]]]}},{"type":"Feature","properties":{"id":"lakes-ne-1159113163-lakes-10","category":"lakes"},"geometry":{"type":"Polygon","coordinates":[[[35.26,-14.277],[35.236,-14.401],[34.881,-14.012],[34.707,-14.262],[34.547,-14.048],[34.551,-13.672],[34.321,-13.379],[34.33,-12.945],[34.033,-12.209],[34.323,-11.653],[34.26,-10.448],[33.907,-9.802],[33.996,-9.495],[34.524,-10.03],[34.608,-11.081],[34.937,-11.463],[34.694,-12.422],[34.868,-13.701],[35.056,-13.743],[35.26,-14.277]]]}},{"type":"Feature","properties":{"id":"lakes-ne-1159113235-lakes-11","category":"lakes"},"geometry":{"type":"Polygon","coordinates":[[[13.979,59.205],[13.979,59.205],[13.984,59.086],[13.919,58.903],[13.283,58.609],[12.83,58.509],[12.46,58.506],[12.538,58.776],[12.522,58.88],[12.697,58.954],[13.027,58.994],[13.195,59.129],[13.591,59.336],[13.979,59.205]]]}},{"type":"Feature","properties":{"id":"lakes-ne-1159106781-lakes-12","category":"lakes"},"geometry":{"type":"Polygon","coordinates":[[[-80.706,26.789],[-80.932,26.823],[-80.92,27.069],[-80.694,27.035],[-80.706,26.789],[-80.706,26.789]]]}},{"type":"Feature","properties":{"id":"lakes-ne-1159106791-lakes-13","category":"lakes"},"geometry":{"type":"Polygon","coordinates":[[[-84.855,11.148],[-85.29,11.176],[-85.791,11.51],[-85.885,11.9],[-85.565,11.94],[-85.037,11.522],[-84.855,11.148],[-84.855,11.148]]]}},{"type":"Feature","properties":{"id":"lakes-ne-1159113265-lakes-14","category":"lakes"},"geometry":{"type":"Polygon","coordinates":[[[37.144,11.851],[37.015,12.036],[37.244,12.234],[37.518,12.161],[37.482,11.825],[37.336,11.713],[37.144,11.851],[37.144,11.851]]]}},{"type":"Feature","properties":{"id":"lakes-ne-1159113279-lakes-15","category":"lakes"},"geometry":{"type":"Polygon","coordinates":[[[-69.407,-16.126],[-69.729,-15.929],[-69.984,-15.737],[-69.877,-15.67],[-69.868,-15.546],[-69.886,-15.354],[-69.597,-15.41],[-68.987,-15.886],[-68.96,-15.913],[-68.746,-16.356],[-68.905,-16.507],[-69.001,-16.536],[-69.091,-16.462],[-69.182,-16.401],[-69.251,-16.228],[-69.407,-16.126],[-69.407,-16.126]]]}},{"type":"Feature","properties":{"id":"lakes-ne-1159123681-lakes-16","category":"lakes"},"geometry":{"type":"Polygon","coordinates":[[[-99.404,53.126],[-99.548,53.12],[-99.805,53.143],[-100.431,53.284],[-100.607,53.532],[-100.335,53.745],[-100.427,53.907],[-100.404,53.945],[-100.326,54.094],[-100.236,54.23],[-99.995,54.216],[-100.048,54.1],[-100.184,53.93],[-99.871,53.928],[-99.911,53.821],[-100.056,53.443],[-99.666,53.296],[-99.393,53.268],[-99.404,53.126],[-99.404,53.126]]]}},{"type":"Feature","properties":{"id":"lakes-ne-1159113251-lakes-17","category":"lakes"},"geometry":{"type":"Polygon","coordinates":[[[35.715,62.28],[36.054,61.716],[36.391,61.276],[36.109,61.015],[35.351,60.949],[34.867,61.116],[35.207,61.114],[35.578,61.086],[35.16,61.394],[34.857,61.552],[34.487,61.867],[34.265,62.219],[34.29,62.298],[34.666,62.23],[34.626,62.452],[34.836,62.297],[35.08,62.141],[35.217,62.193],[35.464,62.256],[35.14,62.488],[34.614,62.762],[34.995,62.748],[35.234,62.675],[35.715,62.28]]]}},{"type":"Feature","properties":{"id":"lakes-ne-1159113251-lakes-18","category":"lakes"},"geometry":{"type":"Polygon","coordinates":[[[-112.184,41.341],[-112.139,41.142],[-112.172,40.851],[-112.679,41.13],[-112.705,41.168],[-112.878,41.628],[-112.59,41.439],[-112.405,41.338],[-112.219,41.429],[-112.184,41.341]]]}},{"type":"Feature","properties":{"id":"lakes-ne-1159106721-lakes-19","category":"lakes"},"geometry":{"type":"Polygon","coordinates":[[[-117.759,66.224],[-117.974,65.855],[-118.107,65.767],[-119.72,65.735],[-119.746,65.654],[-119.665,65.527],[-119.702,65.368],[-121.355,64.88],[-121.336,64.995],[-120.945,65.378],[-121.057,65.446],[-122.565,65.031],[-123.233,65.18],[-123.18,65.319],[-122.326,65.794],[-122.356,65.902],[-124.954,66.049],[-124.898,66.151],[-119.487,66.969],[-119.357,66.875],[-120.177,66.465],[-117.605,66.559],[-117.613,66.42],[-117.759,66.224],[-117.759,66.224]]]}},{"type":"Feature","properties":{"id":"lakes-ne-1159106863-lakes-20","category":"lakes"},"geometry":{"type":"Polygon","coordinates":[[[-109.653,59.038],[-111.086,58.56],[-111.199,58.686],[-111.16,58.76],[-109.097,59.55],[-106.545,59.32],[-106.547,59.293],[-109.653,59.038],[-109.653,59.038]]]}},{"type":"Feature","properties":{"id":"lakes-ne-1159106817-lakes-21","category":"lakes"},"geometry":{"type":"Polygon","coordinates":[[[-101.895,58.014],[-101.895,58.014],[-101.544,57.868],[-101.971,57.349],[-101.934,57.231],[-103.204,56.345],[-103.283,56.41],[-103.149,56.704],[-103.078,56.711],[-103.014,56.565],[-102.577,56.938],[-102.813,57.287],[-102.814,57.464],[-102.129,58.019],[-101.895,58.014]]]}},{"type":"Feature","properties":{"id":"lakes-ne-1159113021-lakes-22","category":"lakes"},"geometry":{"type":"Polygon","coordinates":[[[-80.411,45.59],[-79.763,44.825],[-80.085,44.494],[-80.898,44.632],[-81.402,45.25],[-81.276,44.62],[-81.753,44.065],[-81.7,43.59],[-81.783,43.311],[-82.43,42.98],[-82.48,43.39],[-82.66,43.97],[-83.03,44.07],[-83.65,43.63],[-83.849,43.638],[-83.9,43.89],[-83.35,44.29],[-83.259,44.746],[-83.34,45.2],[-84.08,45.59],[-84.93,45.79],[-84.754,45.924],[-84.72,45.92],[-83.839,46.01],[-84.337,46.409],[-84.149,46.556],[-83.953,46.334],[-83.203,46.21],[-82.442,46.2],[-81.631,46.098],[-80.737,45.904],[-80.411,45.59]]]}},{"type":"Feature","properties":{"id":"lakes-ne-1159113005-lakes-23","category":"lakes"},"geometry":{"type":"Polygon","coordinates":[[[-85.54,46.03],[-84.754,45.924],[-84.93,45.79],[-85.07,45.41],[-85.29,45.308],[-85.467,44.815],[-85.56,45.15],[-85.96,44.911],[-86.209,44.575],[-86.47,44.084],[-86.52,43.66],[-86.188,43.041],[-86.216,42.382],[-86.622,41.894],[-86.824,41.756],[-87.094,41.646],[-87.434,41.641],[-87.526,41.709],[-87.796,42.234],[-87.803,42.494],[-87.777,42.741],[-87.902,43.231],[-87.712,43.797],[-87.486,44.493],[-86.967,45.263],[-87.118,45.259],[-87.853,44.615],[-87.988,44.733],[-87.596,45.094],[-87.0,45.74],[-86.32,45.83],[-85.54,46.03]]]}},{"type":"Feature","properties":{"id":"seas-ne-1159115171-seas-7","category":"seas"},"geometry":{"type":"Polygon","coordinates":[[[36.575,45.394],[36.617,45.392],[36.7,45.378],[36.721,45.372],[36.762,45.349],[36.811,45.34],[36.941,45.29],[36.873,45.252],[36.619,45.186],[36.627,45.151],[36.651,45.126],[36.944,45.07],[37.205,44.972],[37.284,44.905],[37.352,44.788],[37.411,44.735],[37.495,44.695],[37.573,44.671],[37.705,44.661],[37.851,44.699],[38.181,44.42],[38.312,44.374],[38.636,44.318],[38.717,44.288],[39.329,43.897],[39.517,43.728],[39.874,43.473],[39.978,43.42],[40.191,43.312],[40.462,43.146],[40.524,43.121],[40.836,43.064],[41.061,42.931],[41.129,42.828],[41.42,42.738],[41.489,42.659],[41.578,42.398],[41.663,42.147],[41.763,41.97],[41.761,41.885],[41.759,41.817],[41.702,41.705],[41.51,41.517],[41.414,41.424],[41.084,41.261],[40.96,41.212],[40.82,41.19],[40.687,41.107],[40.265,40.961],[40.128,40.943],[40.0,40.977],[39.911,40.967],[39.808,40.982],[39.426,41.106],[38.852,41.018],[38.557,40.936],[38.381,40.925],[37.91,41.002],[37.766,41.079],[37.431,41.114],[37.066,41.185],[36.992,41.276],[36.778,41.363],[36.647,41.352],[36.587,41.327],[36.509,41.262],[36.405,41.275],[36.278,41.336],[36.179,41.426],[36.052,41.683],[35.978,41.705],[35.92,41.714],[35.558,41.634],[35.298,41.729],[35.209,41.794],[35.122,41.891],[35.114,41.957],[35.141,41.989],[35.155,42.028],[35.007,42.064],[34.751,41.957],[34.193,41.963],[33.382,42.017],[33.285,42.005],[32.947,41.892],[32.542,41.806],[32.306,41.73],[32.087,41.589],[31.458,41.32],[31.346,41.158],[31.255,41.108],[30.81,41.085],[30.345,41.197],[29.919,41.151],[29.322,41.228],[29.148,41.221],[29.133,41.209],[29.054,41.215],[29.057,41.23],[28.947,41.249],[28.347,41.467],[28.198,41.554],[28.05,41.729],[27.987,41.855],[28.014,41.969],[27.982,42.048],[27.822,42.208],[27.708,42.35],[27.64,42.401],[27.485,42.468],[27.754,42.706],[27.818,42.717],[27.889,42.75],[27.897,43.021],[27.929,43.186],[27.979,43.23],[28.035,43.268],[28.134,43.395],[28.32,43.427],[28.466,43.389],[28.562,43.501],[28.585,43.742],[28.59,43.798],[28.659,43.984],[28.646,44.296],[28.699,44.374],[28.852,44.506],[28.888,44.575],[28.807,44.565],[28.814,44.602],[28.847,44.637],[28.849,44.716],[28.87,44.75],[28.926,44.81],[28.892,44.919],[28.931,44.966],[28.98,44.993],[29.095,44.975],[29.048,44.926],[29.069,44.871],[29.081,44.799],[29.048,44.758],[29.557,44.843],[29.605,44.916],[29.636,44.98],[29.678,45.152],[29.689,45.193],[29.706,45.26],[29.727,45.343],[29.671,45.541],[29.601,45.6],[29.602,45.682],[29.628,45.723],[29.685,45.754],[29.821,45.732],[29.902,45.752],[30.007,45.798],[30.184,45.85],[30.219,45.867],[30.493,46.09],[30.511,46.105],[30.657,46.267],[30.672,46.304],[30.721,46.366],[30.773,46.473],[30.796,46.552],[31.137,46.624],[31.32,46.613],[31.403,46.629],[31.497,46.738],[31.563,46.777],[31.532,46.665],[31.657,46.642],[31.78,46.632],[31.873,46.65],[31.901,46.722],[31.913,46.926],[31.866,47.003],[31.837,47.087],[31.759,47.213],[31.838,47.157],[31.865,47.095],[31.94,46.982],[31.964,46.855],[31.945,46.784],[31.975,46.709],[32.044,46.642],[32.127,46.597],[32.354,46.565],[32.578,46.615],[32.552,46.592],[32.419,46.518],[32.361,46.475],[32.132,46.51],[31.878,46.522],[31.716,46.555],[31.555,46.555],[31.624,46.51],[31.714,46.472],[31.856,46.462],[32.008,46.43],[32.013,46.387],[31.991,46.365],[31.916,46.349],[31.843,46.346],[31.78,46.325],[31.831,46.281],[31.925,46.287],[32.036,46.261],[32.33,46.13],[32.477,46.084],[32.797,46.132],[32.942,46.124],[33.202,46.176],[33.264,46.126],[33.43,46.058],[33.499,46.079],[33.594,46.096],[33.637,46.033],[33.665,45.947],[33.466,45.838],[33.28,45.765],[33.142,45.749],[32.828,45.593],[32.508,45.404],[32.552,45.35],[32.612,45.328],[32.773,45.359],[32.919,45.348],[33.187,45.195],[33.261,45.171],[33.393,45.188],[33.555,45.098],[33.601,44.981],[33.612,44.908],[33.53,44.68],[33.491,44.619],[33.463,44.597],[33.451,44.554],[33.656,44.433],[33.756,44.399],[33.91,44.388],[34.074,44.424],[34.282,44.538],[34.47,44.722],[34.717,44.807],[34.888,44.824],[35.088,44.802],[35.155,44.896],[35.358,44.979],[35.473,45.098],[35.57,45.119],[35.678,45.102],[35.76,45.071],[35.804,45.04],[35.87,45.005],[36.055,45.031],[36.23,45.026],[36.394,45.065],[36.429,45.153],[36.451,45.232],[36.514,45.304],[36.575,45.394]]]}},{"type":"Feature","properties":{"id":"seas-ne-1159115197-seas-8","category":"seas"},"geometry":{"type":"Polygon","coordinates":[[[139.038,34.77],[139.797,33.92],[140.114,33.126],[140.485,31.909],[140.485,31.115],[140.908,30.004],[142.019,28.31],[142.443,27.623],[142.549,26.723],[142.443,25.982],[142.125,25.03],[141.543,23.865],[141.543,22.543],[141.808,21.749],[142.39,21.273],[144.665,20.902],[145.353,20.638],[145.882,19.632],[146.2,18.838],[146.253,17.674],[146.306,16.616],[146.2,15.663],[145.882,14.605],[145.247,13.441],[144.718,12.912],[128.574,2.622],[126.94,4.28],[126.857,4.195],[126.921,4.291],[126.887,4.373],[126.865,4.48],[126.812,4.537],[126.757,4.548],[126.721,4.416],[126.722,4.344],[126.767,4.283],[126.813,4.258],[126.77,4.162],[126.704,4.071],[126.708,4.044],[126.667,4.017],[126.685,4.002],[126.74,3.918],[126.719,3.875],[126.722,3.832],[126.661,3.929],[126.646,4.004],[125.676,3.397],[125.651,3.427],[125.633,3.405],[125.512,3.461],[125.517,3.55],[125.501,3.593],[125.469,3.639],[125.463,3.658],[125.425,3.705],[125.378,5.618],[125.456,5.664],[125.608,5.87],[125.668,5.979],[125.668,5.985],[126.171,6.344],[126.189,6.31],[126.221,6.483],[126.24,6.734],[126.192,6.853],[126.217,6.891],[126.294,6.882],[126.439,7.013],[126.547,7.176],[126.582,7.248],[126.59,7.325],[126.593,7.547],[126.57,7.677],[126.545,7.725],[126.494,7.757],[126.436,7.833],[126.425,7.928],[126.457,8.149],[126.459,8.203],[126.38,8.327],[126.365,8.484],[126.283,8.539],[126.173,8.56],[126.14,8.596],[126.142,8.627],[126.22,8.696],[126.263,8.744],[126.32,8.845],[126.305,8.952],[126.209,9.081],[126.192,9.125],[126.193,9.277],[126.168,9.273],[126.1,9.75],[126.098,9.767],[126.059,9.766],[126.047,9.761],[125.991,9.838],[125.998,9.927],[126.058,10.031],[125.677,10.363],[125.685,10.392],[125.667,10.44],[125.648,10.437],[125.642,10.428],[125.661,10.607],[125.712,11.077],[125.735,11.05],[125.749,11.073],[125.704,11.165],[125.628,11.234],[125.574,11.238],[125.582,11.279],[125.609,11.323],[125.593,11.378],[125.506,11.544],[125.492,11.594],[125.5,11.655],[125.497,11.714],[125.465,11.771],[125.457,11.952],[125.513,12.054],[125.503,12.136],[125.535,12.192],[125.481,12.252],[125.409,12.285],[125.352,12.293],[125.32,12.322],[125.327,12.387],[125.311,12.446],[125.24,12.528],[125.15,12.573],[124.84,12.534],[124.566,12.526],[124.3,12.568],[124.101,12.688],[124.137,12.791],[124.143,13.036],[124.105,13.025],[124.069,13.032],[123.955,13.1],[123.873,13.117],[123.785,13.111],[123.817,13.192],[123.819,13.269],[123.765,13.354],[123.703,13.431],[123.608,13.528],[123.549,13.646],[123.607,13.704],[123.806,13.722],[123.857,13.8],[123.816,13.837],[123.726,13.884],[123.684,13.897],[123.633,13.899],[123.432,13.966],[123.377,14.029],[123.32,14.062],[123.281,14.025],[123.259,13.975],[123.305,13.937],[123.297,13.836],[123.231,13.747],[123.102,13.75],[123.06,13.789],[123.057,13.846],[123.071,13.903],[123.071,13.96],[123.014,14.08],[122.934,14.188],[122.856,14.251],[122.761,14.285],[122.627,14.318],[122.491,14.322],[122.384,14.264],[122.283,14.191],[122.238,14.175],[122.2,14.148],[122.203,14.112],[122.275,14.045],[122.287,13.996],[122.229,13.98],[122.212,13.93],[122.145,13.932],[122.079,13.947],[121.912,14.02],[121.853,14.063],[121.801,14.114],[121.767,14.168],[121.752,14.234],[121.649,14.482],[121.628,14.581],[121.626,14.682],[121.695,14.737],[121.686,14.765],[121.66,14.79],[121.544,14.999],[121.435,15.216],[121.399,15.267],[121.393,15.324],[121.412,15.375],[121.452,15.417],[121.49,15.509],[121.579,15.623],[121.607,15.67],[121.609,15.726],[121.59,15.778],[121.561,15.827],[121.595,15.933],[121.685,16.015],[121.789,16.077],[121.975,16.158],[122.135,16.185],[122.214,16.351],[122.226,16.435],[122.425,16.823],[122.468,16.99],[122.5,17.058],[122.519,17.125],[122.468,17.155],[122.407,17.178],[122.393,17.238],[122.387,17.307],[122.363,17.345],[122.269,17.395],[122.237,17.435],[122.175,17.576],[122.152,17.664],[122.151,17.756],[122.179,18.064],[122.223,18.157],[122.294,18.234],[122.315,18.32],[122.3,18.403],[122.266,18.459],[122.221,18.501],[122.179,18.493],[122.266,19.057],[122.266,19.651],[122.054,20.441],[121.862,20.756],[121.83,20.701],[121.79,20.701],[121.796,20.747],[121.83,20.809],[121.795,20.866],[121.385,21.231],[120.822,21.93],[120.822,21.931],[120.84,21.925],[120.864,22.032],[120.871,22.086],[120.878,22.141],[120.877,22.262],[120.897,22.379],[120.947,22.503],[121.009,22.62],[121.161,22.776],[121.296,22.966],[121.352,23.067],[121.397,23.172],[121.477,23.424],[121.526,23.668],[121.584,23.861],[121.613,24.053],[121.639,24.13],[121.737,24.285],[121.828,24.534],[121.826,24.641],[121.813,24.747],[121.82,24.824],[121.856,24.895],[121.929,24.974],[121.926,24.984],[121.964,24.994],[122.176,24.748],[123.093,23.936],[123.975,23.654],[125.315,24.113],[127.009,25.277],[127.656,26.095],[127.729,26.097],[127.803,26.153],[127.807,26.171],[127.785,26.209],[127.79,26.255],[127.849,26.319],[127.905,26.328],[127.872,26.376],[127.932,26.453],[127.951,26.456],[128.038,26.534],[128.127,26.552],[128.162,26.607],[128.259,26.653],[128.311,26.721],[128.332,26.812],[128.258,26.879],[128.49,27.182],[128.906,27.725],[128.9,27.728],[128.883,27.843],[128.908,27.898],[128.952,27.91],[128.985,27.825],[129.225,28.118],[129.192,28.192],[129.258,28.176],[129.264,28.166],[129.286,28.192],[129.367,28.128],[129.453,28.209],[129.439,28.255],[129.457,28.272],[129.513,28.299],[129.575,28.361],[129.642,28.412],[129.711,28.432],[129.715,28.47],[129.689,28.517],[129.598,28.476],[129.577,28.461],[129.561,28.431],[129.509,28.398],[129.464,28.395],[129.448,28.391],[129.584,28.558],[130.678,29.792],[130.854,30.215],[130.607,30.603],[130.713,30.992],[130.7,31.021],[130.902,31.112],[131.099,31.256],[131.035,31.378],[131.071,31.437],[131.14,31.442],[131.25,31.41],[131.337,31.405],[131.46,31.671],[131.475,31.779],[131.46,31.883],[131.505,32.002],[131.531,32.117],[131.565,32.223],[131.61,32.325],[131.661,32.465],[131.732,32.593],[131.976,32.844],[132.002,32.882],[132.004,32.894],[132.495,32.896],[132.495,32.916],[132.602,32.92],[132.709,32.903],[132.642,32.762],[132.692,32.776],[132.805,32.752],[132.87,32.754],[132.977,32.842],[133.016,32.984],[133.051,33.013],[133.101,33.028],[133.145,33.083],[133.24,33.25],[133.286,33.36],[133.632,33.511],[133.686,33.516],[133.854,33.493],[133.959,33.448],[134.124,33.287],[134.181,33.247],[134.206,33.347],[134.243,33.44],[134.306,33.527],[134.377,33.608],[134.549,33.729],[134.739,33.821],[134.736,33.822],[135.171,33.908],[135.175,33.898],[135.257,33.806],[135.347,33.722],[135.394,33.629],[135.453,33.553],[135.695,33.487],[135.916,33.562],[136.073,33.778],[136.268,34.095],[136.33,34.177],[136.545,34.258],[136.792,34.299],[136.854,34.324],[136.881,34.381],[136.88,34.433],[136.842,34.464],[136.616,34.589],[136.533,34.678],[136.577,34.79],[136.69,34.984],[136.744,35.023],[136.804,35.05],[136.852,35.059],[136.897,35.036],[136.853,34.978],[136.856,34.912],[136.884,34.806],[136.871,34.733],[136.913,34.709],[136.944,34.721],[136.935,34.815],[136.963,34.835],[137.006,34.814],[137.032,34.766],[137.097,34.759],[137.223,34.775],[137.275,34.773],[137.296,34.728],[137.288,34.703],[137.077,34.621],[137.062,34.583],[137.318,34.636],[137.543,34.664],[137.749,34.647],[137.864,34.651],[137.979,34.641],[138.189,34.596],[138.253,34.732],[138.349,34.848],[138.433,34.915],[138.51,34.987],[138.537,35.044],[138.577,35.086],[138.72,35.124],[138.821,35.095],[138.904,35.025],[138.803,34.975],[138.804,34.876],[138.761,34.699],[138.795,34.651],[138.838,34.619],[138.897,34.628],[138.983,34.699],[139.015,34.736],[139.038,34.77]],[[144.837,13.622],[144.79,13.527],[144.649,13.429],[144.65,13.313],[144.663,13.291],[144.7,13.258],[144.742,13.259],[144.78,13.411],[144.941,13.571],[144.91,13.599],[144.875,13.614],[144.837,13.622]],[[130.87,30.444],[130.872,30.386],[130.96,30.397],[130.993,30.53],[131.057,30.642],[131.083,30.791],[131.06,30.828],[131.04,30.819],[131.012,30.792],[130.947,30.671],[130.94,30.575],[130.87,30.444]],[[124.225,14.077],[124.186,14.059],[124.154,14.026],[124.123,13.98],[124.124,13.791],[124.039,13.663],[124.057,13.605],[124.175,13.531],[124.248,13.586],[124.295,13.59],[124.327,13.567],[124.354,13.632],[124.404,13.68],[124.396,13.75],[124.417,13.871],[124.337,13.931],[124.308,13.947],[124.225,14.077]],[[122.017,14.965],[122.032,14.972],[122.051,14.97],[122.033,15.005],[121.971,15.046],[121.84,15.038],[121.82,14.964],[121.862,14.917],[121.889,14.84],[121.923,14.8],[121.934,14.737],[121.922,14.715],[121.911,14.666],[121.933,14.656],[121.989,14.662],[122.022,14.76],[121.97,14.893],[122.017,14.965]]]}},{"type":"Feature","properties":{"id":"seas-ne-1159115233-seas-9","category":"seas"},"geometry":{"type":"Polygon","coordinates":[[[167.527,-47.242],[166.384,-48.156],[166.103,-50.539],[166.101,-50.539],[166.102,-50.553],[166.097,-50.594],[166.074,-50.679],[165.916,-50.763],[165.899,-50.792],[146.779,-43.632],[146.36,-43.518],[146.413,-43.52],[146.549,-43.509],[146.699,-43.602],[146.834,-43.619],[146.874,-43.612],[146.954,-43.502],[147.005,-43.369],[147.036,-43.319],[147.077,-43.276],[146.987,-43.219],[146.985,-43.19],[146.997,-43.156],[147.173,-43.256],[147.245,-43.216],[147.26,-43.127],[147.26,-43.071],[147.281,-43.032],[147.325,-43.013],[147.343,-42.965],[147.348,-42.926],[147.302,-42.84],[147.298,-42.791],[147.408,-42.894],[147.452,-43.033],[147.537,-42.996],[147.549,-42.975],[147.536,-42.878],[147.574,-42.845],[147.693,-42.872],[147.8,-42.928],[147.807,-42.954],[147.801,-42.98],[147.774,-43.003],[147.687,-42.98],[147.648,-43.021],[147.699,-43.123],[147.786,-43.22],[147.839,-43.195],[147.946,-43.182],[147.981,-43.157],[147.958,-42.96],[147.915,-42.816],[147.912,-42.659],[147.924,-42.572],[147.974,-42.506],[148.01,-42.436],[148.005,-42.345],[148.023,-42.259],[148.067,-42.17],[148.128,-42.104],[148.156,-42.088],[148.141,-42.07],[148.167,-42.012],[148.214,-41.97],[148.241,-42.022],[148.204,-42.042],[148.183,-42.065],[148.256,-42.103],[148.277,-42.136],[148.285,-42.173],[148.277,-42.219],[148.29,-42.255],[148.331,-42.262],[148.343,-42.215],[148.331,-42.159],[148.341,-42.111],[148.328,-42.074],[148.301,-42.04],[148.302,-42.004],[148.316,-41.928],[148.287,-41.816],[148.296,-41.646],[148.287,-41.555],[148.29,-41.465],[148.312,-41.35],[148.306,-41.233],[148.292,-41.174],[148.285,-41.115],[148.293,-40.947],[148.215,-40.855],[148.054,-40.789],[148.143,-40.557],[148.127,-40.544],[148.117,-40.521],[148.161,-40.511],[148.182,-40.456],[148.214,-40.457],[148.319,-40.435],[148.353,-40.497],[148.404,-40.486],[148.474,-40.433],[148.421,-40.367],[148.326,-40.307],[148.198,-40.358],[148.172,-40.358],[148.159,-40.247],[148.21,-40.234],[148.3,-40.173],[148.313,-40.174],[148.323,-40.145],[148.251,-40.1],[148.29,-40.065],[148.297,-39.986],[148.27,-39.967],[148.178,-39.938],[148.001,-39.758],[147.951,-39.735],[149.444,-37.805],[149.439,-37.778],[149.481,-37.771],[149.565,-37.73],[149.709,-37.617],[149.809,-37.548],[149.933,-37.528],[149.962,-37.444],[149.963,-37.353],[149.986,-37.259],[149.951,-37.08],[149.96,-36.845],[149.988,-36.723],[150.063,-36.551],[150.096,-36.373],[150.129,-36.12],[150.159,-35.971],[150.195,-35.834],[150.292,-35.682],[150.374,-35.584],[150.568,-35.214],[150.634,-35.178],[150.69,-35.178],[150.715,-35.155],[150.722,-35.134],[150.706,-35.12],[150.681,-35.077],[150.697,-35.042],[150.756,-35.007],[150.775,-35.02],[150.805,-35.013],[150.809,-34.994],[150.781,-34.892],[150.822,-34.749],[150.871,-34.499],[150.927,-34.387],[150.96,-34.297],[151.09,-34.162],[151.232,-34.03],[151.191,-34.015],[151.125,-34.005],[151.168,-33.973],[151.202,-33.964],[151.244,-33.985],[151.28,-33.926],[151.288,-33.835],[151.323,-33.699],[151.292,-33.581],[151.358,-33.544],[151.432,-33.522],[151.463,-33.397],[151.484,-33.348],[151.53,-33.301],[151.608,-33.202],[151.668,-33.099],[151.813,-32.901],[151.954,-32.82],[152.164,-32.757],[152.188,-32.722],[152.135,-32.7],[152.137,-32.678],[152.216,-32.678],[152.248,-32.609],[152.331,-32.557],[152.471,-32.439],[152.517,-32.33],[152.545,-32.243],[152.559,-32.046],[152.786,-31.786],[152.944,-31.435],[152.982,-31.209],[153.021,-31.086],[153.048,-30.907],[153.024,-30.72],[153.03,-30.564],[153.188,-30.164],[153.224,-29.998],[153.272,-29.893],[153.275,-29.876],[153.278,-29.876],[159.041,-29.876],[159.041,-31.591],[171.988,-34.061],[172.447,-34.237],[172.729,-34.449],[172.729,-34.452],[172.706,-34.455],[172.861,-34.632],[173.03,-34.8],[173.118,-34.903],[173.191,-35.016],[173.189,-35.124],[173.116,-35.205],[173.16,-35.248],[173.228,-35.331],[173.275,-35.34],[173.291,-35.366],[173.29,-35.408],[173.314,-35.444],[173.376,-35.5],[173.402,-35.481],[173.454,-35.399],[173.496,-35.363],[173.542,-35.33],[173.582,-35.313],[173.626,-35.319],[173.61,-35.357],[173.586,-35.388],[173.481,-35.459],[173.412,-35.542],[173.945,-36.176],[173.991,-36.237],[174.055,-36.36],[174.098,-36.391],[174.146,-36.377],[174.166,-36.328],[174.142,-36.29],[174.003,-36.146],[173.917,-36.018],[173.909,-35.954],[173.914,-35.909],[173.97,-36.021],[174.036,-36.122],[174.254,-36.249],[174.277,-36.244],[174.252,-36.195],[174.268,-36.163],[174.303,-36.171],[174.393,-36.24],[174.395,-36.274],[174.353,-36.323],[174.354,-36.376],[174.41,-36.406],[174.447,-36.451],[174.454,-36.511],[174.432,-36.564],[174.402,-36.602],[174.246,-36.485],[174.189,-36.492],[174.382,-36.726],[174.406,-36.768],[174.445,-36.882],[174.475,-36.942],[174.537,-36.973],[174.601,-36.986],[174.668,-36.972],[174.733,-36.95],[174.782,-36.944],[174.929,-37.085],[174.864,-37.089],[174.803,-37.11],[174.746,-37.15],[174.734,-37.215],[174.66,-37.089],[174.61,-37.07],[174.586,-37.098],[174.673,-37.273],[174.707,-37.325],[174.768,-37.339],[174.744,-37.394],[174.729,-37.449],[174.749,-37.505],[174.846,-37.685],[174.928,-37.805],[174.88,-37.821],[174.837,-37.849],[174.802,-37.896],[174.84,-38.023],[174.809,-38.1],[174.716,-38.225],[174.653,-38.429],[174.618,-38.605],[174.597,-38.785],[174.566,-38.841],[174.458,-38.926],[174.399,-38.962],[174.356,-38.972],[174.312,-38.971],[174.072,-39.031],[173.844,-39.139],[173.806,-39.169],[173.782,-39.211],[173.766,-39.265],[173.764,-39.319],[173.783,-39.376],[173.812,-39.425],[173.935,-39.509],[174.149,-39.568],[174.352,-39.644],[174.455,-39.735],[174.567,-39.813],[174.687,-39.847],[174.814,-39.86],[175.009,-39.952],[175.156,-40.115],[175.21,-40.2],[175.254,-40.29],[175.2,-40.506],[175.162,-40.621],[175.052,-40.792],[174.081,-41.006],[174.0,-40.993],[173.998,-41.028],[174.024,-41.072],[173.957,-41.1],[173.914,-41.158],[173.933,-41.187],[173.897,-41.239],[173.798,-41.272],[173.863,-41.192],[173.86,-41.125],[173.915,-41.07],[173.88,-41.032],[173.89,-41.007],[173.953,-40.985],[174.002,-40.918],[173.947,-40.924],[173.898,-40.951],[173.784,-40.972],[173.738,-40.989],[173.563,-41.102],[173.447,-41.152],[173.338,-41.211],[173.231,-41.284],[173.115,-41.279],[173.069,-41.186],[173.052,-41.079],[173.042,-40.954],[172.988,-40.848],[172.869,-40.82],[172.767,-40.773],[172.729,-40.724],[172.704,-40.668],[172.711,-40.606],[172.733,-40.544],[172.943,-40.519],[172.83,-40.49],[172.711,-40.497],[172.641,-40.518],[172.468,-40.622],[172.272,-40.758],[172.14,-40.947],[172.093,-41.201],[172.011,-41.445],[171.948,-41.538],[171.831,-41.655],[171.732,-41.719],[171.672,-41.745],[171.536,-41.758],[171.486,-41.795],[171.421,-41.973],[171.36,-42.08],[171.323,-42.189],[171.297,-42.303],[171.252,-42.402],[171.296,-42.431],[171.314,-42.46],[171.257,-42.466],[171.222,-42.479],[171.19,-42.501],[171.028,-42.696],[171.047,-42.802],[171.038,-42.862],[171.011,-42.885],[171.018,-42.819],[171.011,-42.763],[170.97,-42.719],[170.841,-42.849],[170.742,-42.928],[170.725,-42.976],[170.735,-43.03],[170.665,-42.961],[170.616,-42.973],[170.524,-43.009],[170.536,-43.041],[170.612,-43.092],[170.536,-43.058],[170.458,-43.038],[170.38,-43.066],[170.303,-43.107],[170.374,-43.134],[170.396,-43.182],[170.356,-43.153],[170.3,-43.144],[170.24,-43.164],[170.19,-43.222],[170.149,-43.248],[170.104,-43.265],[170.018,-43.349],[169.859,-43.426],[169.908,-43.447],[169.891,-43.461],[169.835,-43.459],[169.824,-43.497],[169.834,-43.537],[169.769,-43.539],[169.662,-43.591],[169.516,-43.623],[169.323,-43.702],[169.169,-43.777],[169.136,-43.82],[169.179,-43.913],[169.136,-43.9],[169.066,-43.864],[168.991,-43.89],[168.806,-43.992],[168.775,-43.996],[168.651,-43.972],[168.458,-44.03],[168.367,-44.082],[168.196,-44.223],[168.019,-44.359],[167.857,-44.501],[167.867,-44.592],[167.902,-44.625],[167.909,-44.665],[167.859,-44.625],[167.787,-44.595],[167.698,-44.642],[167.578,-44.741],[167.485,-44.772],[167.46,-44.802],[167.456,-44.838],[167.482,-44.874],[167.479,-44.915],[167.466,-44.958],[167.411,-44.828],[167.195,-44.963],[167.172,-44.997],[167.205,-45.048],[167.26,-45.082],[167.188,-45.094],[167.128,-45.051],[167.026,-45.124],[167.023,-45.177],[167.033,-45.223],[167.127,-45.266],[167.207,-45.28],[167.23,-45.29],[167.145,-45.302],[167.118,-45.318],[167.112,-45.354],[167.156,-45.411],[167.052,-45.383],[166.909,-45.308],[166.869,-45.311],[166.875,-45.368],[166.92,-45.408],[166.778,-45.41],[166.743,-45.469],[166.734,-45.544],[166.869,-45.55],[166.991,-45.532],[166.826,-45.603],[166.798,-45.646],[166.81,-45.699],[167.003,-45.712],[166.953,-45.75],[166.836,-45.774],[166.513,-45.812],[166.488,-45.832],[166.478,-45.903],[166.493,-45.964],[166.612,-45.955],[166.718,-45.889],[166.734,-45.928],[166.727,-45.963],[166.65,-46.042],[166.731,-46.053],[166.856,-45.981],[166.917,-45.957],[166.712,-46.134],[166.732,-46.198],[166.831,-46.225],[167.1,-46.25],[167.369,-46.242],[167.414,-46.229],[167.49,-46.155],[167.54,-46.149],[167.682,-46.193],[167.722,-46.227],[167.842,-46.366],[167.9,-46.368],[167.961,-46.362],[167.971,-46.489],[167.856,-46.698],[167.784,-46.7],[167.766,-46.798],[167.778,-46.837],[167.665,-47.04],[167.654,-47.044],[167.631,-47.088],[167.631,-47.103],[167.598,-47.162],[167.539,-47.199],[167.527,-47.242]]]}},{"type":"Feature","properties":{"id":"seas-ne-1159115273-seas-11","category":"seas"},"geometry":{"type":"Polygon","coordinates":[[[120.822,21.931],[120.822,21.93],[121.385,21.231],[121.795,20.866],[121.83,20.809],[121.796,20.747],[121.79,20.701],[121.83,20.701],[121.862,20.756],[122.054,20.441],[122.266,19.651],[122.266,19.057],[122.179,18.493],[122.147,18.486],[122.077,18.372],[122.039,18.328],[121.948,18.285],[121.846,18.295],[121.717,18.33],[121.593,18.376],[121.254,18.563],[121.101,18.615],[121.051,18.613],[120.925,18.585],[120.868,18.599],[120.814,18.603],[120.709,18.546],[120.6,18.508],[120.585,18.368],[120.551,18.264],[120.505,18.163],[120.359,17.638],[120.372,17.535],[120.425,17.438],[120.427,17.377],[120.411,17.27],[120.42,17.09],[120.409,16.956],[120.321,16.762],[120.305,16.646],[120.305,16.529],[120.325,16.401],[120.389,16.222],[120.389,16.161],[120.369,16.109],[120.337,16.067],[120.271,16.051],[120.16,16.048],[120.124,16.066],[120.034,16.185],[119.985,16.215],[119.93,16.239],[119.886,16.287],[119.831,16.326],[119.79,16.303],[119.773,16.255],[119.762,16.055],[119.769,16.008],[119.808,15.952],[119.86,15.906],[119.881,15.875],[119.892,15.837],[119.933,15.431],[119.96,15.34],[120.005,15.229],[120.037,15.115],[120.045,14.978],[120.082,14.851],[120.138,14.8],[120.214,14.809],[120.251,14.793],[120.284,14.684],[120.365,14.608],[120.396,14.493],[120.439,14.453],[120.496,14.44],[120.555,14.442],[120.589,14.483],[120.583,14.594],[120.547,14.766],[120.583,14.881],[120.639,14.816],[120.708,14.777],[120.805,14.759],[120.888,14.716],[120.941,14.645],[120.952,14.558],[120.922,14.493],[120.688,14.291],[120.643,14.244],[120.617,14.188],[120.617,13.995],[120.637,13.804],[120.729,13.901],[120.841,13.885],[120.932,13.762],[120.974,13.76],[120.941,13.529],[120.934,13.497],[120.915,13.501],[120.755,13.471],[120.705,13.48],[120.653,13.497],[120.468,13.522],[120.401,13.517],[120.353,13.473],[120.338,13.412],[120.388,13.402],[120.438,13.405],[120.455,13.393],[120.481,13.311],[120.508,13.26],[120.573,13.209],[120.651,13.169],[120.68,13.131],[120.763,12.97],[120.769,12.841],[120.771,12.828],[120.744,12.824],[120.215,12.231],[120.228,12.22],[120.193,12.167],[120.155,12.152],[120.1,12.168],[120.078,12.198],[119.964,12.27],[119.916,12.319],[119.897,12.313],[119.885,12.3],[119.88,12.28],[119.892,12.272],[119.87,12.244],[119.866,12.199],[119.896,12.179],[119.899,12.174],[119.497,11.382],[119.501,11.346],[119.465,11.294],[119.341,11.033],[119.306,10.974],[119.261,10.845],[119.297,10.751],[119.313,10.687],[119.287,10.574],[119.224,10.478],[119.186,10.439],[119.143,10.409],[119.08,10.386],[119.024,10.354],[118.845,10.131],[118.82,10.106],[118.728,10.035],[118.691,9.99],[118.533,9.794],[118.344,9.603],[118.115,9.347],[118.024,9.27],[117.983,9.254],[117.931,9.251],[117.885,9.241],[117.745,9.098],[117.593,8.968],[117.53,8.903],[117.418,8.767],[117.35,8.714],[117.256,8.541],[117.229,8.457],[117.219,8.367],[117.197,8.321],[117.044,8.062],[117.077,8.069],[117.08,7.884],[117.029,7.807],[116.97,7.895],[116.972,7.94],[116.824,7.69],[116.759,7.009],[116.77,6.987],[116.75,6.977],[116.538,6.583],[116.495,6.522],[116.138,6.129],[116.11,6.003],[116.06,5.882],[115.918,5.725],[115.877,5.613],[115.797,5.536],[115.741,5.533],[115.685,5.535],[115.625,5.549],[115.604,5.603],[115.556,5.567],[115.419,5.413],[115.422,5.33],[115.467,5.254],[115.582,5.194],[115.555,5.093],[115.52,5.049],[115.428,4.969],[115.375,4.933],[115.14,4.9],[115.027,4.9],[115.047,4.963],[115.048,5.017],[114.995,5.022],[114.84,4.946],[114.741,4.881],[114.646,4.798],[114.545,4.724],[114.424,4.66],[114.3,4.607],[114.178,4.591],[114.054,4.593],[114.012,4.575],[113.984,4.546],[113.991,4.483],[113.988,4.421],[113.952,4.289],[113.924,4.243],[113.712,4.002],[113.446,3.741],[113.32,3.561],[113.14,3.343],[113.045,3.205],[112.988,3.162],[112.921,3.131],[112.737,3.07],[112.119,2.915],[111.728,2.854],[111.623,2.818],[111.513,2.743],[111.443,2.634],[111.441,2.498],[111.451,2.424],[111.444,2.381],[111.406,2.368],[111.352,2.364],[111.296,2.399],[111.242,2.436],[111.209,2.38],[111.196,2.297],[111.209,2.198],[111.268,2.14],[111.251,2.064],[111.198,1.985],[111.17,1.902],[111.154,1.739],[111.11,1.684],[111.047,1.634],[111.029,1.558],[111.058,1.486],[111.124,1.449],[111.223,1.396],[111.145,1.387],[111.099,1.401],[110.94,1.517],[110.895,1.533],[110.782,1.521],[110.675,1.548],[110.4,1.7],[110.349,1.72],[110.298,1.701],[110.246,1.695],[110.114,1.699],[109.985,1.718],[109.865,1.764],[109.72,1.858],[109.694,1.889],[109.629,2.027],[109.378,1.923],[109.318,1.821],[109.273,1.706],[109.167,1.607],[109.076,1.496],[109.056,1.438],[109.01,1.24],[109.066,1.247],[109.096,1.258],[109.132,1.254],[109.088,1.224],[109.031,1.204],[108.959,1.135],[108.917,0.913],[108.906,0.794],[108.923,0.533],[108.944,0.356],[109.075,0.253],[109.149,0.168],[109.181,0.118],[109.22,0.074],[109.247,0.056],[109.258,0.031],[109.195,-0.009],[109.165,-0.142],[109.15,-0.186],[109.122,-0.265],[109.121,-0.391],[109.13,-0.446],[109.16,-0.495],[109.257,-0.577],[109.372,-0.638],[109.366,-0.667],[109.312,-0.68],[109.271,-0.732],[109.259,-0.807],[109.289,-0.846],[109.333,-0.875],[109.454,-0.869],[109.682,-0.944],[109.787,-1.011],[109.874,-1.101],[109.938,-1.181],[109.983,-1.275],[110.019,-1.399],[110.036,-1.526],[110.023,-1.642],[109.964,-1.743],[109.96,-1.863],[110.075,-1.946],[110.096,-2.001],[110.124,-2.234],[110.225,-2.689],[110.232,-2.91],[110.217,-2.91],[108.276,-2.875],[108.272,-2.868],[108.29,-2.83],[108.215,-2.697],[108.156,-2.655],[108.136,-2.619],[108.087,-2.606],[108.074,-2.597],[108.013,-2.585],[107.852,-2.542],[107.838,-2.53],[107.823,-2.534],[107.782,-2.522],[106.825,-2.574],[106.824,-2.576],[106.818,-2.573],[106.366,-2.465],[106.209,-2.189],[106.162,-1.867],[106.127,-1.8],[106.08,-1.738],[106.046,-1.669],[106.027,-1.593],[105.981,-1.539],[105.91,-1.505],[105.816,-1.506],[105.72,-1.534],[105.755,-1.659],[105.701,-1.731],[105.668,-1.681],[105.64,-1.61],[105.585,-1.527],[105.459,-1.575],[105.413,-1.611],[105.373,-1.657],[105.364,-1.705],[105.386,-1.751],[105.375,-1.813],[105.316,-1.861],[105.191,-1.917],[105.138,-1.973],[105.133,-2.043],[105.248,-2.08],[105.293,-2.114],[105.343,-2.125],[105.553,-2.079],[105.599,-2.103],[105.705,-2.132],[105.786,-2.181],[105.807,-2.308],[105.863,-2.416],[105.908,-2.452],[105.939,-2.493],[105.908,-2.643],[105.937,-2.744],[105.999,-2.825],[106.126,-2.855],[106.25,-2.894],[106.341,-2.949],[106.398,-2.966],[106.449,-2.994],[106.496,-3.029],[106.547,-3.055],[106.556,-3.057],[106.531,-3.102],[106.088,-3.219],[106.058,-3.217],[106.056,-3.161],[106.044,-3.106],[105.899,-2.888],[105.582,-2.492],[105.495,-2.43],[105.397,-2.38],[105.286,-2.356],[105.026,-2.357],[104.971,-2.371],[104.917,-2.392],[104.878,-2.419],[104.736,-2.571],[104.698,-2.598],[104.651,-2.595],[104.631,-2.543],[104.647,-2.43],[104.668,-2.385],[104.787,-2.283],[104.826,-2.234],[104.844,-2.172],[104.845,-2.093],[104.791,-2.041],[104.676,-1.987],[104.569,-1.922],[104.516,-1.819],[104.519,-1.699],[104.478,-1.6],[104.447,-1.363],[104.426,-1.251],[104.381,-1.074],[104.361,-1.038],[104.258,-1.054],[104.198,-1.054],[104.061,-1.021],[103.94,-0.979],[103.721,-0.887],[103.578,-0.796],[103.533,-0.755],[103.438,-0.576],[103.431,-0.533],[103.509,-0.466],[103.496,-0.418],[103.405,-0.362],[103.444,-0.272],[103.411,-0.24],[103.428,-0.192],[103.589,-0.069],[103.706,-0.02],[103.787,0.047],[103.743,0.174],[103.673,0.289],[103.579,0.387],[103.479,0.48],[103.413,0.507],[103.339,0.514],[103.277,0.494],[103.109,0.4],[103.003,0.332],[102.896,0.278],[102.78,0.245],[102.55,0.216],[102.787,0.298],[103.008,0.415],[103.066,0.492],[103.032,0.579],[102.95,0.664],[102.907,0.686],[102.942,0.743],[102.972,0.737],[103.009,0.708],[103.027,0.747],[103.007,0.84],[103.063,0.864],[103.087,0.848],[103.137,0.841],[103.166,0.87],[103.147,0.898],[103.152,0.9],[103.311,1.032],[103.327,1.056],[103.315,1.071],[103.355,1.117],[103.375,1.13],[103.38,1.134],[103.405,1.073],[103.424,1.048],[103.429,1.049],[103.948,1.092],[103.955,1.137],[104.0,1.137],[104.025,1.181],[104.088,1.137],[104.14,1.166],[104.137,1.128],[104.132,1.107],[104.141,1.104],[104.248,1.091],[104.244,1.077],[104.252,1.015],[104.294,1.016],[104.439,1.05],[104.462,0.995],[104.429,0.956],[104.481,0.932],[104.471,0.913],[104.481,0.887],[104.504,0.853],[104.575,0.832],[104.599,0.859],[104.653,0.961],[104.663,1.049],[104.648,1.104],[104.591,1.141],[104.585,1.216],[104.5,1.18],[104.43,1.195],[104.431,1.199],[104.489,1.263],[104.422,1.408],[104.281,1.408],[104.277,1.412],[104.28,1.416],[104.288,1.481],[104.218,1.723],[103.968,2.261],[103.832,2.508],[103.812,2.58],[103.537,2.775],[103.485,2.836],[103.44,2.933],[103.445,3.261],[103.429,3.379],[103.454,3.521],[103.373,3.671],[103.362,3.769],[103.42,3.977],[103.469,4.393],[103.454,4.669],[103.416,4.85],[103.197,5.262],[103.097,5.409],[102.982,5.525],[102.899,5.564],[102.79,5.645],[102.534,5.863],[102.349,6.158],[102.402,6.191],[104.749,8.608],[104.77,8.597],[104.892,8.583],[105.114,8.629],[105.191,8.711],[105.322,8.801],[105.401,8.963],[105.501,9.093],[106.168,9.397],[106.193,9.448],[106.206,9.502],[106.158,9.594],[106.112,9.674],[105.831,10.001],[105.926,9.962],[106.204,9.675],[106.378,9.556],[106.484,9.559],[106.539,9.603],[106.572,9.641],[106.564,9.716],[106.508,9.821],[106.184,10.142],[106.136,10.222],[106.449,9.939],[106.557,9.868],[106.595,9.86],[106.657,9.901],[106.658,9.949],[106.659,9.991],[106.714,10.06],[106.785,10.117],[106.785,10.151],[106.729,10.193],[106.602,10.231],[106.464,10.298],[106.492,10.304],[106.644,10.289],[106.757,10.296],[106.776,10.339],[106.777,10.376],[106.741,10.444],[106.699,10.462],[106.643,10.456],[106.606,10.465],[106.727,10.536],[106.813,10.433],[106.902,10.383],[106.947,10.4],[106.966,10.441],[106.984,10.618],[107.007,10.661],[107.021,10.631],[107.036,10.556],[107.088,10.498],[107.194,10.472],[107.235,10.42],[107.262,10.398],[107.384,10.459],[107.47,10.486],[107.564,10.555],[107.845,10.7],[108.001,10.72],[108.095,10.897],[108.176,10.92],[108.272,10.934],[108.418,11.041],[108.551,11.156],[108.7,11.199],[108.821,11.315],[108.987,11.336],[109.019,11.468],[109.04,11.592],[109.132,11.601],[109.173,11.665],[109.198,11.725],[109.193,11.773],[109.158,11.837],[109.167,11.912],[109.2,11.972],[109.199,11.999],[109.214,12.011],[109.22,11.959],[109.247,11.908],[109.259,11.954],[109.256,11.993],[109.216,12.073],[109.207,12.415],[109.305,12.391],[109.219,12.646],[109.274,12.709],[109.335,12.752],[109.382,12.671],[109.445,12.6],[109.42,12.719],[109.424,12.956],[109.377,13.025],[109.31,13.219],[109.272,13.28],[109.288,13.451],[109.252,13.591],[109.247,13.855],[109.288,13.765],[109.303,13.856],[109.244,14.054],[109.224,14.097],[109.207,14.154],[109.192,14.271],[109.137,14.384],[109.087,14.553],[109.085,14.716],[109.022,14.803],[108.94,15.001],[108.898,15.181],[108.821,15.378],[108.743,15.427],[108.674,15.483],[108.578,15.585],[108.448,15.763],[108.395,15.872],[108.286,15.989],[108.274,16.029],[108.268,16.09],[108.241,16.101],[108.209,16.091],[108.17,16.163],[108.088,16.243],[108.03,16.331],[107.991,16.337],[107.936,16.33],[107.882,16.309],[107.834,16.323],[107.803,16.403],[107.724,16.488],[107.593,16.568],[107.541,16.608],[107.55,16.642],[107.355,16.794],[107.18,16.898],[107.12,17.056],[106.926,17.221],[106.736,17.367],[106.517,17.663],[106.371,17.747],[106.356,17.765],[106.479,17.72],[106.459,17.874],[106.484,17.919],[106.512,17.903],[108.699,18.538],[108.701,18.538],[108.702,18.535],[108.922,18.416],[109.03,18.368],[109.183,18.325],[109.341,18.3],[109.4,18.281],[109.519,18.218],[109.59,18.226],[109.681,18.247],[109.703,18.259],[109.76,18.348],[109.815,18.397],[109.968,18.422],[110.02,18.416],[110.067,18.447],[110.066,18.475],[110.048,18.505],[110.156,18.57],[110.252,18.656],[110.291,18.67],[110.334,18.673],[110.4,18.698],[110.452,18.748],[110.477,18.812],[110.519,18.97],[110.566,19.099],[110.563,19.135],[110.572,19.172],[110.603,19.207],[110.641,19.291],[110.822,19.558],[110.912,19.586],[111.013,19.655],[110.998,19.764],[110.971,19.883],[110.938,19.948],[110.889,19.992],[110.809,20.014],[110.745,20.06],[110.679,20.137],[110.671,20.137],[110.57,20.408],[110.217,20.197],[109.934,20.281],[109.938,20.295],[110.123,20.264],[110.345,20.295],[110.449,20.356],[110.487,20.427],[110.518,20.46],[110.511,20.518],[110.313,20.671],[110.326,20.72],[110.371,20.752],[110.389,20.79],[110.365,20.838],[110.181,20.859],[110.154,20.944],[110.194,21.038],[110.331,21.131],[110.375,21.173],[110.398,21.248],[110.411,21.338],[110.435,21.327],[110.458,21.231],[110.504,21.207],[110.567,21.214],[110.652,21.279],[110.771,21.386],[110.878,21.396],[110.997,21.43],[111.017,21.512],[111.061,21.511],[111.101,21.485],[111.144,21.482],[111.22,21.494],[111.319,21.486],[111.392,21.535],[111.603,21.559],[111.682,21.609],[111.712,21.655],[111.776,21.719],[111.825,21.71],[111.873,21.717],[111.926,21.776],[111.944,21.85],[112.025,21.843],[112.117,21.806],[112.194,21.763],[112.305,21.742],[112.357,21.767],[112.39,21.801],[112.378,21.918],[112.36,21.978],[112.396,21.981],[112.429,21.958],[112.44,21.927],[112.421,21.881],[112.495,21.818],[112.586,21.777],[112.634,21.82],[112.661,21.859],[112.725,21.902],[112.808,21.945],[112.904,21.882],[112.954,21.908],[112.984,21.938],[113.008,22.119],[113.089,22.208],[113.149,22.075],[113.266,22.089],[113.328,22.146],[113.367,22.165],[113.416,22.178],[113.499,22.202],[113.548,22.222],[113.576,22.297],[113.589,22.35],[113.551,22.404],[113.553,22.594],[113.485,22.692],[113.45,22.726],[113.432,22.79],[113.345,22.865],[113.338,22.889],[113.331,22.912],[113.442,22.94],[113.46,22.996],[113.446,23.055],[113.52,23.102],[113.621,23.127],[113.592,23.077],[113.586,23.02],[113.603,22.969],[113.62,22.862],[113.661,22.802],[113.755,22.734],[113.828,22.607],[113.931,22.531],[114.015,22.512],[114.006,22.484],[113.896,22.428],[113.903,22.396],[113.937,22.365],[114.033,22.376],[114.139,22.348],[114.268,22.295],[114.288,22.325],[114.291,22.374],[114.335,22.396],[114.325,22.437],[114.285,22.457],[114.291,22.5],[114.266,22.541],[114.341,22.593],[114.42,22.583],[114.496,22.527],[114.554,22.529],[114.545,22.621],[114.572,22.654],[114.593,22.699],[114.651,22.755],[114.711,22.739],[114.75,22.626],[114.854,22.617],[114.897,22.639],[114.915,22.685],[115.012,22.709],[115.091,22.782],[115.196,22.817],[115.29,22.776],[115.382,22.719],[115.498,22.719],[115.535,22.765],[115.561,22.825],[115.641,22.854],[115.756,22.824],[115.852,22.801],[116.063,22.879],[116.157,22.888],[116.206,22.919],[116.222,22.949],[116.252,22.981],[116.345,22.941],[116.471,22.946],[116.52,23.007],[116.538,23.18],[116.587,23.218],[116.669,23.228],[116.699,23.278],[116.682,23.327],[116.63,23.354],[116.712,23.361],[116.76,23.382],[116.861,23.453],[116.911,23.647],[117.033,23.624],[117.082,23.579],[117.148,23.599],[117.225,23.647],[117.291,23.714],[117.331,23.709],[117.347,23.636],[117.368,23.589],[117.417,23.621],[117.462,23.736],[117.461,23.755],[117.519,23.76],[120.059,23.054],[120.094,23.078],[120.121,23.037],[120.15,22.975],[120.233,22.718],[120.273,22.627],[120.326,22.543],[120.316,22.548],[120.388,22.484],[120.48,22.442],[120.581,22.356],[120.608,22.312],[120.678,22.159],[120.69,22.033],[120.743,21.956],[120.822,21.931]],[[109.476,-0.985],[109.45,-1.044],[109.428,-1.241],[109.464,-1.277],[109.511,-1.283],[109.71,-1.18],[109.751,-1.145],[109.76,-1.105],[109.743,-1.039],[109.7,-1.007],[109.614,-0.979],[109.476,-0.985]],[[108.1,3.705],[108.18,3.653],[108.316,3.689],[108.394,3.836],[108.399,3.876],[108.393,3.986],[108.255,4.152],[108.248,4.217],[108.202,4.201],[108.004,4.042],[108.003,3.983],[108.044,3.889],[108.089,3.852],[108.243,3.811],[108.236,3.785],[108.216,3.772],[108.186,3.768],[108.1,3.705]],[[104.473,-0.212],[104.567,-0.245],[104.702,-0.209],[104.914,-0.323],[104.929,-0.317],[104.951,-0.285],[105.005,-0.283],[104.95,-0.247],[104.909,-0.212],[104.843,-0.141],[104.807,-0.193],[104.779,-0.176],[104.714,-0.103],[104.653,-0.076],[104.658,-0.063],[104.635,-0.018],[104.543,0.018],[104.497,-0.126],[104.447,-0.189],[104.473,-0.212]],[[104.474,-0.335],[104.363,-0.403],[104.341,-0.383],[104.318,-0.38],[104.302,-0.386],[104.257,-0.463],[104.33,-0.539],[104.363,-0.659],[104.414,-0.584],[104.485,-0.613],[104.506,-0.597],[104.544,-0.521],[104.59,-0.467],[104.568,-0.432],[104.474,-0.335]],[[103.724,-0.277],[103.611,-0.231],[103.549,-0.227],[103.479,-0.297],[103.461,-0.358],[103.606,-0.383],[103.736,-0.348],[103.764,-0.318],[103.724,-0.277]]]}},{"type":"Feature","properties":{"id":"seas-ne-1159115343-seas-12","category":"seas"},"geometry":{"type":"Polygon","coordinates":[[[73.123,-0.68],[51.388,10.409],[51.39,10.423],[51.369,10.475],[51.296,10.499],[51.193,10.555],[51.185,10.53],[51.188,10.48],[51.063,10.434],[51.032,10.445],[51.051,10.472],[51.094,10.489],[51.105,10.536],[51.131,10.596],[51.141,10.657],[51.122,11.077],[51.084,11.336],[51.136,11.505],[51.218,11.658],[51.232,11.745],[51.255,11.831],[51.267,11.831],[51.267,15.187],[51.261,15.209],[51.322,15.226],[51.604,15.337],[51.682,15.379],[51.748,15.44],[51.831,15.459],[51.966,15.536],[52.087,15.586],[52.218,15.655],[52.222,15.761],[52.174,15.957],[52.237,16.171],[52.328,16.294],[52.449,16.391],[52.581,16.47],[53.086,16.648],[53.298,16.723],[53.61,16.76],[53.775,16.856],[53.955,16.918],[54.068,17.005],[54.377,17.033],[54.567,17.031],[54.665,17.009],[54.772,16.965],[55.064,17.039],[55.174,17.158],[55.275,17.321],[55.295,17.382],[55.282,17.446],[55.238,17.505],[55.255,17.586],[55.479,17.843],[55.614,17.886],[55.998,17.935],[56.27,17.951],[56.383,17.988],[56.551,18.166],[56.655,18.588],[56.826,18.754],[56.957,18.828],[57.177,18.902],[57.428,18.944],[57.676,18.958],[57.739,18.978],[57.807,19.015],[57.812,19.017],[57.811,19.02],[58.648,20.208],[58.659,20.204],[58.722,20.219],[58.772,20.267],[58.835,20.424],[58.951,20.516],[58.884,20.68],[58.788,20.497],[58.641,20.338],[58.481,20.417],[58.534,20.504],[58.691,20.807],[58.896,21.113],[59.069,21.289],[59.304,21.436],[59.372,21.499],[59.518,21.782],[59.653,21.951],[59.681,22.054],[59.8,22.22],[59.825,22.305],[59.838,22.42],[59.831,22.462],[59.84,22.463],[61.401,25.083],[61.406,25.104],[61.412,25.102],[61.49,25.153],[61.533,25.195],[61.744,25.138],[61.908,25.131],[62.089,25.156],[62.152,25.206],[62.198,25.225],[62.249,25.197],[62.315,25.135],[62.391,25.152],[62.444,25.197],[62.572,25.255],[62.665,25.265],[63.015,25.225],[63.17,25.255],[63.286,25.228],[63.491,25.211],[63.496,25.297],[63.557,25.353],[63.721,25.386],[63.936,25.342],[63.987,25.351],[64.059,25.403],[64.125,25.374],[64.152,25.333],[64.544,25.237],[64.594,25.206],[64.659,25.184],[64.776,25.307],[65.061,25.311],[65.406,25.374],[65.68,25.355],[65.884,25.42],[66.235,25.464],[66.329,25.466],[66.403,25.447],[66.468,25.445],[66.407,25.485],[66.357,25.507],[66.131,25.493],[66.162,25.554],[66.219,25.59],[66.324,25.602],[66.429,25.575],[66.534,25.484],[66.57,25.378],[66.698,25.226],[66.71,25.111],[66.682,24.929],[66.703,24.861],[67.101,24.792],[67.171,24.756],[67.288,24.368],[67.304,24.263],[67.31,24.175],[67.365,24.091],[67.428,24.065],[67.454,24.04],[67.477,24.018],[67.504,23.94],[67.563,23.882],[67.646,23.92],[67.649,23.867],[67.668,23.811],[67.819,23.828],[67.86,23.903],[67.951,23.828],[68.001,23.826],[68.037,23.848],[68.068,23.818],[68.116,23.753],[68.149,23.797],[68.165,23.858],[68.192,23.729],[68.235,23.597],[68.344,23.617],[68.425,23.706],[68.497,23.748],[68.643,23.808],[68.777,23.852],[68.627,23.754],[68.454,23.629],[68.418,23.571],[68.529,23.364],[68.64,23.19],[68.802,23.065],[68.801,23.064],[68.991,22.438],[69.014,22.408],[68.983,22.385],[68.97,22.29],[69.009,22.197],[69.192,21.992],[69.386,21.839],[69.542,21.678],[69.749,21.506],[70.034,21.179],[70.127,21.095],[70.485,20.84],[70.72,20.74],[70.858,20.718],[70.857,20.713],[72.653,19.839],[72.669,19.836],[72.668,19.831],[72.676,19.798],[72.698,19.757],[72.727,19.578],[72.799,19.52],[72.756,19.451],[72.764,19.413],[72.788,19.363],[72.987,19.278],[72.811,19.299],[72.794,19.252],[72.803,19.219],[72.803,19.079],[72.835,18.975],[72.901,19.015],[72.972,19.153],[73.006,19.021],[72.977,18.927],[72.899,18.779],[72.871,18.683],[72.875,18.643],[72.917,18.576],[72.943,18.366],[72.972,18.259],[72.994,18.098],[73.047,17.907],[73.156,17.622],[73.149,17.528],[73.239,17.198],[73.337,16.46],[73.454,16.152],[73.476,16.054],[73.608,15.871],[73.68,15.709],[73.733,15.657],[73.833,15.659],[73.772,15.573],[73.814,15.539],[73.852,15.482],[73.932,15.397],[73.801,15.397],[73.885,15.306],[73.949,15.075],[74.041,14.95],[74.089,14.902],[74.223,14.709],[74.28,14.649],[74.335,14.575],[74.346,14.556],[74.339,14.552],[72.47,13.564],[71.658,13.0],[71.376,12.4],[71.835,9.402],[72.328,4.639],[72.54,0.97],[73.123,-0.68]],[[53.598,12.342],[53.719,12.319],[54.13,12.361],[54.271,12.447],[54.414,12.483],[54.45,12.523],[54.511,12.553],[54.187,12.664],[53.918,12.659],[53.825,12.625],[53.763,12.637],[53.639,12.707],[53.535,12.716],[53.431,12.664],[53.404,12.633],[53.388,12.602],[53.316,12.533],[53.499,12.425],[53.598,12.342]]]}},{"type":"Feature","properties":{"id":"seas-ne-1159115359-seas-13","category":"seas"},"geometry":{"type":"Polygon","coordinates":[[[-156.411,71.399],[-122.512,76.375],[-122.506,76.358],[-122.519,76.353],[-122.774,76.228],[-122.878,76.165],[-122.903,76.135],[-122.88,76.138],[-124.686,74.348],[-124.696,74.348],[-124.709,74.327],[-124.645,74.305],[-124.629,74.27],[-124.575,74.248],[-124.261,73.953],[-124.192,73.902],[-124.088,73.857],[-123.873,73.828],[-123.798,73.785],[-123.797,73.768],[-124.03,73.644],[-124.114,73.527],[-124.424,73.419],[-124.594,73.243],[-124.647,73.204],[-124.804,73.126],[-124.837,73.076],[-124.817,73.059],[-124.737,73.023],[-124.643,73.019],[-124.588,73.005],[-124.57,72.989],[-124.561,72.965],[-124.565,72.944],[-124.583,72.926],[-124.931,72.863],[-124.969,72.844],[-125.0,72.813],[-125.015,72.776],[-125.015,72.731],[-125.03,72.645],[-125.019,72.617],[-124.985,72.604],[-124.987,72.588],[-125.07,72.551],[-125.168,72.522],[-125.306,72.451],[-125.383,72.424],[-125.438,72.382],[-125.512,72.307],[-125.575,72.265],[-125.627,72.255],[-125.647,72.237],[-125.634,72.21],[-125.613,72.193],[-125.584,72.183],[-125.763,72.138],[-125.768,72.129],[-125.761,72.083],[-125.768,72.054],[-125.79,72.025],[-125.845,71.979],[-125.829,71.966],[-125.802,71.964],[-127.976,70.571],[-127.991,70.574],[-128.041,70.567],[-128.128,70.524],[-128.168,70.48],[-128.17,70.418],[-128.122,70.397],[-127.989,70.363],[-128.044,70.329],[-128.034,70.315],[-127.974,70.293],[-127.684,70.26],[-127.765,70.222],[-128.096,70.161],[-128.279,70.108],[-128.359,69.988],[-128.387,69.96],[-128.705,69.81],[-128.853,69.751],[-128.972,69.712],[-129.054,69.701],[-129.102,69.717],[-129.136,69.75],[-129.158,69.8],[-129.138,69.833],[-128.939,69.875],[-128.917,69.895],[-128.884,69.963],[-128.899,69.966],[-128.984,69.934],[-129.033,69.905],[-129.109,69.882],[-129.265,69.855],[-129.572,69.827],[-130.118,69.72],[-130.354,69.656],[-130.516,69.57],[-130.661,69.481],[-130.875,69.32],[-130.914,69.285],[-130.971,69.209],[-130.982,69.253],[-130.986,69.363],[-131.014,69.429],[-131.063,69.451],[-131.113,69.46],[-131.162,69.455],[-131.209,69.432],[-131.294,69.364],[-131.325,69.361],[-131.303,69.415],[-131.343,69.435],[-131.563,69.462],[-131.632,69.459],[-131.64,69.567],[-131.473,69.58],[-131.306,69.597],[-131.208,69.616],[-130.96,69.632],[-130.832,69.652],[-130.709,69.686],[-130.459,69.78],[-129.648,69.998],[-129.538,70.074],[-129.538,70.105],[-129.623,70.168],[-129.676,70.193],[-129.73,70.192],[-129.898,70.106],[-129.945,70.091],[-130.043,70.095],[-130.175,70.086],[-130.275,70.098],[-130.397,70.129],[-130.498,70.143],[-130.665,70.127],[-130.926,70.052],[-130.991,70.018],[-131.032,69.98],[-131.136,69.907],[-131.216,69.901],[-131.319,69.924],[-131.441,69.918],[-131.582,69.882],[-131.934,69.753],[-132.163,69.705],[-132.232,69.708],[-132.334,69.752],[-132.488,69.738],[-132.538,69.727],[-132.57,69.707],[-132.568,69.698],[-132.479,69.693],[-132.413,69.674],[-132.404,69.658],[-132.452,69.647],[-132.527,69.643],[-132.84,69.651],[-132.915,69.629],[-133.028,69.508],[-133.084,69.471],[-133.163,69.434],[-133.294,69.412],[-133.476,69.406],[-133.694,69.369],[-133.948,69.301],[-134.174,69.253],[-134.165,69.281],[-134.018,69.389],[-133.947,69.429],[-133.88,69.508],[-133.9,69.528],[-134.077,69.558],[-134.134,69.587],[-134.19,69.639],[-134.242,69.669],[-134.409,69.682],[-134.452,69.665],[-134.46,69.653],[-138.951,69.621],[-138.932,69.617],[-138.879,69.59],[-139.039,69.578],[-139.173,69.512],[-139.181,69.516],[-139.977,69.622],[-140.405,69.602],[-140.86,69.635],[-141.002,69.651],[-141.081,69.66],[-141.289,69.665],[-141.339,69.647],[-141.408,69.653],[-141.527,69.715],[-141.699,69.77],[-142.297,69.87],[-142.422,69.939],[-142.708,70.034],[-143.218,70.116],[-143.276,70.095],[-143.357,70.09],[-143.566,70.101],[-143.746,70.102],[-144.064,70.054],[-144.417,70.039],[-144.619,69.982],[-145.197,70.009],[-145.237,70.034],[-145.44,70.051],[-145.823,70.16],[-146.058,70.156],[-146.281,70.186],[-146.745,70.192],[-147.063,70.17],[-147.705,70.217],[-147.791,70.24],[-147.87,70.303],[-148.039,70.316],[-148.143,70.355],[-148.249,70.357],[-148.371,70.315],[-148.479,70.318],[-148.688,70.416],[-148.845,70.425],[-149.269,70.501],[-149.411,70.491],[-149.544,70.513],[-149.87,70.509],[-150.152,70.444],[-150.274,70.434],[-150.403,70.444],[-150.544,70.49],[-150.663,70.51],[-150.979,70.465],[-151.128,70.452],[-151.225,70.419],[-151.945,70.452],[-151.819,70.512],[-151.8,70.538],[-151.769,70.56],[-152.173,70.556],[-152.253,70.568],[-152.27,70.615],[-152.399,70.62],[-152.471,70.654],[-152.437,70.733],[-152.233,70.81],[-152.3,70.847],[-152.491,70.881],[-152.671,70.891],[-152.785,70.876],[-153.233,70.933],[-153.498,70.891],[-153.702,70.894],[-153.918,70.877],[-154.195,70.801],[-154.392,70.839],[-154.599,70.848],[-154.785,70.894],[-154.726,70.928],[-154.674,70.987],[-154.818,71.049],[-154.944,71.083],[-155.167,71.099],[-155.23,71.082],[-155.313,71.015],[-155.58,70.894],[-155.708,70.857],[-155.872,70.835],[-155.973,70.842],[-156.042,70.902],[-156.146,70.928],[-155.805,70.996],[-155.635,71.062],[-155.58,71.121],[-155.646,71.183],[-155.811,71.188],[-156.47,71.292],[-156.567,71.342],[-156.497,71.379],[-156.395,71.397],[-156.411,71.399]]]}},{"type":"Feature","properties":{"id":"seas-ne-1159115379-seas-14","category":"seas"},"geometry":{"type":"Polygon","coordinates":[[[-65.629,18.381],[-65.608,18.398],[-63.526,18.715],[-61.657,18.08],[-59.745,14.967],[-59.209,12.823],[-60.245,11.377],[-60.846,10.248],[-60.987,9.613],[-61.013,9.556],[-61.234,9.598],[-61.309,9.633],[-61.512,9.847],[-61.589,9.894],[-61.626,9.817],[-61.766,9.814],[-61.759,9.754],[-61.732,9.702],[-61.736,9.631],[-61.759,9.676],[-61.805,9.706],[-61.831,9.733],[-61.837,9.782],[-61.909,9.87],[-62.017,9.955],[-62.077,9.975],[-62.12,9.985],[-62.155,9.979],[-62.147,9.954],[-62.17,9.88],[-62.153,9.822],[-62.172,9.827],[-62.19,9.842],[-62.221,9.883],[-62.257,9.819],[-62.281,9.793],[-62.3,9.788],[-62.32,9.783],[-62.401,9.918],[-62.515,10.176],[-62.551,10.2],[-62.6,10.217],[-62.608,10.163],[-62.6,10.117],[-62.651,10.071],[-62.741,10.056],[-62.694,10.1],[-62.662,10.199],[-62.686,10.29],[-62.706,10.333],[-62.781,10.399],[-62.813,10.4],[-62.843,10.418],[-62.843,10.507],[-62.914,10.532],[-62.693,10.563],[-62.38,10.547],[-62.233,10.634],[-62.04,10.645],[-61.921,10.681],[-61.88,10.741],[-62.242,10.7],[-62.702,10.75],[-62.947,10.707],[-63.035,10.72],[-63.19,10.709],[-63.497,10.643],[-63.873,10.664],[-64.202,10.633],[-64.298,10.635],[-64.248,10.543],[-64.158,10.579],[-63.863,10.558],[-63.732,10.503],[-63.779,10.472],[-63.834,10.448],[-64.188,10.458],[-64.85,10.098],[-64.944,10.095],[-65.023,10.076],[-65.129,10.07],[-65.318,10.122],[-65.49,10.16],[-65.656,10.228],[-65.852,10.258],[-66.091,10.473],[-66.092,10.517],[-66.106,10.574],[-66.247,10.632],[-66.989,10.61],[-67.133,10.57],[-67.581,10.524],[-67.872,10.472],[-68.14,10.493],[-68.234,10.569],[-68.296,10.689],[-68.325,10.809],[-68.272,10.88],[-68.325,10.95],[-68.343,11.053],[-68.398,11.161],[-68.616,11.309],[-68.828,11.432],[-69.055,11.461],[-69.232,11.518],[-69.525,11.499],[-69.57,11.486],[-69.632,11.48],[-69.712,11.564],[-69.763,11.676],[-69.811,11.837],[-69.831,11.996],[-69.86,12.054],[-69.914,12.115],[-70.004,12.178],[-70.122,12.136],[-70.203,12.098],[-70.245,12.004],[-70.286,11.886],[-70.22,11.73],[-70.22,11.681],[-70.193,11.625],[-69.911,11.672],[-69.818,11.672],[-69.774,11.543],[-69.773,11.541],[-69.805,11.474],[-69.885,11.444],[-70.048,11.53],[-70.097,11.52],[-70.16,11.428],[-70.232,11.373],[-70.546,11.261],[-70.82,11.208],[-71.264,10.999],[-71.47,10.964],[-71.461,10.836],[-71.545,10.779],[-71.597,10.725],[-71.598,10.725],[-71.598,10.726],[-71.69,10.835],[-71.731,10.995],[-71.675,10.997],[-71.642,11.014],[-71.791,11.135],[-71.835,11.19],[-71.947,11.415],[-71.957,11.483],[-71.957,11.57],[-71.908,11.608],[-71.869,11.627],[-71.488,11.719],[-71.415,11.755],[-71.35,11.815],[-71.32,11.862],[-71.284,11.918],[-71.137,12.047],[-71.155,12.164],[-71.262,12.335],[-71.494,12.432],[-71.597,12.434],[-71.715,12.42],[-71.919,12.309],[-71.931,12.269],[-71.97,12.238],[-72.055,12.239],[-72.136,12.188],[-72.165,12.06],[-72.275,11.889],[-72.447,11.802],[-72.722,11.712],[-73.313,11.296],[-73.677,11.271],[-73.796,11.276],[-73.91,11.309],[-74.059,11.341],[-74.143,11.321],[-74.2,11.265],[-74.219,11.105],[-74.3,10.952],[-74.35,10.814],[-74.401,10.765],[-74.46,10.787],[-74.516,10.862],[-74.492,10.934],[-74.41,10.967],[-74.353,10.974],[-74.33,10.997],[-74.454,10.989],[-74.845,11.11],[-74.921,11.058],[-75.123,10.87],[-75.248,10.783],[-75.281,10.727],[-75.446,10.611],[-75.493,10.528],[-75.554,10.328],[-75.671,10.197],[-75.708,10.144],[-75.642,10.172],[-75.559,10.236],[-75.538,10.205],[-75.596,10.126],[-75.593,9.993],[-75.637,9.834],[-75.68,9.73],[-75.635,9.658],[-75.603,9.538],[-75.639,9.45],[-75.755,9.416],[-75.905,9.431],[-76.027,9.366],[-76.135,9.266],[-76.277,8.989],[-76.689,8.695],[-76.802,8.641],[-76.888,8.62],[-76.921,8.574],[-77.261,8.494],[-77.344,8.637],[-77.374,8.658],[-77.697,8.89],[-77.831,9.068],[-78.083,9.236],[-78.504,9.407],[-78.697,9.435],[-78.931,9.428],[-78.975,9.453],[-79.017,9.51],[-79.112,9.537],[-79.212,9.532],[-79.355,9.569],[-79.578,9.598],[-79.652,9.558],[-79.723,9.48],[-79.855,9.378],[-79.915,9.362],[-79.978,9.344],[-80.127,9.21],[-80.547,9.082],[-80.677,9.022],[-80.839,8.887],[-81.063,8.813],[-81.204,8.787],[-81.355,8.781],[-81.546,8.827],[-81.712,9.019],[-81.803,9.074],[-81.842,9.119],[-81.894,9.14],[-81.9,9.111],[-81.831,9.046],[-81.78,8.957],[-81.826,8.944],[-81.894,8.956],[-82.078,8.935],[-82.133,8.98],[-82.244,9.031],[-82.236,9.141],[-82.201,9.168],[-82.188,9.192],[-82.205,9.215],[-82.273,9.191],[-82.34,9.209],[-82.375,9.337],[-82.363,9.382],[-82.371,9.429],[-82.5,9.523],[-82.564,9.577],[-82.61,9.616],[-82.778,9.67],[-82.81,9.735],[-82.866,9.771],[-83.029,9.991],[-83.125,10.042],[-83.347,10.316],[-83.448,10.466],[-83.575,10.735],[-83.588,10.815],[-83.617,10.878],[-83.642,10.917],[-83.714,10.934],[-83.768,11.01],[-83.832,11.131],[-83.868,11.3],[-83.859,11.354],[-83.829,11.428],[-83.776,11.504],[-83.745,11.567],[-83.652,11.642],[-83.664,11.724],[-83.704,11.825],[-83.753,11.821],[-83.793,11.836],[-83.829,11.861],[-83.813,11.896],[-83.77,11.932],[-83.773,11.977],[-83.767,12.059],[-83.716,12.058],[-83.698,12.03],[-83.68,12.024],[-83.669,12.227],[-83.651,12.287],[-83.667,12.337],[-83.716,12.407],[-83.754,12.502],[-83.718,12.552],[-83.682,12.568],[-83.625,12.613],[-83.593,12.713],[-83.578,12.667],[-83.591,12.579],[-83.624,12.514],[-83.627,12.459],[-83.596,12.396],[-83.565,12.394],[-83.511,12.412],[-83.518,12.514],[-83.541,12.596],[-83.515,12.944],[-83.567,13.32],[-83.494,13.739],[-83.412,13.997],[-83.347,14.057],[-83.281,14.154],[-83.212,14.267],[-83.188,14.34],[-83.299,14.749],[-83.34,14.765],[-83.375,14.766],[-83.413,14.825],[-83.389,14.871],[-83.344,14.902],[-83.307,14.89],[-83.302,14.802],[-83.28,14.813],[-83.216,14.933],[-83.185,14.956],[-83.157,14.993],[-83.226,15.042],[-83.291,15.079],[-83.369,15.24],[-83.646,15.369],[-83.676,15.365],[-83.551,15.294],[-83.498,15.222],[-83.536,15.219],[-83.59,15.266],[-83.672,15.261],[-83.716,15.219],[-83.761,15.22],[-83.802,15.289],[-83.871,15.353],[-83.927,15.394],[-84.013,15.414],[-84.048,15.398],[-84.095,15.401],[-84.105,15.43],[-84.111,15.492],[-84.083,15.511],[-83.973,15.519],[-83.765,15.406],[-83.775,15.437],[-84.261,15.823],[-84.519,15.873],[-84.49,15.847],[-84.426,15.83],[-84.44,15.813],[-84.492,15.794],[-84.56,15.802],[-84.646,15.884],[-84.974,15.99],[-85.048,15.974],[-85.163,15.918],[-85.484,15.899],[-85.784,16.003],[-85.986,16.024],[-85.954,16.002],[-85.937,15.953],[-86.068,15.906],[-86.181,15.885],[-86.357,15.783],[-86.481,15.801],[-86.757,15.794],[-86.907,15.762],[-88.289,17.313],[-88.267,17.393],[-88.203,17.517],[-88.272,17.61],[-88.221,17.751],[-88.208,17.846],[-88.097,18.122],[-88.085,18.226],[-88.13,18.35],[-88.247,18.355],[-88.296,18.344],[-88.349,18.359],[-88.296,18.472],[-88.276,18.515],[-88.196,18.643],[-88.197,18.72],[-88.127,18.773],[-88.074,18.835],[-88.031,18.839],[-88.011,18.727],[-88.056,18.525],[-88.039,18.484],[-87.96,18.441],[-87.882,18.274],[-87.853,18.269],[-87.804,18.357],[-87.762,18.446],[-87.734,18.655],[-87.653,18.799],[-87.593,19.046],[-87.501,19.288],[-87.509,19.317],[-87.551,19.321],[-87.622,19.251],[-87.656,19.258],[-87.658,19.352],[-87.628,19.383],[-87.567,19.416],[-87.513,19.426],[-87.483,19.444],[-87.435,19.502],[-87.425,19.583],[-87.47,19.587],[-87.512,19.575],[-87.588,19.573],[-87.645,19.554],[-87.69,19.594],[-87.688,19.637],[-87.586,19.779],[-87.507,19.827],[-87.466,19.824],[-87.441,19.861],[-87.432,19.898],[-87.466,19.998],[-87.467,20.102],[-87.421,20.231],[-87.221,20.507],[-87.059,20.631],[-86.926,20.786],[-86.865,20.885],[-86.815,21.005],[-86.772,21.15],[-86.804,21.2],[-86.817,21.234],[-86.824,21.422],[-86.824,21.422],[-86.912,21.463],[-87.017,21.573],[-84.887,21.868],[-84.885,21.867],[-84.886,21.86],[-84.887,21.857],[-84.887,21.857],[-84.854,21.837],[-84.839,21.828],[-84.786,21.842],[-84.682,21.899],[-84.627,21.92],[-84.56,21.933],[-84.501,21.93],[-84.491,21.854],[-84.502,21.776],[-84.449,21.792],[-84.241,21.899],[-84.138,21.929],[-84.031,21.943],[-83.998,21.98],[-83.963,22.092],[-83.933,22.15],[-83.901,22.17],[-83.687,22.18],[-83.643,22.189],[-83.601,22.209],[-83.544,22.209],[-83.486,22.187],[-83.38,22.223],[-83.292,22.303],[-83.19,22.355],[-83.144,22.386],[-83.107,22.43],[-83.009,22.514],[-82.861,22.595],[-82.786,22.658],[-82.738,22.689],[-81.903,22.679],[-81.839,22.672],[-81.79,22.657],[-81.746,22.633],[-81.703,22.592],[-81.683,22.535],[-81.711,22.497],[-81.757,22.467],[-81.973,22.422],[-82.078,22.387],[-81.973,22.291],[-81.849,22.213],[-81.816,22.2],[-81.441,22.184],[-81.355,22.104],[-81.285,22.109],[-81.222,22.143],[-81.199,22.203],[-81.186,22.268],[-81.141,22.207],[-81.117,22.134],[-81.083,22.098],[-81.036,22.074],[-80.962,22.053],[-80.499,22.064],[-80.485,22.087],[-80.486,22.123],[-80.393,22.033],[-80.31,21.933],[-80.232,21.872],[-80.138,21.829],[-79.91,21.742],[-79.357,21.585],[-79.274,21.563],[-79.189,21.553],[-78.823,21.619],[-78.728,21.593],[-78.637,21.515],[-78.576,21.414],[-78.537,21.297],[-78.491,21.053],[-78.454,21.011],[-78.406,20.974],[-78.314,20.928],[-78.116,20.762],[-77.997,20.715],[-77.857,20.714],[-77.593,20.69],[-77.467,20.689],[-77.348,20.672],[-77.23,20.644],[-77.205,20.611],[-77.189,20.56],[-77.108,20.492],[-77.093,20.453],[-77.104,20.407],[-77.149,20.347],[-77.213,20.3],[-77.554,20.082],[-77.715,19.855],[-77.463,19.861],[-77.212,19.894],[-76.999,19.893],[-76.89,19.921],[-76.78,19.94],[-76.516,19.957],[-76.253,19.987],[-76.159,19.99],[-75.765,19.96],[-75.657,19.932],[-75.552,19.891],[-75.291,19.893],[-75.219,19.924],[-75.177,19.959],[-75.152,20.008],[-75.122,19.954],[-75.124,19.925],[-75.117,19.901],[-75.003,19.928],[-74.955,19.958],[-74.85,20.003],[-74.635,20.058],[-74.412,20.076],[-74.253,20.08],[-74.218,20.117],[-74.154,20.169],[-74.15,20.182],[-73.369,19.825],[-73.401,19.807],[-73.438,19.722],[-73.396,19.659],[-73.315,19.637],[-73.053,19.611],[-72.863,19.526],[-72.703,19.441],[-72.742,19.342],[-72.768,19.241],[-72.741,19.132],[-72.811,19.072],[-72.649,18.894],[-72.465,18.744],[-72.348,18.675],[-72.347,18.624],[-72.376,18.574],[-72.418,18.558],[-72.618,18.551],[-72.66,18.516],[-72.696,18.468],[-72.74,18.442],[-72.789,18.435],[-72.917,18.456],[-73.592,18.522],[-73.687,18.565],[-73.863,18.575],[-73.976,18.601],[-74.1,18.641],[-74.228,18.663],[-74.284,18.657],[-74.387,18.625],[-74.478,18.45],[-74.46,18.393],[-74.419,18.346],[-74.195,18.269],[-74.085,18.215],[-73.99,18.143],[-73.885,18.042],[-73.839,18.058],[-73.825,18.122],[-73.747,18.19],[-73.644,18.229],[-73.515,18.245],[-73.385,18.251],[-73.272,18.234],[-73.16,18.206],[-72.877,18.152],[-72.755,18.156],[-72.633,18.176],[-72.592,18.187],[-72.553,18.208],[-72.504,18.22],[-72.06,18.229],[-72.002,18.212],[-71.946,18.186],[-71.853,18.119],[-71.768,18.039],[-71.713,18.005],[-71.674,17.954],[-71.658,17.889],[-71.659,17.821],[-71.632,17.774],[-71.569,17.757],[-71.518,17.725],[-71.439,17.636],[-71.396,17.646],[-71.359,17.694],[-71.268,17.849],[-71.106,18.07],[-71.083,18.128],[-71.082,18.225],[-71.07,18.25],[-71.028,18.273],[-70.924,18.292],[-70.759,18.346],[-70.645,18.336],[-70.565,18.267],[-70.48,18.217],[-70.183,18.252],[-70.141,18.277],[-70.063,18.346],[-70.018,18.374],[-69.896,18.418],[-69.77,18.444],[-69.645,18.436],[-69.52,18.416],[-69.397,18.42],[-69.275,18.44],[-69.073,18.399],[-68.935,18.408],[-68.82,18.339],[-68.778,18.266],[-68.721,18.218],[-68.687,18.215],[-68.659,18.222],[-68.612,18.306],[-68.564,18.355],[-68.493,18.379],[-68.445,18.418],[-68.359,18.538],[-68.35,18.573],[-67.196,18.433],[-67.185,18.422],[-67.214,18.393],[-67.264,18.365],[-67.239,18.321],[-67.204,18.283],[-67.172,18.224],[-67.174,18.153],[-67.197,17.994],[-67.143,17.967],[-67.014,17.968],[-66.961,17.954],[-66.9,17.948],[-66.838,17.955],[-66.772,17.986],[-66.599,17.978],[-66.511,17.987],[-66.409,17.95],[-66.326,17.964],[-66.286,17.95],[-66.245,17.947],[-66.136,17.949],[-65.971,17.974],[-65.834,18.057],[-65.782,18.129],[-65.719,18.186],[-65.621,18.243],[-65.629,18.381]],[[-59.643,13.15],[-59.612,13.102],[-59.522,13.062],[-59.494,13.082],[-59.427,13.153],[-59.488,13.197],[-59.591,13.318],[-59.646,13.303],[-59.643,13.15]],[[-61.22,14.805],[-61.141,14.652],[-61.104,14.621],[-61.011,14.602],[-61.091,14.53],[-61.089,14.51],[-61.064,14.467],[-60.9,14.474],[-60.862,14.426],[-60.837,14.437],[-60.827,14.494],[-60.87,14.614],[-60.889,14.645],[-60.934,14.686],[-60.919,14.735],[-60.927,14.755],[-60.952,14.756],[-61.027,14.826],[-61.128,14.875],[-61.181,14.872],[-61.213,14.848],[-61.22,14.805]],[[-61.06,13.783],[-60.951,13.718],[-60.895,13.822],[-60.887,14.011],[-60.908,14.093],[-60.945,14.073],[-60.997,14.011],[-61.064,13.916],[-61.073,13.866],[-61.06,13.783]],[[-61.465,10.764],[-61.592,10.748],[-61.651,10.718],[-61.635,10.699],[-61.541,10.664],[-61.499,10.639],[-61.478,10.603],[-61.465,10.539],[-61.499,10.269],[-61.529,10.253],[-61.632,10.244],[-61.662,10.192],[-61.906,10.069],[-61.772,10.085],[-61.596,10.065],[-61.174,10.078],[-61.012,10.134],[-61.004,10.168],[-61.0,10.262],[-60.968,10.324],[-61.016,10.387],[-61.038,10.482],[-61.019,10.558],[-61.034,10.67],[-60.997,10.716],[-60.918,10.84],[-61.078,10.832],[-61.174,10.804],[-61.37,10.797],[-61.465,10.764]],[[-61.529,16.434],[-61.501,16.36],[-61.54,16.299],[-61.522,16.228],[-61.445,16.22],[-61.327,16.231],[-61.173,16.256],[-61.356,16.363],[-61.396,16.413],[-61.406,16.468],[-61.471,16.507],[-61.511,16.478],[-61.529,16.434]],[[-61.481,15.525],[-61.415,15.4],[-61.375,15.227],[-61.282,15.249],[-61.251,15.373],[-61.277,15.527],[-61.32,15.585],[-61.458,15.633],[-61.47,15.604],[-61.481,15.525]],[[-61.641,16.326],[-61.748,16.356],[-61.767,16.341],[-61.794,16.301],[-61.759,16.062],[-61.71,15.976],[-61.671,15.962],[-61.59,16.007],[-61.564,16.048],[-61.575,16.227],[-61.553,16.271],[-61.597,16.292],[-61.641,16.326]],[[-63.893,11.167],[-64.007,11.069],[-64.028,11.002],[-64.113,11.006],[-64.185,11.043],[-64.214,11.086],[-64.25,11.08],[-64.349,11.052],[-64.403,10.982],[-64.362,10.962],[-64.219,10.942],[-64.161,10.959],[-64.101,10.901],[-64.054,10.884],[-63.994,10.881],[-63.918,10.888],[-63.827,10.976],[-63.817,11.0],[-63.85,11.131],[-63.893,11.167]],[[-69.154,12.298],[-68.995,12.142],[-68.803,12.045],[-68.751,12.06],[-68.827,12.159],[-69.013,12.231],[-69.077,12.342],[-69.119,12.373],[-69.159,12.38],[-69.154,12.298]],[[-73.078,18.791],[-72.822,18.707],[-72.805,18.778],[-72.919,18.862],[-73.069,18.932],[-73.17,18.967],[-73.276,18.954],[-73.285,18.897],[-73.078,18.791]],[[-77.978,18.468],[-78.094,18.445],[-78.217,18.448],[-78.253,18.426],[-78.326,18.35],[-78.339,18.287],[-78.294,18.218],[-78.074,18.191],[-78.045,18.174],[-77.963,18.048],[-77.882,18.019],[-77.849,17.987],[-77.768,17.877],[-77.671,17.86],[-77.464,17.856],[-77.361,17.833],[-77.28,17.78],[-77.205,17.715],[-77.158,17.845],[-77.12,17.88],[-77.071,17.901],[-77.036,17.854],[-76.944,17.849],[-76.896,17.904],[-76.853,17.974],[-76.795,17.976],[-76.748,17.965],[-76.775,17.94],[-76.669,17.928],[-76.625,17.901],[-76.525,17.866],[-76.416,17.868],[-76.301,17.88],[-76.211,17.913],[-76.233,17.971],[-76.35,18.152],[-76.701,18.257],[-76.793,18.304],[-76.908,18.39],[-76.959,18.402],[-77.014,18.403],[-77.14,18.421],[-77.261,18.457],[-77.354,18.466],[-77.451,18.467],[-77.874,18.522],[-77.927,18.501],[-77.978,18.468]],[[-83.083,21.791],[-82.974,21.592],[-83.007,21.566],[-83.055,21.549],[-83.113,21.574],[-83.18,21.623],[-83.184,21.593],[-83.141,21.532],[-83.067,21.469],[-82.959,21.441],[-82.853,21.444],[-82.655,21.519],[-82.562,21.572],[-82.568,21.622],[-82.629,21.767],[-82.682,21.821],[-82.714,21.89],[-82.756,21.91],[-82.991,21.943],[-83.078,21.833],[-83.083,21.791]],[[-87.019,20.383],[-86.991,20.272],[-86.94,20.303],[-86.809,20.468],[-86.755,20.552],[-86.763,20.579],[-86.829,20.559],[-86.928,20.551],[-86.978,20.49],[-87.019,20.383]]]}},{"type":"Feature","properties":{"id":"seas-ne-1159115419-seas-16","category":"seas"},"geometry":{"type":"Polygon","coordinates":[[[-43.944,59.819],[-43.947,59.778],[-52.731,47.784],[-52.743,47.767],[-52.745,47.769],[-52.783,47.77],[-52.817,47.728],[-52.873,47.619],[-52.945,47.553],[-53.057,47.483],[-53.122,47.455],[-53.158,47.488],[-53.17,47.512],[-53.175,47.653],[-53.154,47.735],[-53.111,47.812],[-52.998,47.976],[-52.955,48.029],[-52.872,48.094],[-52.866,48.113],[-52.883,48.131],[-52.921,48.147],[-53.085,48.068],[-53.283,47.998],[-53.504,47.744],[-53.604,47.662],[-53.672,47.648],[-53.765,47.65],[-53.806,47.682],[-53.838,47.727],[-53.864,47.787],[-53.862,47.799],[-53.695,47.921],[-53.657,47.968],[-53.638,48.015],[-53.653,48.026],[-53.793,48.01],[-53.87,48.02],[-53.758,48.043],[-53.71,48.057],[-53.704,48.068],[-53.57,48.088],[-53.542,48.108],[-53.56,48.174],[-53.61,48.208],[-53.531,48.232],[-53.405,48.294],[-53.335,48.356],[-53.301,48.368],[-53.225,48.364],[-53.182,48.374],[-53.136,48.402],[-53.06,48.48],[-53.037,48.516],[-53.021,48.572],[-53.028,48.635],[-53.042,48.656],[-53.057,48.659],[-53.127,48.633],[-53.22,48.578],[-53.275,48.563],[-53.361,48.573],[-53.411,48.562],[-53.552,48.482],[-53.645,48.511],[-53.739,48.496],[-53.799,48.449],[-53.853,48.449],[-53.937,48.437],[-54.104,48.388],[-54.115,48.393],[-54.068,48.419],[-53.885,48.484],[-53.794,48.526],[-53.775,48.576],[-53.707,48.655],[-53.698,48.68],[-53.784,48.696],[-53.886,48.684],[-53.966,48.707],[-53.97,48.725],[-53.962,48.739],[-53.887,48.768],[-53.848,48.797],[-53.853,48.811],[-53.951,48.807],[-54.1,48.785],[-54.161,48.788],[-53.903,48.889],[-53.845,48.925],[-53.825,48.951],[-53.809,48.993],[-53.758,49.035],[-53.671,49.078],[-53.573,49.141],[-53.56,49.192],[-53.57,49.264],[-53.619,49.322],[-53.755,49.385],[-53.863,49.426],[-53.958,49.442],[-54.271,49.419],[-54.317,49.424],[-54.356,49.415],[-54.389,49.392],[-54.448,49.329],[-54.463,49.342],[-54.465,49.4],[-54.481,49.469],[-54.469,49.53],[-54.502,49.527],[-54.579,49.491],[-54.651,49.444],[-54.718,49.389],[-54.782,49.355],[-54.844,49.345],[-54.91,49.316],[-54.982,49.268],[-55.016,49.26],[-55.01,49.293],[-55.026,49.305],[-55.063,49.297],[-55.176,49.244],[-55.244,49.2],[-55.254,49.18],[-55.248,49.138],[-55.252,49.121],[-55.335,49.078],[-55.353,49.079],[-55.332,49.126],[-55.343,49.168],[-55.259,49.267],[-55.225,49.335],[-55.2,49.408],[-55.207,49.482],[-55.23,49.508],[-55.267,49.524],[-55.283,49.514],[-55.28,49.413],[-55.29,49.392],[-55.344,49.373],[-55.355,49.381],[-55.354,49.437],[-55.379,49.473],[-55.376,49.49],[-55.49,49.462],[-55.678,49.435],[-55.815,49.515],[-56.041,49.457],[-56.087,49.452],[-55.892,49.58],[-55.883,49.646],[-55.87,49.67],[-55.902,49.681],[-55.978,49.678],[-56.052,49.659],[-56.121,49.622],[-56.14,49.619],[-56.04,49.705],[-55.717,49.829],[-55.584,49.893],[-55.527,49.937],[-55.503,49.983],[-55.53,49.997],[-55.675,49.967],[-55.764,49.96],[-55.874,50.013],[-55.927,50.018],[-56.075,49.982],[-56.161,49.94],[-56.164,49.957],[-56.127,50.015],[-56.122,50.063],[-56.148,50.1],[-56.179,50.115],[-56.247,50.09],[-56.322,50.014],[-56.376,49.934],[-56.428,49.897],[-56.501,49.87],[-56.611,49.788],[-56.757,49.652],[-56.822,49.614],[-56.807,49.673],[-56.809,49.711],[-56.829,49.725],[-56.849,49.766],[-56.839,49.788],[-56.789,49.834],[-56.754,49.883],[-56.747,49.908],[-56.75,49.967],[-56.732,50.008],[-56.694,50.06],[-56.539,50.207],[-56.484,50.271],[-56.455,50.35],[-56.455,50.38],[-56.383,50.417],[-56.196,50.585],[-56.135,50.651],[-56.121,50.734],[-56.106,50.759],[-56.078,50.781],[-55.962,50.838],[-55.871,50.907],[-55.8,51.033],[-55.785,51.087],[-55.785,51.131],[-55.796,51.166],[-55.815,51.191],[-55.841,51.205],[-55.874,51.208],[-55.961,51.192],[-56.0,51.199],[-56.031,51.227],[-56.044,51.262],[-56.031,51.328],[-55.941,51.343],[-55.731,51.359],[-55.631,51.373],[-55.584,51.388],[-55.532,51.437],[-55.459,51.537],[-55.453,51.562],[-55.492,51.587],[-55.49,51.59],[-55.409,51.89],[-55.419,51.9],[-55.4,51.938],[-55.395,51.942],[-55.389,51.966],[-55.694,52.14],[-55.694,52.14],[-55.673,52.19],[-55.691,52.242],[-55.784,52.28],[-55.834,52.31],[-56.005,52.371],[-56.012,52.394],[-55.897,52.37],[-55.777,52.364],[-55.716,52.391],[-55.706,52.428],[-55.747,52.474],[-55.84,52.508],[-56.052,52.537],[-56.229,52.536],[-56.325,52.545],[-56.293,52.574],[-56.167,52.575],[-55.849,52.624],[-55.803,52.643],[-55.818,52.677],[-55.872,52.736],[-55.858,52.824],[-55.83,52.879],[-55.893,53.0],[-55.808,53.135],[-55.798,53.212],[-55.817,53.246],[-55.855,53.286],[-55.863,53.312],[-55.859,53.344],[-55.911,53.391],[-55.966,53.471],[-56.11,53.588],[-56.27,53.6],[-56.354,53.625],[-56.444,53.718],[-56.465,53.765],[-56.524,53.767],[-56.696,53.758],[-56.841,53.74],[-57.012,53.672],[-57.221,53.528],[-57.332,53.469],[-57.386,53.561],[-57.42,53.583],[-57.527,53.6],[-57.524,53.612],[-57.49,53.633],[-57.244,53.715],[-57.157,53.757],[-57.135,53.792],[-57.149,53.848],[-57.199,53.924],[-57.406,54.152],[-57.397,54.16],[-57.573,54.436],[-57.563,54.44],[-57.485,54.517],[-57.404,54.57],[-57.404,54.591],[-57.483,54.64],[-57.627,54.65],[-57.725,54.674],[-57.827,54.719],[-57.929,54.773],[-57.963,54.876],[-58.058,54.882],[-58.195,54.866],[-58.223,54.813],[-58.398,54.774],[-58.5,54.783],[-58.78,54.838],[-58.886,54.952],[-58.956,55.055],[-58.997,55.149],[-59.086,55.183],[-59.26,55.2],[-59.324,55.153],[-59.394,55.08],[-59.428,55.056],[-59.75,54.887],[-59.838,54.814],[-59.816,54.867],[-59.742,54.942],[-59.486,55.13],[-59.438,55.176],[-59.518,55.197],[-59.605,55.173],[-59.689,55.196],[-59.696,55.269],[-59.759,55.31],[-59.862,55.295],[-59.93,55.259],[-60.213,55.237],[-60.341,55.194],[-60.557,55.067],[-60.617,55.06],[-60.521,55.129],[-60.45,55.2],[-60.433,55.243],[-60.361,55.366],[-60.224,55.445],[-60.193,55.481],[-60.308,55.557],[-60.352,55.612],[-60.408,55.649],[-60.366,55.709],[-60.341,55.785],[-60.413,55.789],[-60.476,55.805],[-60.562,55.727],[-60.593,55.815],[-60.631,55.825],[-60.737,55.887],[-60.743,55.941],[-60.832,55.958],[-60.893,55.914],[-60.996,55.863],[-61.089,55.866],[-61.123,55.889],[-61.134,55.93],[-61.188,55.955],[-61.351,55.974],[-61.449,55.996],[-61.449,56.022],[-61.301,56.047],[-61.324,56.076],[-61.365,56.216],[-61.421,56.222],[-61.558,56.208],[-61.713,56.231],[-61.707,56.289],[-61.499,56.328],[-61.426,56.361],[-61.514,56.39],[-61.692,56.397],[-61.94,56.424],[-62.01,56.454],[-61.899,56.506],[-61.76,56.511],[-61.738,56.526],[-61.813,56.571],[-61.855,56.584],[-61.992,56.591],[-62.117,56.667],[-62.395,56.73],[-62.497,56.802],[-62.46,56.818],[-62.372,56.836],[-62.296,56.833],[-62.382,56.788],[-62.366,56.767],[-62.063,56.699],[-61.532,56.655],[-61.372,56.681],[-61.373,56.776],[-61.391,56.853],[-61.346,56.921],[-61.334,57.01],[-61.629,57.183],[-61.717,57.196],[-61.799,57.186],[-61.861,57.198],[-61.945,57.228],[-61.977,57.248],[-61.939,57.274],[-61.886,57.348],[-61.85,57.37],[-61.851,57.381],[-61.921,57.421],[-62.088,57.453],[-62.194,57.454],[-62.303,57.441],[-62.397,57.448],[-62.455,57.462],[-62.496,57.489],[-62.377,57.478],[-62.338,57.484],[-62.254,57.529],[-62.167,57.536],[-62.084,57.562],[-61.968,57.612],[-61.931,57.669],[-61.995,57.77],[-61.968,57.804],[-61.914,57.825],[-61.899,57.861],[-61.958,57.912],[-62.118,57.964],[-62.201,57.955],[-62.306,57.972],[-62.487,58.154],[-62.588,58.158],[-62.818,58.129],[-62.981,58.094],[-63.22,58.002],[-63.262,58.015],[-63.152,58.084],[-63.063,58.127],[-62.812,58.2],[-62.674,58.319],[-62.594,58.474],[-62.608,58.496],[-62.737,58.492],[-62.837,58.479],[-63.075,58.415],[-63.132,58.411],[-63.119,58.442],[-63.145,58.46],[-63.21,58.467],[-63.297,58.441],[-63.473,58.331],[-63.537,58.33],[-63.438,58.399],[-63.39,58.452],[-63.219,58.52],[-63.102,58.546],[-62.874,58.672],[-62.926,58.765],[-63.008,58.856],[-63.05,58.878],[-63.186,58.858],[-63.282,58.867],[-63.222,58.911],[-63.216,58.928],[-63.279,59.003],[-63.31,59.026],[-63.304,59.034],[-63.223,59.057],[-63.249,59.068],[-63.326,59.082],[-63.399,59.079],[-63.568,59.047],[-63.794,59.027],[-63.941,59.028],[-63.971,59.054],[-63.91,59.066],[-63.757,59.064],[-63.645,59.079],[-63.506,59.115],[-63.415,59.194],[-63.54,59.333],[-63.637,59.341],[-63.752,59.277],[-63.776,59.277],[-63.759,59.319],[-63.781,59.349],[-63.945,59.38],[-63.971,59.409],[-63.85,59.448],[-63.75,59.513],[-63.841,59.574],[-63.929,59.645],[-63.97,59.697],[-63.979,59.754],[-64.056,59.822],[-64.151,59.794],[-64.226,59.741],[-64.169,59.847],[-64.183,59.973],[-64.284,60.064],[-64.408,60.065],[-64.559,60.044],[-64.733,59.998],[-64.768,60.012],[-64.713,60.037],[-64.528,60.094],[-64.42,60.172],[-64.436,60.228],[-64.456,60.24],[-64.46,60.302],[-64.442,60.298],[-64.428,60.325],[-45.411,60.166],[-45.379,60.203],[-44.812,60.05],[-44.613,60.017],[-44.533,60.03],[-44.476,60.095],[-44.348,60.205],[-44.224,60.274],[-44.176,60.245],[-44.231,60.18],[-44.405,60.061],[-44.454,60.014],[-44.413,59.923],[-44.384,59.899],[-44.331,59.902],[-44.269,59.893],[-44.161,59.917],[-44.066,59.925],[-44.105,59.878],[-44.117,59.832],[-43.944,59.819]],[[-61.893,57.573],[-61.938,57.554],[-61.983,57.567],[-62.007,57.558],[-62.011,57.549],[-61.975,57.496],[-61.795,57.423],[-61.638,57.416],[-61.659,57.525],[-61.744,57.554],[-61.848,57.579],[-61.893,57.573]]]}},{"type":"Feature","properties":{"id":"seas-ne-1159115461-seas-18","category":"seas"},"geometry":{"type":"Polygon","coordinates":[[[52.85,41.2],[52.901,41.1],[52.92,41.082],[52.943,41.038],[52.889,40.863],[52.85,40.686],[52.785,40.547],[52.734,40.399],[52.744,40.22],[52.805,40.054],[52.898,39.912],[52.965,39.834],[53.035,39.774],[52.952,39.896],[52.988,39.988],[53.139,39.979],[53.289,39.958],[53.404,39.961],[53.454,39.941],[53.487,39.909],[53.458,39.831],[53.451,39.748],[53.472,39.669],[53.533,39.642],[53.582,39.608],[53.603,39.547],[53.497,39.533],[53.39,39.536],[53.305,39.557],[53.236,39.609],[53.125,39.432],[53.124,39.347],[53.157,39.265],[53.203,39.317],[53.267,39.343],[53.336,39.341],[53.475,39.305],[53.54,39.274],[53.617,39.216],[53.705,39.21],[53.71,39.154],[53.724,39.103],[53.815,39.018],[53.869,38.949],[53.885,38.864],[53.874,38.742],[53.851,38.622],[53.84,38.515],[53.852,38.406],[53.854,38.286],[53.825,38.047],[53.823,37.928],[53.848,37.67],[53.898,37.414],[53.914,37.343],[53.952,37.182],[54.017,36.952],[54.024,36.901],[54.016,36.85],[53.97,36.818],[53.906,36.813],[53.769,36.818],[53.679,36.853],[53.827,36.881],[53.915,36.93],[53.768,36.93],[53.374,36.869],[52.19,36.622],[51.762,36.615],[51.119,36.743],[50.928,36.81],[50.533,37.014],[50.338,37.149],[50.214,37.34],[50.176,37.38],[50.13,37.407],[49.98,37.445],[49.727,37.48],[49.47,37.497],[49.372,37.52],[49.171,37.601],[49.081,37.668],[49.015,37.776],[48.96,37.89],[48.925,38.015],[48.901,38.143],[48.871,38.393],[48.869,38.436],[48.851,38.815],[48.854,38.839],[48.926,38.962],[48.962,39.079],[49.014,39.134],[49.112,39.085],[49.109,39.029],[49.121,39.004],[49.166,39.03],[49.2,39.073],[49.269,39.285],[49.321,39.329],[49.363,39.349],[49.367,39.399],[49.327,39.501],[49.324,39.608],[49.415,39.84],[49.477,40.087],[49.551,40.194],[49.669,40.249],[49.792,40.288],[49.919,40.316],[50.143,40.323],[50.366,40.28],[50.307,40.412],[50.248,40.462],[50.183,40.505],[50.119,40.535],[49.991,40.577],[49.852,40.577],[49.776,40.584],[49.719,40.608],[49.556,40.716],[49.457,40.8],[49.226,41.026],[49.175,41.116],[49.143,41.218],[49.107,41.302],[49.051,41.374],[48.824,41.63],[48.664,41.787],[48.573,41.844],[48.477,41.905],[48.426,41.924],[48.384,41.953],[48.303,42.08],[48.228,42.181],[48.08,42.353],[47.823,42.613],[47.77,42.645],[47.728,42.681],[47.709,42.811],[47.635,42.903],[47.529,42.967],[47.489,43.0],[47.463,43.035],[47.513,43.219],[47.512,43.271],[47.49,43.382],[47.509,43.51],[47.568,43.685],[47.628,43.806],[47.646,43.884],[47.563,43.835],[47.463,43.555],[47.429,43.78],[47.362,43.993],[47.307,44.103],[47.23,44.192],[47.122,44.262],[47.023,44.343],[46.916,44.387],[46.753,44.42],[46.721,44.452],[46.707,44.503],[46.716,44.561],[46.755,44.656],[46.841,44.718],[46.957,44.782],[46.984,44.826],[47.003,44.876],[47.039,44.838],[47.084,44.817],[47.115,44.906],[47.162,44.97],[47.221,45.024],[47.296,45.15],[47.351,45.218],[47.391,45.295],[47.413,45.421],[47.455,45.433],[47.489,45.455],[47.515,45.491],[47.529,45.53],[47.524,45.602],[47.463,45.68],[47.48,45.688],[47.508,45.674],[47.574,45.634],[47.633,45.584],[47.65,45.657],[47.701,45.686],[47.764,45.666],[47.83,45.663],[48.053,45.721],[48.159,45.737],[48.257,45.778],[48.487,45.935],[48.537,45.942],[48.589,45.935],[48.637,45.906],[48.69,45.889],[48.73,45.897],[48.75,45.921],[48.704,45.976],[48.687,46.029],[48.683,46.086],[48.743,46.101],[48.81,46.101],[49.08,46.189],[49.111,46.229],[49.125,46.281],[49.246,46.292],[49.232,46.337],[49.206,46.386],[49.286,46.437],[49.362,46.41],[49.344,46.486],[49.348,46.519],[49.437,46.537],[49.585,46.545],[49.632,46.568],[49.76,46.571],[49.886,46.596],[50.0,46.634],[50.102,46.696],[50.306,46.795],[50.419,46.879],[50.472,46.883],[50.529,46.873],[50.583,46.882],[50.68,46.939],[50.733,46.951],[50.92,47.041],[51.178,47.11],[51.291,47.097],[51.615,47.03],[51.65,47.018],[51.745,46.934],[51.945,46.895],[52.011,46.902],[52.085,46.84],[52.138,46.829],[52.189,46.84],[52.341,46.895],[52.385,46.922],[52.42,46.964],[52.483,46.991],[52.678,46.957],[52.916,46.955],[53.035,46.893],[53.069,46.856],[53.137,46.742],[53.17,46.669],[53.132,46.609],[53.079,46.548],[53.064,46.475],[53.109,46.414],[53.135,46.192],[53.042,45.968],[52.888,45.779],[52.774,45.573],[52.837,45.497],[53.086,45.407],[53.2,45.332],[53.079,45.307],[52.91,45.319],[52.772,45.343],[52.531,45.399],[52.427,45.405],[52.049,45.388],[51.733,45.399],[51.539,45.343],[51.416,45.358],[51.334,45.28],[51.294,45.23],[51.25,45.122],[51.154,45.04],[51.04,44.98],[51.009,44.922],[51.021,44.854],[51.058,44.811],[51.218,44.709],[51.31,44.619],[51.366,44.6],[51.431,44.602],[51.494,44.578],[51.544,44.531],[51.376,44.541],[51.311,44.533],[51.177,44.501],[51.111,44.508],[51.049,44.53],[50.86,44.629],[50.652,44.633],[50.41,44.624],[50.297,44.582],[50.265,44.527],[50.253,44.462],[50.252,44.407],[50.276,44.355],[50.331,44.326],[50.472,44.295],[50.685,44.265],[50.783,44.228],[50.831,44.193],[50.94,43.958],[51.065,43.75],[51.14,43.649],[51.239,43.577],[51.274,43.533],[51.302,43.482],[51.314,43.421],[51.313,43.356],[51.292,43.231],[51.295,43.174],[51.348,43.167],[51.514,43.171],[51.616,43.158],[51.7,43.104],[51.785,43.004],[51.811,42.955],[51.844,42.911],[51.898,42.869],[51.961,42.85],[52.019,42.86],[52.075,42.88],[52.184,42.869],[52.273,42.8],[52.324,42.816],[52.434,42.824],[52.494,42.82],[52.55,42.805],[52.597,42.76],[52.638,42.556],[52.618,42.428],[52.573,42.331],[52.517,42.237],[52.462,42.101],[52.459,42.048],[52.468,41.886],[52.494,41.78],[52.609,41.53],[52.747,41.366],[52.826,41.231],[52.85,41.2]]]}},{"type":"Feature","properties":{"id":"seas-ne-1159115521-seas-21","category":"seas"},"geometry":{"type":"Polygon","coordinates":[[[43.254,13.229],[43.475,12.839],[43.488,12.699],[43.489,12.7],[43.3,12.461],[43.299,12.464],[43.131,12.66],[43.117,12.709],[43.083,12.824],[43.006,12.894],[42.999,12.9],[42.97,12.809],[42.796,12.864],[42.735,13.019],[42.523,13.221],[42.399,13.213],[42.347,13.398],[42.245,13.587],[41.658,13.983],[41.48,14.244],[41.176,14.62],[40.799,14.743],[40.634,14.883],[40.546,14.934],[40.436,14.964],[40.305,14.974],[40.204,15.014],[40.084,15.152],[40.058,15.217],[40.041,15.335],[39.978,15.393],[39.864,15.47],[39.814,15.414],[39.79,15.319],[39.816,15.245],[39.819,15.201],[39.786,15.125],[39.721,15.214],[39.631,15.453],[39.579,15.523],[39.507,15.532],[39.422,15.787],[39.299,15.921],[39.222,16.194],[39.143,16.729],[39.035,17.086],[38.912,17.427],[38.609,18.005],[38.574,18.073],[38.333,18.219],[38.283,18.287],[38.252,18.264],[38.202,18.249],[38.128,18.333],[38.074,18.41],[37.922,18.556],[37.73,18.694],[37.6,18.717],[37.532,18.753],[37.471,18.82],[37.361,19.092],[37.248,19.582],[37.262,19.792],[37.193,20.121],[37.188,20.395],[37.228,20.557],[37.172,20.732],[37.157,20.895],[37.141,20.982],[37.151,21.104],[37.218,21.078],[37.257,21.039],[37.263,21.073],[37.259,21.109],[37.212,21.186],[37.081,21.326],[36.927,21.586],[36.883,21.769],[36.871,21.997],[36.87,22.016],[36.83,22.098],[36.415,22.394],[36.23,22.629],[35.914,22.739],[35.846,22.785],[35.797,22.849],[35.698,22.946],[35.564,23.271],[35.523,23.443],[35.505,23.779],[35.515,23.843],[35.541,23.921],[35.594,23.943],[35.632,23.95],[35.784,23.938],[35.625,24.066],[35.478,24.155],[35.397,24.27],[35.194,24.475],[34.853,25.14],[34.679,25.442],[34.565,25.691],[34.329,26.024],[34.049,26.551],[33.959,26.649],[33.893,27.049],[33.849,27.185],[33.828,27.222],[33.839,27.228],[33.973,27.478],[34.0,27.525],[34.205,27.77],[34.22,27.764],[34.319,27.889],[34.389,27.999],[34.425,27.976],[34.506,27.996],[34.586,28.084],[34.622,28.088],[34.625,28.064],[34.722,28.131],[34.828,28.109],[35.078,28.087],[35.181,28.035],[35.424,27.734],[35.581,27.433],[35.763,27.259],[35.852,27.071],[36.032,26.881],[36.094,26.766],[36.25,26.595],[36.519,26.105],[36.675,26.039],[36.703,25.903],[36.763,25.751],[36.86,25.693],[36.921,25.641],[37.149,25.291],[37.219,25.151],[37.243,25.074],[37.266,24.96],[37.22,24.874],[37.181,24.82],[37.339,24.616],[37.431,24.459],[37.543,24.291],[37.638,24.278],[37.713,24.275],[37.821,24.188],[37.92,24.186],[37.978,24.125],[38.099,24.058],[38.289,23.911],[38.464,23.712],[38.543,23.558],[38.706,23.306],[38.757,23.194],[38.797,23.048],[38.836,22.989],[38.941,22.882],[38.883,22.882],[38.939,22.805],[39.008,22.77],[39.001,22.699],[39.062,22.592],[39.096,22.393],[39.07,22.294],[39.034,22.203],[39.021,22.033],[38.988,21.882],[39.03,21.776],[39.091,21.664],[39.147,21.519],[39.151,21.433],[39.093,21.31],[39.276,20.974],[39.491,20.737],[39.614,20.517],[39.728,20.39],[39.884,20.293],[40.081,20.266],[40.482,19.994],[40.616,19.822],[40.759,19.755],[40.777,19.717],[40.791,19.646],[40.848,19.555],[40.913,19.49],[41.116,19.082],[41.144,18.989],[41.191,18.871],[41.221,18.765],[41.23,18.679],[41.432,18.453],[41.507,18.256],[41.658,18.008],[41.75,17.886],[42.053,17.669],[42.294,17.435],[42.332,17.257],[42.383,17.122],[42.475,17.05],[42.544,16.96],[42.553,16.868],[42.647,16.801],[42.699,16.737],[42.727,16.653],[42.731,16.57],[42.79,16.451],[42.799,16.372],[42.84,16.032],[42.717,15.654],[42.8,15.372],[42.799,15.326],[42.789,15.265],[42.737,15.293],[42.698,15.326],[42.658,15.233],[42.856,15.133],[42.897,15.006],[42.936,14.938],[42.937,14.898],[42.913,14.863],[42.922,14.817],[42.947,14.773],[43.021,14.555],[43.019,14.521],[43.006,14.483],[43.045,14.342],[43.093,14.204],[43.089,14.011],[43.234,13.859],[43.282,13.693],[43.283,13.64],[43.232,13.267],[43.254,13.229]],[[41.897,16.684],[41.964,16.653],[42.072,16.671],[42.102,16.644],[42.109,16.619],[42.128,16.595],[42.158,16.571],[42.167,16.596],[42.17,16.708],[42.06,16.804],[42.027,16.758],[42.033,16.742],[42.065,16.71],[41.988,16.715],[41.947,16.749],[41.963,16.779],[41.954,16.806],[41.948,16.937],[41.917,16.994],[41.86,17.003],[41.885,16.947],[41.858,16.893],[41.816,16.86],[41.776,16.847],[41.802,16.779],[41.897,16.684]],[[40.016,15.733],[40.071,15.677],[40.063,15.666],[40.024,15.655],[39.947,15.696],[39.975,15.613],[40.095,15.591],[40.196,15.598],[40.305,15.577],[40.399,15.58],[40.408,15.629],[40.25,15.704],[40.234,15.666],[40.212,15.648],[40.182,15.643],[40.141,15.696],[40.132,15.795],[40.097,15.839],[40.043,15.876],[39.957,15.889],[40.0,15.828],[39.979,15.807],[39.945,15.789],[39.94,15.744],[40.016,15.733]]]}},{"type":"Feature","properties":{"id":"seas-ne-1159115541-seas-22","category":"seas"},"geometry":{"type":"Polygon","coordinates":[[[157.136,51.174],[156.254,50.218],[155.037,49.16],[153.555,47.837],[151.809,46.567],[149.428,45.35],[147.047,43.815],[146.168,43.361],[145.818,43.377],[145.817,43.38],[145.833,43.386],[145.751,43.396],[145.673,43.389],[145.583,43.328],[145.488,43.28],[145.436,43.282],[145.341,43.302],[145.273,43.463],[145.214,43.578],[145.139,43.663],[145.101,43.765],[145.126,43.87],[145.245,44.076],[145.352,44.23],[145.37,44.281],[145.37,44.327],[145.343,44.334],[145.101,44.166],[144.872,43.982],[144.799,43.94],[144.715,43.928],[144.596,43.93],[144.482,43.949],[144.101,44.101],[144.005,44.117],[143.949,44.112],[143.824,44.117],[143.759,44.131],[143.655,44.221],[143.512,44.278],[143.288,44.397],[143.075,44.535],[142.885,44.67],[142.704,44.819],[142.416,45.125],[142.172,45.326],[142.016,45.438],[141.981,45.484],[141.969,45.491],[141.946,45.504],[142.068,45.913],[142.07,45.922],[142.077,45.917],[142.077,45.917],[142.078,45.918],[142.15,45.999],[142.208,46.089],[142.304,46.358],[142.35,46.459],[142.406,46.555],[142.479,46.644],[142.578,46.701],[142.636,46.716],[142.692,46.711],[142.748,46.67],[142.796,46.62],[142.829,46.605],[143.048,46.593],[143.283,46.559],[143.352,46.476],[143.37,46.359],[143.419,46.222],[143.432,46.029],[143.464,46.069],[143.482,46.116],[143.491,46.175],[143.509,46.23],[143.581,46.361],[143.579,46.406],[143.54,46.575],[143.486,46.752],[143.447,46.792],[143.384,46.806],[143.319,46.807],[143.217,46.795],[143.178,46.844],[143.089,47.001],[143.005,47.223],[142.94,47.323],[142.905,47.362],[142.864,47.392],[142.801,47.416],[142.745,47.453],[142.67,47.537],[142.579,47.684],[142.557,47.738],[142.546,47.885],[142.574,48.072],[142.651,48.247],[142.971,48.918],[143.027,49.106],[143.105,49.199],[143.237,49.263],[143.382,49.291],[143.732,49.312],[143.819,49.309],[143.968,49.277],[144.049,49.249],[144.126,49.208],[144.284,49.07],[144.412,48.987],[144.536,48.893],[144.621,48.815],[144.673,48.679],[144.714,48.641],[144.707,48.819],[144.685,48.871],[144.607,48.936],[144.432,49.051],[144.341,49.18],[144.272,49.312],[144.24,49.432],[144.2,49.55],[144.141,49.661],[144.048,49.896],[143.816,50.283],[143.736,50.507],[143.534,51.246],[143.489,51.277],[143.473,51.299],[143.467,51.402],[143.456,51.472],[143.418,51.521],[143.321,51.583],[143.3,51.632],[143.295,51.744],[143.251,51.848],[143.191,51.945],[143.156,52.084],[143.173,52.349],[143.201,52.443],[143.264,52.479],[143.295,52.529],[143.323,52.614],[143.333,52.7],[143.325,52.963],[143.288,53.134],[143.26,53.217],[143.224,53.296],[143.095,53.489],[142.918,53.794],[142.937,53.811],[142.912,53.878],[142.926,53.955],[142.967,54.029],[142.986,54.086],[142.976,54.141],[142.761,54.394],[142.693,54.416],[142.666,54.358],[142.616,54.304],[142.552,54.279],[142.335,54.281],[142.335,54.293],[139.757,54.266],[139.708,54.277],[139.32,54.193],[139.105,54.218],[138.696,54.32],[138.657,54.298],[138.716,54.223],[138.705,54.148],[138.722,54.044],[138.699,53.87],[138.661,53.745],[138.511,53.57],[138.451,53.537],[138.32,53.523],[138.25,53.524],[138.292,53.592],[138.407,53.674],[138.569,53.819],[138.568,53.947],[138.528,53.96],[138.494,53.96],[138.379,53.909],[138.253,53.726],[137.951,53.604],[137.738,53.56],[137.328,53.539],[137.254,53.546],[137.222,53.579],[137.314,53.632],[137.517,53.707],[137.645,53.866],[137.786,53.903],[137.835,53.946],[137.623,53.97],[137.477,54.027],[137.339,54.1],[137.404,54.124],[137.451,54.131],[137.513,54.157],[137.666,54.284],[137.651,54.284],[138.209,55.033],[138.124,56.482],[138.141,56.499],[138.18,56.589],[138.218,56.629],[138.662,56.965],[138.966,57.088],[139.182,57.262],[139.444,57.33],[139.506,57.359],[139.619,57.456],[139.803,57.514],[139.861,57.549],[140.002,57.688],[140.447,57.814],[140.495,57.865],[140.685,58.212],[140.79,58.304],[140.988,58.417],[141.347,58.528],[141.603,58.649],[141.755,58.745],[142.025,58.999],[142.331,59.152],[142.58,59.24],[143.192,59.37],[143.524,59.343],[143.869,59.411],[144.123,59.409],[144.483,59.376],[145.554,59.413],[145.756,59.374],[145.829,59.33],[145.932,59.198],[146.05,59.17],[146.273,59.222],[146.444,59.43],[146.537,59.457],[146.804,59.373],[147.04,59.366],[147.514,59.269],[147.688,59.291],[147.875,59.388],[148.257,59.414],[148.491,59.262],[148.727,59.258],[148.914,59.283],[148.965,59.369],[148.89,59.4],[148.744,59.374],[148.709,59.449],[148.797,59.532],[148.925,59.475],[149.133,59.481],[149.205,59.488],[149.175,59.527],[149.128,59.559],[149.065,59.631],[149.29,59.729],[149.425,59.761],[149.643,59.77],[150.202,59.651],[150.325,59.639],[150.457,59.591],[150.667,59.556],[150.54,59.525],[150.484,59.494],[150.615,59.506],[150.73,59.469],[150.823,59.461],[150.863,59.475],[150.912,59.523],[150.982,59.572],[151.034,59.586],[151.17,59.583],[151.348,59.561],[151.486,59.524],[151.798,59.323],[151.942,59.284],[152.104,59.291],[152.169,59.278],[152.26,59.224],[151.99,59.16],[151.733,59.147],[151.505,59.164],[151.121,59.083],[151.327,58.875],[151.705,58.867],[152.088,58.911],[152.165,58.997],[152.32,59.031],[152.401,59.026],[152.576,58.954],[152.818,58.926],[152.882,58.939],[153.077,59.082],[153.196,59.094],[153.273,59.092],[153.361,59.215],[153.695,59.225],[153.892,59.114],[154.011,59.076],[154.246,59.108],[154.376,59.188],[154.458,59.216],[154.704,59.141],[154.824,59.187],[155.017,59.196],[155.16,59.19],[155.16,59.188],[156.815,57.768],[156.792,57.748],[156.9,57.677],[156.948,57.616],[156.964,57.561],[156.977,57.466],[156.849,57.29],[156.728,57.152],[156.529,57.021],[156.067,56.782],[156.025,56.752],[155.983,56.695],[155.716,56.072],[155.643,55.794],[155.555,55.349],[155.564,55.199],[155.62,54.865],[155.706,54.522],[155.905,53.928],[155.95,53.744],[156.099,53.007],[156.11,52.866],[156.155,52.747],[156.229,52.626],[156.365,52.509],[156.377,52.366],[156.49,51.913],[156.5,51.475],[156.521,51.38],[156.543,51.312],[156.671,51.227],[156.713,51.124],[156.724,51.047],[156.748,50.969],[156.847,51.006],[157.136,51.174]],[[156.376,50.862],[156.213,50.785],[156.168,50.732],[156.196,50.702],[156.326,50.639],[156.366,50.634],[156.405,50.658],[156.483,50.751],[156.487,50.843],[156.456,50.859],[156.376,50.862]],[[156.123,50.671],[156.097,50.772],[156.002,50.757],[155.885,50.684],[155.773,50.483],[155.68,50.401],[155.434,50.369],[155.327,50.293],[155.218,50.298],[155.195,50.265],[155.243,50.213],[155.243,50.095],[155.289,50.061],[155.397,50.041],[155.449,50.078],[155.516,50.145],[155.607,50.177],[155.793,50.202],[155.921,50.302],[156.045,50.452],[156.101,50.559],[156.123,50.671]],[[154.611,49.294],[154.715,49.268],[154.81,49.312],[154.83,49.348],[154.803,49.468],[154.883,49.567],[154.899,49.631],[154.825,49.647],[154.613,49.381],[154.611,49.294]],[[151.723,46.829],[151.754,46.788],[151.815,46.787],[152.002,46.897],[152.289,47.142],[152.235,47.144],[152.166,47.111],[152.04,47.015],[151.864,46.869],[151.715,46.852],[151.723,46.829]],[[150.309,46.201],[149.962,46.022],[149.796,45.876],[149.666,45.84],[149.447,45.594],[149.539,45.591],[149.688,45.642],[149.883,45.783],[149.954,45.823],[150.056,45.849],[150.195,45.933],[150.235,46.012],[150.553,46.208],[150.349,46.213],[150.309,46.201]],[[148.612,45.485],[148.324,45.282],[148.13,45.258],[148.056,45.262],[147.965,45.378],[147.924,45.383],[147.873,45.3],[147.886,45.226],[147.769,45.191],[147.658,45.093],[147.558,45.062],[147.43,44.945],[147.247,44.856],[147.155,44.766],[147.141,44.663],[146.974,44.566],[146.933,44.513],[146.897,44.405],[147.098,44.531],[147.207,44.554],[147.31,44.678],[147.563,44.836],[147.61,44.887],[147.622,44.945],[147.658,44.977],[147.784,44.959],[147.914,44.99],[148.005,45.07],[148.262,45.217],[148.414,45.247],[148.6,45.318],[148.791,45.324],[148.837,45.363],[148.803,45.414],[148.826,45.456],[148.826,45.486],[148.812,45.51],[148.773,45.526],[148.707,45.521],[148.612,45.485]],[[146.516,44.375],[146.568,44.441],[146.356,44.425],[146.208,44.498],[146.112,44.5],[145.941,44.273],[145.89,44.248],[145.852,44.193],[145.773,44.129],[145.748,44.072],[145.666,43.999],[145.462,43.871],[145.426,43.81],[145.439,43.737],[145.556,43.665],[145.587,43.845],[145.767,43.941],[145.887,44.048],[145.914,44.104],[146.113,44.246],[146.173,44.269],[146.296,44.281],[146.436,44.375],[146.516,44.375]]]}},{"type":"Feature","properties":{"id":"seas-ne-1159115579-seas-23","category":"seas"},"geometry":{"type":"Polygon","coordinates":[[[-61.066,-71.133],[-11.926,-71.133],[-11.926,-71.289],[-12.074,-71.297],[-12.208,-71.332],[-12.351,-71.39],[-12.284,-71.495],[-12.148,-71.614],[-11.697,-71.719],[-11.333,-71.786],[-11.18,-71.777],[-11.009,-71.758],[-10.961,-71.822],[-10.958,-71.902],[-11.121,-72.032],[-11.346,-72.281],[-11.497,-72.413],[-11.778,-72.444],[-12.095,-72.498],[-12.747,-72.629],[-13.208,-72.785],[-13.603,-72.792],[-13.939,-72.756],[-14.298,-72.733],[-14.298,-72.785],[-14.168,-72.843],[-14.0,-73.001],[-14.165,-73.102],[-14.321,-73.123],[-15.007,-73.048],[-15.596,-73.097],[-15.803,-73.152],[-16.149,-73.334],[-16.279,-73.388],[-16.435,-73.426],[-16.507,-73.556],[-16.519,-73.644],[-16.388,-73.681],[-16.098,-73.709],[-15.936,-73.758],[-16.003,-73.816],[-16.181,-73.83],[-16.282,-73.867],[-16.22,-73.916],[-15.749,-73.946],[-15.259,-73.889],[-14.611,-73.852],[-14.574,-73.937],[-14.659,-73.989],[-15.089,-74.163],[-15.29,-74.281],[-15.531,-74.375],[-15.673,-74.407],[-16.429,-74.324],[-16.727,-74.328],[-16.989,-74.32],[-17.299,-74.334],[-17.436,-74.379],[-17.923,-74.699],[-18.068,-74.863],[-18.221,-74.974],[-18.517,-75.052],[-18.617,-75.115],[-18.749,-75.242],[-18.617,-75.342],[-18.517,-75.39],[-18.415,-75.397],[-18.305,-75.432],[-18.585,-75.463],[-18.851,-75.47],[-19.493,-75.54],[-20.488,-75.492],[-20.783,-75.594],[-20.989,-75.634],[-21.434,-75.683],[-21.948,-75.694],[-22.466,-75.661],[-23.197,-75.718],[-24.27,-75.767],[-26.059,-75.957],[-26.56,-76.055],[-27.134,-76.158],[-27.653,-76.226],[-28.08,-76.258],[-28.934,-76.37],[-29.891,-76.598],[-30.222,-76.66],[-30.489,-76.762],[-31.676,-77.033],[-32.063,-77.16],[-32.406,-77.136],[-32.614,-77.141],[-33.377,-77.282],[-33.591,-77.311],[-34.076,-77.426],[-34.29,-77.522],[-34.551,-77.729],[-34.808,-77.821],[-35.088,-77.837],[-35.509,-78.041],[-36.181,-78.468],[-36.266,-78.616],[-36.239,-78.774],[-35.89,-78.844],[-35.516,-78.933],[-34.995,-78.978],[-34.197,-79.11],[-32.994,-79.229],[-32.542,-79.222],[-31.413,-79.145],[-30.985,-79.128],[-30.645,-79.124],[-30.316,-79.163],[-30.178,-79.305],[-30.211,-79.485],[-30.049,-79.586],[-29.949,-79.599],[-25.259,-79.762],[-24.671,-79.774],[-24.534,-79.758],[-24.3,-79.771],[-24.088,-79.815],[-23.407,-79.859],[-23.574,-79.965],[-24.02,-80.009],[-24.24,-80.062],[-29.329,-80.172],[-29.532,-80.182],[-29.797,-80.223],[-30.425,-80.28],[-31.015,-80.308],[-31.312,-80.45],[-31.634,-80.444],[-32.256,-80.461],[-32.706,-80.514],[-33.057,-80.532],[-33.191,-80.518],[-33.329,-80.54],[-34.35,-80.604],[-35.327,-80.651],[-35.521,-80.746],[-35.776,-80.813],[-35.966,-80.891],[-36.234,-80.921],[-36.5,-80.96],[-36.812,-80.975],[-37.209,-81.064],[-38.011,-80.954],[-38.772,-80.883],[-39.763,-81.032],[-40.441,-81.165],[-40.914,-81.173],[-41.126,-81.215],[-41.434,-81.298],[-41.711,-81.407],[-42.046,-81.598],[-42.564,-81.761],[-43.18,-82.017],[-43.669,-82.27],[-44.064,-82.331],[-44.292,-82.318],[-44.455,-82.366],[-45.044,-82.438],[-45.789,-82.495],[-46.175,-82.512],[-46.517,-82.455],[-46.449,-82.34],[-46.199,-82.271],[-46.046,-82.159],[-46.119,-82.04],[-46.258,-81.947],[-46.567,-81.979],[-47.02,-82.003],[-47.36,-82.004],[-47.887,-81.925],[-48.361,-81.892],[-50.029,-81.968],[-50.653,-81.975],[-51.209,-82.016],[-51.731,-82.062],[-52.415,-82.135],[-52.799,-82.154],[-53.339,-82.145],[-53.557,-82.169],[-53.739,-82.178],[-53.986,-82.201],[-54.601,-82.316],[-55.295,-82.465],[-55.8,-82.479],[-56.075,-82.57],[-56.318,-82.634],[-57.354,-82.84],[-57.557,-82.89],[-57.798,-82.958],[-58.29,-83.121],[-59.516,-83.459],[-59.854,-83.443],[-60.397,-83.441],[-60.983,-83.427],[-61.426,-83.396],[-61.59,-83.341],[-61.531,-83.279],[-61.436,-83.233],[-61.303,-83.184],[-61.201,-83.098],[-61.219,-82.992],[-61.313,-82.939],[-61.709,-83.01],[-61.917,-82.976],[-62.129,-82.822],[-62.465,-82.718],[-62.631,-82.621],[-62.736,-82.527],[-62.553,-82.503],[-62.094,-82.467],[-60.817,-82.276],[-60.528,-82.2],[-60.687,-82.189],[-60.859,-82.187],[-61.902,-82.271],[-62.645,-82.263],[-63.467,-82.307],[-63.773,-82.304],[-64.397,-82.374],[-64.92,-82.371],[-65.17,-82.318],[-65.424,-82.281],[-65.572,-82.294],[-65.714,-82.279],[-65.913,-82.183],[-65.786,-82.046],[-65.844,-81.993],[-65.953,-81.971],[-66.134,-81.954],[-66.043,-81.914],[-65.916,-81.902],[-64.706,-81.887],[-64.137,-81.869],[-64.19,-81.795],[-64.811,-81.803],[-65.264,-81.786],[-65.487,-81.775],[-65.62,-81.729],[-65.022,-81.696],[-64.696,-81.652],[-64.476,-81.672],[-64.233,-81.66],[-63.769,-81.676],[-63.554,-81.667],[-62.946,-81.684],[-62.542,-81.678],[-62.165,-81.636],[-62.354,-81.577],[-62.49,-81.557],[-63.478,-81.553],[-64.75,-81.522],[-65.574,-81.46],[-67.966,-81.148],[-68.144,-81.13],[-68.285,-81.074],[-68.326,-81.004],[-68.59,-80.968],[-69.182,-81.005],[-69.634,-80.966],[-69.772,-80.961],[-70.012,-80.918],[-70.239,-80.857],[-70.392,-80.735],[-70.56,-80.647],[-70.688,-80.626],[-71.018,-80.619],[-71.23,-80.647],[-71.38,-80.683],[-72.173,-80.764],[-72.553,-80.853],[-73.03,-80.917],[-73.383,-80.894],[-73.938,-80.816],[-74.511,-80.838],[-74.807,-80.886],[-75.075,-80.86],[-75.237,-80.803],[-75.345,-80.719],[-75.494,-80.617],[-75.555,-80.531],[-75.709,-80.382],[-75.823,-80.338],[-75.986,-80.295],[-76.26,-80.16],[-76.407,-80.095],[-76.757,-80.131],[-77.16,-80.153],[-78.176,-80.167],[-78.907,-80.09],[-79.661,-79.997],[-78.692,-79.995],[-77.702,-80.009],[-77.222,-79.994],[-76.904,-79.955],[-76.558,-79.904],[-76.344,-79.821],[-76.032,-79.627],[-76.105,-79.465],[-76.218,-79.387],[-76.499,-79.326],[-79.456,-79.305],[-80.151,-79.268],[-80.416,-79.295],[-80.489,-79.321],[-80.479,-79.426],[-80.535,-79.513],[-80.705,-79.517],[-80.892,-79.502],[-81.163,-79.4],[-81.222,-79.298],[-81.503,-79.163],[-81.661,-79.1],[-82.589,-78.916],[-82.971,-78.817],[-83.26,-78.774],[-83.595,-78.611],[-83.697,-78.537],[-83.763,-78.461],[-83.706,-78.404],[-83.545,-78.355],[-83.355,-78.408],[-83.227,-78.402],[-83.246,-78.357],[-83.508,-78.248],[-83.688,-78.148],[-83.752,-78.066],[-83.779,-77.984],[-83.412,-78.114],[-83.083,-78.247],[-82.609,-78.412],[-81.929,-78.559],[-80.816,-78.754],[-80.292,-78.822],[-79.766,-78.821],[-78.712,-78.752],[-77.869,-78.746],[-77.545,-78.66],[-77.452,-78.561],[-77.433,-78.435],[-77.665,-78.401],[-77.858,-78.351],[-79.51,-78.154],[-81.441,-77.886],[-81.581,-77.846],[-81.103,-77.842],[-80.888,-77.798],[-80.601,-77.752],[-80.104,-77.796],[-79.679,-77.842],[-77.742,-77.94],[-76.438,-78.044],[-75.399,-78.158],[-74.812,-78.178],[-74.042,-78.109],[-73.485,-77.971],[-73.251,-77.894],[-72.875,-77.694],[-72.852,-77.59],[-73.478,-77.536],[-74.581,-77.478],[-75.387,-77.474],[-75.748,-77.399],[-75.937,-77.335],[-76.249,-77.275],[-76.824,-76.994],[-77.168,-76.834],[-77.287,-76.702],[-77.19,-76.63],[-76.244,-76.585],[-75.963,-76.592],[-75.832,-76.608],[-75.659,-76.608],[-75.444,-76.587],[-75.269,-76.581],[-73.88,-76.697],[-73.472,-76.676],[-72.722,-76.689],[-71.799,-76.753],[-70.895,-76.739],[-70.551,-76.718],[-70.21,-76.674],[-70.095,-76.654],[-69.915,-76.522],[-69.304,-76.351],[-67.518,-76.109],[-66.371,-76.013],[-65.966,-75.952],[-65.322,-75.815],[-65.044,-75.788],[-64.778,-75.738],[-64.053,-75.58],[-63.363,-75.452],[-63.258,-75.399],[-63.304,-75.352],[-63.475,-75.336],[-63.678,-75.328],[-63.972,-75.329],[-64.279,-75.293],[-63.858,-75.206],[-63.551,-75.171],[-63.231,-75.154],[-63.173,-75.115],[-63.337,-75.035],[-63.571,-75.031],[-63.925,-75.005],[-63.751,-74.952],[-63.559,-74.906],[-63.357,-74.878],[-63.198,-74.909],[-63.125,-74.85],[-63.168,-74.765],[-63.178,-74.684],[-63.072,-74.678],[-62.887,-74.691],[-62.709,-74.737],[-62.567,-74.896],[-62.372,-74.952],[-62.138,-74.926],[-61.928,-74.863],[-61.855,-74.777],[-61.894,-74.713],[-62.133,-74.55],[-62.226,-74.506],[-62.235,-74.442],[-62.089,-74.453],[-61.994,-74.476],[-61.64,-74.513],[-61.37,-74.512],[-61.011,-74.478],[-60.839,-74.373],[-60.704,-74.307],[-60.784,-74.241],[-61.121,-74.307],[-61.332,-74.329],[-61.843,-74.29],[-61.718,-74.228],[-61.571,-74.195],[-61.227,-74.208],[-61.042,-74.122],[-61.161,-74.056],[-61.32,-74.036],[-61.838,-74.032],[-61.741,-73.996],[-61.692,-73.924],[-61.546,-73.896],[-61.404,-73.896],[-61.203,-73.957],[-61.088,-73.929],[-60.903,-73.871],[-60.791,-73.712],[-60.879,-73.612],[-61.08,-73.539],[-61.405,-73.467],[-61.637,-73.5],[-61.738,-73.375],[-61.787,-73.255],[-61.915,-73.216],[-62.008,-73.148],[-61.727,-73.161],[-61.428,-73.192],[-61.242,-73.25],[-61.082,-73.328],[-60.896,-73.32],[-60.687,-73.271],[-60.561,-73.211],[-60.404,-73.24],[-60.122,-73.275],[-60.016,-73.19],[-59.957,-73.031],[-60.01,-72.938],[-60.149,-72.938],[-60.254,-73.018],[-60.385,-73.007],[-60.532,-72.832],[-60.532,-72.674],[-60.724,-72.647],[-60.939,-72.699],[-61.286,-72.601],[-61.28,-72.468],[-61.048,-72.47],[-60.73,-72.426],[-60.665,-72.362],[-60.691,-72.27],[-60.704,-72.144],[-60.72,-72.072],[-60.833,-72.051],[-60.952,-72.05],[-61.108,-72.092],[-61.31,-72.113],[-61.493,-72.072],[-61.628,-72.053],[-61.894,-72.071],[-62.257,-72.017],[-61.939,-71.904],[-61.645,-71.863],[-61.035,-71.82],[-60.949,-71.748],[-60.995,-71.661],[-61.082,-71.589],[-61.213,-71.564],[-61.563,-71.675],[-61.726,-71.672],[-61.959,-71.658],[-61.91,-71.631],[-61.79,-71.616],[-61.516,-71.479],[-61.369,-71.452],[-61.237,-71.4],[-61.148,-71.342],[-61.003,-71.319],[-60.963,-71.245],[-61.017,-71.167],[-61.066,-71.133]],[[-12.915,-72.015],[-12.963,-72.064],[-12.944,-72.099],[-12.888,-72.137],[-12.72,-72.188],[-12.588,-72.196],[-12.509,-72.174],[-12.535,-72.14],[-12.637,-72.071],[-12.789,-72.006],[-12.876,-72.0],[-12.915,-72.015]],[[-16.356,-72.459],[-16.455,-72.474],[-16.517,-72.531],[-16.51,-72.582],[-16.453,-72.652],[-16.318,-72.702],[-16.175,-72.703],[-16.105,-72.679],[-16.172,-72.6],[-16.303,-72.478],[-16.356,-72.459]],[[-21.126,-73.94],[-21.288,-73.989],[-21.931,-74.057],[-22.035,-74.107],[-21.61,-74.092],[-21.167,-74.132],[-21.051,-74.176],[-20.977,-74.225],[-20.846,-74.438],[-20.818,-74.455],[-20.737,-74.481],[-20.489,-74.493],[-20.417,-74.443],[-20.411,-74.409],[-20.424,-74.317],[-20.6,-74.197],[-20.641,-74.15],[-20.654,-74.105],[-20.607,-73.886],[-20.521,-73.798],[-20.521,-73.712],[-20.58,-73.619],[-20.69,-73.625],[-20.867,-73.677],[-20.979,-73.791],[-21.025,-73.88],[-21.126,-73.94]],[[-31.681,-79.634],[-32.0,-79.733],[-31.824,-79.85],[-31.594,-79.888],[-30.844,-79.939],[-30.422,-80.011],[-30.029,-79.936],[-29.8,-79.926],[-29.721,-79.93],[-29.615,-79.909],[-29.871,-79.823],[-30.66,-79.733],[-30.78,-79.647],[-30.861,-79.726],[-30.841,-79.771],[-30.985,-79.818],[-31.119,-79.798],[-31.605,-79.645],[-31.681,-79.634]],[[-32.583,-79.659],[-32.515,-79.683],[-32.343,-79.673],[-32.001,-79.607],[-31.957,-79.604],[-31.933,-79.568],[-32.15,-79.53],[-32.376,-79.535],[-32.501,-79.592],[-32.583,-79.659]],[[-36.481,-79.294],[-34.05,-79.357],[-33.934,-79.32],[-33.947,-79.306],[-33.995,-79.279],[-34.391,-79.223],[-35.534,-79.09],[-35.597,-79.092],[-35.79,-79.149],[-36.048,-79.181],[-36.238,-79.196],[-36.566,-79.209],[-36.601,-79.283],[-36.481,-79.294]],[[-49.144,-78.094],[-49.354,-78.222],[-49.94,-78.462],[-50.142,-78.557],[-50.219,-78.605],[-50.294,-78.696],[-50.378,-78.781],[-50.335,-78.818],[-50.242,-78.833],[-50.298,-78.882],[-50.38,-78.923],[-50.502,-78.95],[-50.514,-78.98],[-50.502,-79.022],[-50.52,-79.105],[-50.573,-79.172],[-50.649,-79.233],[-50.733,-79.283],[-50.464,-79.313],[-50.419,-79.322],[-50.379,-79.338],[-50.332,-79.381],[-50.295,-79.43],[-50.339,-79.48],[-50.401,-79.511],[-50.664,-79.627],[-51.184,-79.819],[-51.711,-79.99],[-52.297,-80.141],[-52.338,-80.126],[-52.357,-80.078],[-52.461,-80.067],[-52.567,-80.099],[-52.807,-80.156],[-53.054,-80.175],[-53.176,-80.161],[-53.347,-80.115],[-53.394,-80.109],[-53.482,-80.189],[-53.676,-80.284],[-54.045,-80.487],[-54.129,-80.516],[-54.347,-80.569],[-54.372,-80.624],[-54.351,-80.76],[-54.242,-80.847],[-54.202,-80.864],[-54.163,-80.87],[-49.773,-80.784],[-49.701,-80.753],[-49.63,-80.712],[-49.41,-80.667],[-49.187,-80.643],[-43.528,-80.191],[-43.489,-80.178],[-43.454,-80.155],[-43.459,-80.123],[-43.49,-80.096],[-43.758,-80.021],[-43.742,-80.003],[-43.704,-79.99],[-43.6,-79.974],[-43.496,-79.969],[-43.267,-79.979],[-43.066,-79.891],[-42.99,-79.801],[-42.945,-79.579],[-42.966,-79.477],[-43.118,-79.35],[-43.211,-79.3],[-43.267,-79.163],[-43.363,-79.085],[-43.451,-78.99],[-43.544,-78.902],[-43.628,-78.846],[-43.722,-78.818],[-44.041,-78.807],[-44.566,-78.804],[-45.092,-78.815],[-45.222,-78.811],[-45.352,-78.791],[-45.295,-78.74],[-45.213,-78.687],[-45.068,-78.662],[-43.947,-78.598],[-43.852,-78.53],[-43.788,-78.433],[-43.777,-78.385],[-43.785,-78.336],[-43.809,-78.286],[-43.855,-78.258],[-44.094,-78.167],[-44.34,-78.093],[-44.594,-78.035],[-44.852,-77.989],[-45.53,-77.882],[-45.993,-77.827],[-46.258,-77.805],[-46.826,-77.785],[-47.03,-77.791],[-47.463,-77.819],[-47.692,-77.84],[-49.081,-78.047],[-49.144,-78.094]],[[-59.498,-80.115],[-59.788,-80.101],[-59.786,-80.001],[-59.752,-79.938],[-59.706,-79.876],[-59.873,-79.777],[-60.579,-79.741],[-61.027,-79.809],[-61.115,-79.862],[-61.343,-79.887],[-61.346,-79.951],[-61.246,-79.978],[-61.302,-79.996],[-61.684,-80.02],[-61.717,-80.069],[-61.694,-80.134],[-61.598,-80.206],[-61.485,-80.244],[-61.194,-80.257],[-61.313,-80.307],[-61.633,-80.344],[-62.232,-80.369],[-62.519,-80.373],[-65.98,-80.385],[-66.116,-80.361],[-66.167,-80.346],[-66.218,-80.258],[-66.296,-80.235],[-66.377,-80.222],[-66.483,-80.224],[-66.589,-80.239],[-66.681,-80.26],[-66.771,-80.294],[-66.734,-80.318],[-66.591,-80.358],[-66.184,-80.442],[-65.203,-80.607],[-64.268,-80.749],[-64.22,-80.734],[-64.126,-80.668],[-64.065,-80.65],[-63.715,-80.617],[-63.144,-80.595],[-63.068,-80.627],[-62.986,-80.734],[-62.941,-80.766],[-62.671,-80.834],[-62.023,-80.889],[-60.583,-80.948],[-60.268,-80.881],[-60.125,-80.841],[-59.926,-80.775],[-59.825,-80.733],[-59.771,-80.657],[-59.773,-80.558],[-59.734,-80.344],[-59.684,-80.315],[-59.613,-80.255],[-59.53,-80.208],[-59.426,-80.198],[-59.322,-80.196],[-59.408,-80.151],[-59.498,-80.115]],[[-65.579,-79.771],[-65.871,-79.738],[-66.014,-79.624],[-66.274,-79.612],[-66.785,-79.608],[-66.881,-79.582],[-66.979,-79.569],[-67.438,-79.56],[-67.688,-79.528],[-67.809,-79.546],[-67.771,-79.589],[-67.719,-79.62],[-67.077,-79.762],[-66.993,-79.794],[-66.962,-79.873],[-66.904,-79.909],[-66.41,-79.973],[-66.367,-80.054],[-66.319,-80.075],[-66.267,-80.081],[-66.174,-80.078],[-65.99,-80.054],[-65.899,-80.041],[-65.504,-79.954],[-65.54,-79.837],[-65.579,-79.771]],[[-69.732,-79.618],[-69.634,-79.517],[-69.686,-79.443],[-69.394,-79.28],[-69.251,-79.21],[-68.638,-79.013],[-68.157,-78.871],[-67.481,-78.682],[-67.166,-78.57],[-67.046,-78.514],[-66.787,-78.422],[-66.728,-78.384],[-66.84,-78.349],[-67.038,-78.316],[-67.479,-78.363],[-69.398,-78.686],[-69.748,-78.769],[-69.972,-78.809],[-70.544,-78.884],[-70.626,-78.901],[-71.254,-79.06],[-71.454,-79.129],[-71.668,-79.246],[-71.783,-79.444],[-71.778,-79.5],[-71.735,-79.538],[-71.687,-79.568],[-71.526,-79.624],[-71.414,-79.64],[-70.984,-79.674],[-70.553,-79.683],[-70.334,-79.68],[-70.117,-79.666],[-69.732,-79.618]],[[-68.161,-79.479],[-67.434,-79.501],[-67.262,-79.453],[-67.305,-79.394],[-67.239,-79.328],[-67.173,-79.311],[-67.069,-79.269],[-67.474,-79.223],[-67.714,-79.214],[-68.033,-79.227],[-68.233,-79.285],[-68.324,-79.298],[-68.422,-79.333],[-68.549,-79.437],[-68.408,-79.464],[-68.161,-79.479]]]}},{"type":"Feature","properties":{"id":"seas-ne-1159115321-seas-25","category":"seas"},"geometry":{"type":"Polygon","coordinates":[[[11.059,37.048],[11.054,37.072],[10.951,37.059],[10.766,36.93],[10.571,36.879],[10.518,36.791],[10.413,36.732],[10.294,36.781],[10.334,36.866],[10.189,37.034],[10.197,37.206],[10.087,37.251],[9.988,37.258],[9.875,37.254],[9.88,37.213],[9.897,37.181],[9.83,37.135],[9.784,37.212],[9.816,37.254],[9.838,37.309],[9.759,37.33],[9.688,37.34],[9.142,37.195],[9.059,37.156],[8.823,36.998],[8.576,36.937],[8.127,36.91],[7.911,36.857],[7.792,36.88],[7.608,37.0],[7.432,37.059],[7.204,37.093],[7.239,36.969],[7.143,36.943],[6.927,36.919],[6.576,37.003],[6.487,37.086],[6.328,37.046],[6.249,36.939],[6.065,36.864],[5.726,36.799],[5.425,36.676],[5.296,36.648],[5.195,36.677],[4.995,36.808],[4.878,36.862],[4.758,36.896],[3.779,36.896],[3.521,36.795],[2.973,36.785],[2.847,36.739],[2.594,36.601],[2.343,36.61],[1.974,36.568],[1.257,36.519],[0.972,36.444],[0.791,36.356],[0.515,36.262],[0.312,36.162],[0.151,36.063],[0.048,35.9],[-0.048,35.833],[-0.189,35.819],[-0.351,35.863],[-0.426,35.862],[-0.917,35.669],[-1.088,35.579],[-1.205,35.496],[-1.25,35.452],[-1.252,35.454],[-2.073,36.777],[-2.091,36.796],[-1.939,36.946],[-1.797,37.233],[-1.641,37.387],[-1.328,37.561],[-0.938,37.571],[-0.822,37.581],[-0.772,37.596],[-0.722,37.631],[-0.823,37.712],[-0.815,37.77],[-0.753,37.85],[-0.742,37.886],[-0.683,37.992],[-0.647,38.152],[-0.551,38.203],[-0.521,38.317],[-0.381,38.436],[-0.053,38.586],[0.136,38.697],[0.202,38.759],[0.228,38.74],[1.563,38.66],[1.505,38.671],[1.406,38.671],[1.402,38.711],[1.417,38.74],[1.436,38.768],[1.497,38.712],[1.593,38.702],[1.594,38.672],[1.573,38.66],[1.58,38.659],[3.184,39.317],[4.282,39.816],[4.275,39.83],[4.294,39.842],[4.322,39.898],[4.315,39.917],[4.226,40.033],[4.128,40.057],[3.272,41.963],[3.263,41.962],[3.263,41.962],[5.406,43.23],[5.407,43.229],[5.672,43.178],[5.809,43.098],[6.031,43.101],[6.116,43.072],[6.305,43.139],[6.494,43.169],[6.57,43.199],[6.657,43.262],[6.687,43.335],[6.717,43.374],[6.864,43.438],[7.181,43.659],[7.261,43.696],[7.493,43.767],[7.733,43.802],[7.822,43.827],[9.384,43.021],[9.384,43.019],[9.363,43.018],[9.331,42.944],[9.323,42.814],[9.338,42.767],[9.313,42.713],[9.288,42.695],[9.254,42.712],[9.198,42.729],[9.138,42.733],[9.089,42.705],[9.044,42.661],[8.995,42.646],[8.815,42.608],[8.713,42.55],[8.64,42.427],[8.587,42.385],[8.566,42.358],[8.592,42.344],[8.626,42.343],[8.675,42.284],[8.608,42.258],[8.566,42.219],[8.588,42.161],[8.641,42.118],[8.701,42.096],[8.702,42.043],[8.654,41.996],[8.615,41.959],[8.622,41.931],[8.674,41.922],[8.74,41.925],[8.759,41.87],[8.719,41.804],[8.718,41.761],[8.771,41.737],[8.887,41.701],[8.879,41.669],[8.83,41.627],[8.808,41.588],[8.842,41.559],[8.895,41.516],[9.003,41.477],[9.186,41.385],[9.187,41.387],[9.198,41.262],[9.202,41.249],[9.182,41.242],[9.163,41.185],[9.107,41.143],[8.998,41.11],[8.821,40.95],[8.699,40.895],[8.572,40.85],[8.468,40.834],[8.363,40.846],[8.31,40.858],[8.245,40.907],[8.224,40.913],[8.204,40.871],[8.181,40.771],[8.19,40.652],[8.23,40.606],[8.295,40.559],[8.353,40.5],[8.385,40.443],[8.409,40.352],[8.471,40.293],[8.471,40.131],[8.455,40.078],[8.409,40.038],[8.399,39.978],[8.408,39.917],[8.496,39.898],[8.548,39.839],[8.539,39.77],[8.54,39.731],[8.511,39.721],[8.471,39.748],[8.451,39.721],[8.461,39.648],[8.447,39.563],[8.419,39.523],[8.399,39.482],[8.411,39.292],[8.418,39.205],[8.486,39.111],[8.553,39.03],[8.595,38.964],[8.648,38.927],[8.719,38.927],[8.801,38.91],[8.881,38.913],[8.902,38.926],[8.906,38.919],[12.453,37.73],[12.475,37.744],[12.527,37.669],[12.64,37.594],[12.699,37.572],[12.757,37.567],[12.871,37.575],[12.924,37.57],[13.04,37.506],[13.17,37.479],[13.221,37.452],[13.265,37.411],[13.361,37.349],[13.587,37.254],[13.801,37.136],[13.906,37.1],[14.024,37.107],[14.143,37.104],[14.259,37.046],[14.368,36.973],[14.502,36.799],[14.555,36.777],[14.614,36.767],[14.776,36.71],[14.89,36.724],[15.003,36.694],[15.113,36.688],[15.112,36.634],[22.454,36.463],[22.489,36.447],[22.489,36.568],[22.608,36.78],[22.717,36.794],[22.78,36.786],[22.832,36.687],[22.983,36.528],[23.061,36.487],[23.086,36.468],[23.077,36.455],[23.009,36.319],[23.097,36.246],[23.054,36.19],[23.042,36.146],[23.027,36.151],[23.222,35.789],[23.578,35.541],[23.57,35.535],[23.548,35.416],[23.562,35.295],[23.593,35.257],[23.638,35.235],[23.704,35.234],[23.884,35.246],[23.994,35.222],[24.463,35.161],[24.584,35.116],[24.709,35.089],[24.735,35.058],[24.744,35.014],[24.745,34.95],[24.8,34.935],[25.206,34.959],[25.611,35.007],[25.83,35.025],[26.047,35.014],[26.165,35.019],[26.244,35.045],[26.256,35.095],[26.281,35.159],[26.299,35.268],[26.319,35.313],[26.322,35.311],[27.107,35.447],[27.099,35.456],[27.116,35.511],[27.071,35.598],[27.156,35.726],[27.158,35.789],[27.223,35.82],[27.207,35.715],[27.157,35.629],[27.17,35.612],[27.171,35.612],[27.738,35.923],[27.746,35.911],[27.771,35.908],[27.843,35.929],[27.966,36.047],[28.088,36.065],[28.068,36.129],[28.144,36.21],[28.23,36.37],[28.232,36.434],[28.171,36.426],[28.136,36.415],[28.085,36.643],[28.112,36.646],[28.196,36.686],[28.304,36.812],[28.484,36.804],[28.718,36.701],[28.817,36.676],[28.896,36.673],[28.969,36.715],[29.038,36.694],[29.058,36.638],[29.066,36.59],[29.116,36.52],[29.143,36.397],[29.224,36.325],[29.348,36.259],[29.689,36.156],[29.789,36.168],[30.083,36.25],[30.231,36.307],[30.295,36.288],[30.388,36.243],[30.446,36.27],[30.484,36.31],[30.506,36.451],[30.558,36.526],[30.582,36.797],[30.644,36.866],[30.95,36.849],[31.241,36.822],[31.353,36.801],[31.778,36.613],[32.022,36.535],[32.131,36.449],[32.284,36.268],[32.378,36.183],[32.534,36.101],[32.795,36.036],[32.93,36.096],[33.1,36.103],[33.442,36.153],[33.523,36.144],[33.695,36.182],[33.955,36.295],[34.023,36.341],[34.3,36.604],[34.601,36.785],[34.703,36.817],[34.811,36.799],[34.943,36.726],[35.176,36.635],[35.393,36.575],[35.537,36.597],[35.626,36.653],[35.661,36.724],[35.734,36.764],[35.801,36.778],[35.905,36.848],[36.049,36.91],[36.135,36.852],[36.18,36.807],[36.188,36.743],[36.188,36.659],[36.032,36.523],[35.883,36.406],[35.811,36.31],[35.887,36.159],[35.957,35.998],[35.892,35.917],[35.84,35.849],[35.764,35.572],[35.902,35.421],[35.916,35.351],[35.918,35.3],[35.943,35.224],[35.89,35.061],[35.888,34.949],[35.899,34.852],[35.976,34.629],[35.978,34.547],[35.922,34.493],[35.804,34.437],[35.648,34.248],[35.612,34.032],[35.511,33.88],[35.336,33.504],[35.252,33.393],[35.203,33.259],[35.155,33.16],[35.109,33.084],[35.077,32.967],[35.006,32.826],[34.922,32.614],[34.804,32.196],[34.679,31.896],[34.484,31.592],[34.477,31.585],[34.387,31.484],[34.198,31.322],[34.176,31.304],[33.903,31.181],[33.666,31.13],[33.378,31.131],[33.194,31.084],[33.157,31.126],[33.13,31.168],[32.902,31.111],[32.855,31.118],[32.685,31.074],[32.603,31.068],[32.533,31.101],[32.324,31.256],[32.251,31.295],[32.216,31.294],[32.243,31.246],[32.282,31.201],[32.206,31.119],[32.101,31.093],[32.066,31.153],[32.008,31.22],[31.902,31.24],[31.771,31.292],[31.876,31.414],[31.893,31.482],[32.076,31.345],[32.136,31.341],[31.964,31.502],[31.889,31.542],[31.839,31.526],[31.607,31.456],[31.524,31.458],[31.194,31.588],[31.083,31.603],[31.052,31.591],[31.031,31.508],[31.002,31.463],[30.842,31.44],[30.7,31.404],[30.563,31.417],[30.884,31.523],[30.924,31.567],[30.571,31.473],[30.395,31.457],[30.344,31.403],[30.312,31.357],[30.262,31.317],[30.222,31.258],[30.128,31.256],[30.049,31.265],[29.93,31.227],[29.592,31.011],[29.429,30.928],[29.279,30.867],[29.16,30.835],[29.072,30.83],[28.973,30.857],[28.807,30.943],[28.515,31.05],[27.968,31.098],[27.83,31.195],[27.62,31.192],[27.54,31.212],[27.248,31.378],[26.769,31.47],[26.457,31.512],[25.893,31.621],[25.382,31.513],[25.226,31.534],[25.15,31.655],[25.115,31.712],[25.025,31.883],[24.951,31.954],[24.878,31.984],[24.684,32.016],[24.48,31.997],[24.13,32.009],[24.039,32.037],[23.898,32.127],[23.798,32.159],[23.286,32.214],[23.106,32.332],[23.11,32.397],[23.129,32.448],[23.091,32.619],[22.917,32.687],[22.754,32.741],[22.524,32.794],[22.34,32.88],[22.188,32.918],[21.839,32.909],[21.721,32.942],[21.636,32.937],[21.425,32.799],[21.319,32.778],[21.063,32.776],[20.621,32.58],[20.37,32.431],[20.122,32.219],[20.031,32.108],[19.988,32.027],[19.984,32.029],[15.359,32.149],[15.359,32.16],[15.267,32.311],[15.177,32.391],[14.514,32.511],[14.424,32.55],[14.237,32.681],[14.156,32.71],[13.835,32.792],[13.648,32.799],[13.536,32.824],[13.283,32.915],[13.138,32.897],[12.754,32.801],[12.427,32.829],[12.28,32.859],[11.813,33.094],[11.657,33.119],[11.505,33.182],[11.401,33.225],[11.338,33.209],[11.234,33.234],[11.203,33.249],[11.232,33.271],[11.27,33.286],[11.258,33.309],[11.15,33.369],[11.085,33.563],[10.958,33.626],[10.898,33.534],[10.828,33.519],[10.723,33.514],[10.704,33.61],[10.713,33.689],[10.708,33.688],[10.747,33.723],[10.757,33.718],[10.785,33.718],[10.858,33.687],[10.883,33.69],[10.931,33.718],[10.958,33.722],[10.993,33.746],[11.037,33.785],[11.034,33.805],[11.018,33.823],[10.926,33.89],[11.182,34.709],[11.124,34.682],[11.153,34.745],[11.188,34.771],[11.113,35.231],[11.12,35.24],[11.043,35.335],[11.032,35.454],[11.0,35.552],[11.004,35.634],[10.784,35.772],[10.689,35.799],[10.591,35.887],[10.506,36.033],[10.477,36.175],[10.488,36.255],[10.526,36.323],[10.642,36.419],[10.798,36.493],[10.967,36.743],[11.057,36.842],[11.127,36.874],[11.077,36.967],[11.059,37.048]],[[32.317,34.953],[32.414,34.778],[32.449,34.729],[32.506,34.707],[32.693,34.649],[32.75,34.648],[32.867,34.661],[32.914,34.636],[32.942,34.576],[33.008,34.569],[33.024,34.6],[33.025,34.637],[33.062,34.675],[33.115,34.695],[33.176,34.698],[33.296,34.718],[33.415,34.751],[33.514,34.807],[33.7,34.97],[33.759,34.973],[33.822,34.966],[33.937,34.972],[34.05,34.989],[34.023,35.046],[34.004,35.065],[33.931,35.14],[33.908,35.202],[33.942,35.292],[34.463,35.593],[34.556,35.662],[34.411,35.629],[34.272,35.57],[34.192,35.546],[34.064,35.474],[33.607,35.354],[33.459,35.336],[33.308,35.342],[33.123,35.358],[32.942,35.39],[32.926,35.278],[32.88,35.181],[32.773,35.159],[32.713,35.171],[32.652,35.183],[32.556,35.156],[32.475,35.09],[32.391,35.05],[32.301,35.083],[32.317,34.953]]]}},{"type":"Feature","properties":{"id":"seas-ne-1159115615-seas-26","category":"seas"},"geometry":{"type":"MultiPolygon","coordinates":[[[[170.73,-71.939],[180.0,-71.939],[180.0,-84.352],[179.62,-84.268],[179.403,-84.206],[178.944,-84.181],[178.496,-84.136],[178.353,-84.127],[178.209,-84.13],[177.581,-84.075],[175.911,-83.973],[175.606,-83.968],[175.323,-83.94],[175.187,-83.878],[175.011,-83.839],[173.822,-83.81],[173.662,-83.761],[173.397,-83.759],[172.874,-83.673],[172.45,-83.675],[171.917,-83.644],[171.537,-83.581],[171.289,-83.555],[171.22,-83.475],[171.036,-83.448],[170.817,-83.436],[170.332,-83.479],[169.838,-83.399],[168.11,-83.362],[167.843,-83.316],[167.658,-83.272],[167.675,-83.232],[167.825,-83.243],[167.973,-83.243],[168.24,-83.23],[168.32,-83.211],[168.409,-83.155],[168.482,-83.127],[168.607,-83.065],[168.276,-82.987],[168.092,-82.975],[167.827,-83.031],[167.602,-83.047],[167.405,-82.999],[167.297,-82.986],[167.233,-82.952],[167.271,-82.88],[167.116,-82.801],[166.957,-82.765],[166.742,-82.757],[166.446,-82.722],[165.982,-82.63],[164.98,-82.385],[164.747,-82.354],[164.002,-82.397],[163.269,-82.463],[163.175,-82.519],[163.012,-82.535],[162.644,-82.482],[161.283,-82.49],[161.166,-82.408],[162.427,-82.314],[163.68,-82.187],[163.603,-82.121],[163.004,-81.969],[162.854,-81.921],[162.821,-81.866],[162.577,-81.832],[162.425,-81.765],[161.996,-81.653],[161.73,-81.611],[161.582,-81.61],[160.908,-81.39],[160.47,-81.341],[160.478,-81.27],[160.54,-81.242],[160.717,-81.2],[160.728,-81.113],[160.717,-80.907],[160.607,-80.901],[160.276,-80.847],[160.26,-80.787],[160.503,-80.779],[160.72,-80.753],[160.83,-80.73],[160.823,-80.674],[160.601,-80.636],[160.521,-80.584],[160.603,-80.507],[160.637,-80.45],[160.542,-80.425],[159.065,-80.442],[158.573,-80.423],[158.56,-80.349],[158.768,-80.294],[160.179,-80.088],[160.382,-80.054],[160.559,-80.01],[160.558,-79.93],[160.387,-79.88],[160.111,-79.892],[159.896,-79.859],[159.872,-79.79],[160.265,-79.736],[160.346,-79.691],[160.323,-79.635],[160.084,-79.633],[159.976,-79.586],[160.068,-79.561],[160.209,-79.554],[160.646,-79.427],[160.67,-79.359],[160.567,-79.302],[160.483,-79.201],[160.874,-79.049],[161.191,-78.979],[161.546,-79.015],[161.737,-79.06],[161.864,-79.061],[161.952,-79.03],[161.952,-78.968],[161.813,-78.908],[161.502,-78.677],[161.51,-78.571],[161.669,-78.536],[161.757,-78.545],[161.974,-78.694],[162.64,-78.898],[162.895,-78.845],[163.503,-78.758],[163.902,-78.717],[164.301,-78.63],[164.635,-78.603],[166.117,-78.571],[166.287,-78.628],[166.525,-78.695],[166.85,-78.68],[167.049,-78.686],[167.131,-78.606],[167.058,-78.518],[166.801,-78.521],[166.51,-78.498],[166.209,-78.452],[165.663,-78.306],[165.534,-78.154],[166.324,-77.592],[166.533,-77.701],[166.651,-77.774],[166.729,-77.851],[167.025,-77.756],[167.28,-77.703],[167.393,-77.649],[167.917,-77.644],[168.323,-77.683],[168.519,-77.681],[168.755,-77.653],[169.117,-77.56],[169.353,-77.525],[169.276,-77.455],[169.859,-73.568],[169.961,-73.514],[169.886,-73.459],[169.783,-73.324],[169.74,-73.32],[169.711,-73.331],[169.538,-73.052],[169.545,-73.05],[169.712,-72.877],[169.845,-72.795],[169.829,-72.729],[169.269,-72.621],[168.82,-72.552],[168.622,-72.472],[168.429,-72.384],[168.576,-72.379],[168.719,-72.385],[169.073,-72.469],[169.44,-72.487],[169.775,-72.534],[170.048,-72.601],[170.207,-72.565],[170.286,-72.477],[170.26,-72.371],[170.127,-72.398],[169.954,-72.403],[170.03,-72.115],[170.224,-71.948],[170.409,-71.948],[170.675,-71.969],[170.73,-71.939]],[[166.626,-78.284],[166.872,-78.235],[166.936,-78.222],[167.377,-78.249],[167.517,-78.216],[167.643,-78.141],[167.64,-78.112],[167.594,-78.022],[167.498,-77.992],[167.422,-78.007],[167.364,-78.046],[167.138,-78.13],[166.864,-78.197],[166.76,-78.198],[166.567,-78.148],[166.111,-78.09],[166.013,-78.102],[166.012,-78.131],[166.051,-78.213],[166.122,-78.275],[166.285,-78.307],[166.626,-78.284]]],[[[-180,-71.939],[-107.165,-71.939],[-102.128,-71.939],[-102.128,-71.986],[-102.236,-72.009],[-114.624,-73.903],[-114.791,-73.989],[-114.991,-74.275],[-115.105,-74.455],[-115.223,-74.488],[-116.433,-74.447],[-117.068,-74.473],[-117.806,-74.403],[-118.342,-74.382],[-118.656,-74.393],[-118.803,-74.422],[-119.023,-74.518],[-119.422,-74.621],[-119.677,-74.655],[-121.544,-74.75],[-123.889,-74.773],[-124.312,-74.736],[-124.883,-74.724],[-124.935,-74.201],[-124.873,-74.208],[-124.2,-74.226],[-123.983,-74.256],[-123.938,-74.256],[-123.836,-74.226],[-123.839,-74.168],[-123.811,-74.117],[-123.801,-74.076],[-123.851,-74.057],[-123.932,-74.008],[-124.129,-73.971],[-124.152,-73.944],[-124.101,-73.907],[-124.042,-73.881],[-124.129,-73.834],[-124.54,-73.74],[-124.618,-73.735],[-124.694,-73.749],[-124.993,-73.83],[-125.109,-73.826],[-125.224,-73.801],[-125.327,-73.795],[-125.553,-73.82],[-125.674,-73.822],[-125.799,-73.802],[-125.857,-73.78],[-125.86,-73.749],[-125.828,-73.718],[-125.723,-73.703],[-125.612,-73.711],[-125.276,-73.691],[-125.264,-73.666],[-125.326,-73.618],[-125.504,-73.563],[-125.562,-73.537],[-125.627,-73.453],[-125.736,-73.405],[-125.857,-73.388],[-125.976,-73.357],[-126.065,-73.315],[-126.33,-73.286],[-126.597,-73.279],[-126.83,-73.291],[-126.978,-73.308],[-127.124,-73.294],[-127.268,-73.304],[-134.94,-74.693],[-135.362,-74.69],[-136.03,-74.765],[-136.228,-74.836],[-136.462,-75.036],[-136.55,-75.139],[-136.65,-75.162],[-137.09,-75.153],[-137.618,-75.075],[-139.149,-75.16],[-139.691,-75.213],[-140.294,-75.406],[-140.471,-75.447],[-140.71,-75.498],[-140.999,-75.52],[-141.223,-75.546],[-140.874,-75.746],[-141.009,-75.751],[-141.134,-75.746],[-141.506,-75.69],[-142.094,-75.53],[-142.33,-75.491],[-143.022,-75.543],[-143.574,-75.563],[-144.221,-75.732],[-144.721,-75.832],[-145.105,-75.879],[-145.988,-75.889],[-146.323,-76.021],[-146.383,-76.1],[-145.86,-76.267],[-145.642,-76.326],[-145.442,-76.409],[-145.687,-76.429],[-145.886,-76.424],[-146.598,-76.338],[-146.817,-76.318],[-147.86,-76.131],[-148.321,-76.105],[-148.459,-76.118],[-148.464,-76.12],[-158.003,-77.091],[-158.214,-77.157],[-158.247,-77.355],[-158.23,-77.497],[-158.351,-77.615],[-158.501,-77.778],[-158.407,-77.888],[-158.286,-77.951],[-157.848,-78.074],[-157.267,-78.2],[-156.569,-78.186],[-155.341,-78.192],[-155.037,-78.221],[-154.695,-78.217],[-154.293,-78.259],[-154.538,-78.359],[-154.717,-78.398],[-155.92,-78.51],[-156.208,-78.558],[-156.469,-78.635],[-156.115,-78.745],[-155.21,-78.965],[-154.518,-79.046],[-153.517,-79.117],[-152.701,-79.135],[-152.244,-79.103],[-152.138,-79.116],[-152.053,-79.193],[-152.091,-79.242],[-151.904,-79.281],[-151.636,-79.318],[-151.369,-79.393],[-151.048,-79.46],[-150.491,-79.545],[-149.051,-79.657],[-148.417,-79.732],[-148.177,-79.776],[-148.083,-79.857],[-148.129,-79.908],[-148.296,-79.907],[-148.434,-79.93],[-148.43,-79.971],[-148.34,-80.003],[-148.317,-80.071],[-148.448,-80.09],[-148.766,-80.108],[-149.578,-80.106],[-149.846,-80.118],[-150.221,-80.15],[-150.436,-80.211],[-150.575,-80.354],[-150.516,-80.409],[-150.282,-80.48],[-150.133,-80.511],[-149.429,-80.586],[-149.265,-80.593],[-149.214,-80.604],[-149.207,-80.67],[-149.147,-80.718],[-148.984,-80.742],[-148.543,-80.76],[-148.024,-80.836],[-148.123,-80.901],[-152.035,-81.029],[-155.921,-81.133],[-156.528,-81.162],[-156.815,-81.231],[-157.033,-81.319],[-156.492,-81.377],[-154.908,-81.51],[-154.485,-81.566],[-154.232,-81.623],[-153.957,-81.7],[-154.061,-81.765],[-154.188,-81.811],[-154.451,-81.867],[-154.718,-81.941],[-153.883,-82.176],[-153.01,-82.449],[-153.398,-82.586],[-153.822,-82.67],[-155.15,-82.858],[-155.459,-82.981],[-156.037,-83.027],[-157.018,-83.075],[-157.522,-83.107],[-157.679,-83.129],[-157.589,-83.188],[-157.356,-83.199],[-157.028,-83.234],[-157.429,-83.346],[-157.699,-83.381],[-159.444,-83.543],[-159.924,-83.494],[-160.595,-83.49],[-162.197,-83.519],[-162.574,-83.411],[-162.912,-83.347],[-163.111,-83.329],[-163.734,-83.373],[-164.058,-83.425],[-164.446,-83.468],[-164.644,-83.412],[-164.916,-83.29],[-165.619,-83.216],[-166.217,-83.201],[-167.725,-83.217],[-168.055,-83.227],[-168.191,-83.214],[-168.418,-83.229],[-168.604,-83.201],[-168.79,-83.188],[-169.016,-83.15],[-169.441,-83.096],[-171.031,-82.943],[-171.821,-82.847],[-172.125,-82.863],[-172.392,-82.893],[-172.593,-82.884],[-172.852,-82.917],[-173.071,-82.916],[-174.236,-82.793],[-174.172,-82.848],[-174.066,-82.9],[-171.539,-83.203],[-171.188,-83.256],[-169.168,-83.45],[-168.785,-83.529],[-168.497,-83.611],[-168.347,-83.637],[-168.053,-83.735],[-167.801,-83.791],[-167.553,-83.811],[-166.649,-83.792],[-165.922,-83.79],[-165.536,-83.756],[-164.951,-83.806],[-164.083,-83.946],[-164.011,-84.016],[-164.124,-84.053],[-164.502,-84.072],[-164.603,-84.097],[-164.685,-84.154],[-164.528,-84.191],[-164.032,-84.274],[-163.821,-84.29],[-163.757,-84.306],[-163.765,-84.324],[-163.899,-84.353],[-165.125,-84.375],[-165.185,-84.37],[-165.241,-84.381],[-165.135,-84.41],[-164.917,-84.431],[-164.114,-84.445],[-163.897,-84.47],[-163.759,-84.493],[-163.685,-84.513],[-163.568,-84.528],[-158.303,-84.778],[-156.986,-84.811],[-156.621,-84.84],[-156.49,-84.889],[-157.15,-84.892],[-157.454,-84.912],[-156.988,-84.982],[-156.643,-85.079],[-156.459,-85.186],[-156.81,-85.192],[-157.127,-85.186],[-160.821,-84.987],[-162.933,-84.901],[-163.464,-84.901],[-166.911,-84.819],[-167.492,-84.834],[-168.048,-84.729],[-168.668,-84.684],[-171.704,-84.542],[-174.663,-84.463],[-174.987,-84.466],[-175.381,-84.48],[-175.875,-84.51],[-176.108,-84.475],[-176.289,-84.418],[-176.985,-84.399],[-177.731,-84.395],[-178.069,-84.352],[-178.389,-84.337],[-180,-84.352],[-180,-71.939]],[[-117.376,-74.083],[-117.398,-74.122],[-117.363,-74.161],[-117.23,-74.193],[-116.739,-74.165],[-116.571,-74.126],[-116.514,-74.095],[-116.534,-74.083],[-116.609,-74.068],[-116.585,-74.056],[-116.451,-74.018],[-116.155,-73.91],[-116.203,-73.895],[-116.381,-73.865],[-117.376,-74.083]],[[-119.821,-74.12],[-119.758,-74.122],[-119.549,-74.11],[-119.449,-74.076],[-119.059,-73.998],[-118.99,-73.967],[-118.877,-73.878],[-118.91,-73.834],[-118.959,-73.81],[-119.216,-73.777],[-119.516,-73.775],[-119.669,-73.809],[-119.803,-73.814],[-119.661,-73.989],[-119.694,-74.006],[-119.797,-74.029],[-119.905,-74.082],[-119.887,-74.097],[-119.821,-74.12]],[[-123.112,-73.682],[-123.249,-73.739],[-123.292,-73.803],[-123.346,-73.843],[-123.191,-73.849],[-123.035,-73.838],[-122.991,-73.844],[-122.951,-73.866],[-122.625,-73.965],[-122.71,-73.994],[-122.881,-74.099],[-122.875,-74.141],[-122.794,-74.191],[-122.765,-74.219],[-122.891,-74.227],[-122.956,-74.24],[-122.939,-74.302],[-122.859,-74.343],[-122.287,-74.403],[-121.063,-74.337],[-121.002,-74.326],[-121.005,-74.293],[-121.037,-74.279],[-121.054,-74.26],[-121.019,-74.173],[-120.99,-74.157],[-120.273,-73.989],[-120.312,-73.922],[-120.378,-73.856],[-120.556,-73.756],[-120.722,-73.752],[-121.498,-73.733],[-121.966,-73.712],[-122.436,-73.682],[-122.91,-73.68],[-123.013,-73.673],[-123.112,-73.682]],[[-145.541,-75.692],[-145.348,-75.716],[-145.238,-75.711],[-145.252,-75.683],[-145.315,-75.642],[-145.418,-75.588],[-145.761,-75.514],[-145.895,-75.505],[-146.076,-75.533],[-146.151,-75.573],[-146.043,-75.612],[-145.541,-75.692]],[[-147.408,-76.105],[-147.345,-76.147],[-147.151,-76.197],[-146.894,-76.261],[-146.69,-76.247],[-146.949,-76.098],[-147.361,-76.063],[-147.418,-76.073],[-147.421,-76.09],[-147.408,-76.105]],[[-155.751,-79.829],[-155.525,-79.846],[-155.045,-79.9],[-154.941,-79.966],[-154.529,-80.0],[-154.349,-80.026],[-154.114,-80.036],[-153.93,-80.033],[-154.025,-79.988],[-154.535,-79.935],[-155.162,-79.851],[-155.674,-79.765],[-155.751,-79.829]],[[-158.154,-82.058],[-158.076,-82.112],[-157.987,-82.105],[-157.834,-82.031],[-158.261,-81.947],[-158.347,-81.901],[-158.914,-81.78],[-158.989,-81.78],[-158.927,-81.819],[-158.773,-81.875],[-158.545,-81.949],[-158.154,-82.058]],[[-160.807,-79.812],[-160.302,-79.844],[-159.053,-79.807],[-159.01,-79.78],[-158.996,-79.735],[-159.051,-79.695],[-159.119,-79.674],[-159.19,-79.637],[-159.256,-79.591],[-159.366,-79.545],[-159.419,-79.508],[-159.684,-79.402],[-159.964,-79.324],[-160.25,-79.271],[-160.764,-79.132],[-161.284,-79.007],[-161.643,-78.901],[-162.161,-78.793],[-162.39,-78.76],[-162.622,-78.742],[-162.873,-78.725],[-163.124,-78.719],[-163.256,-78.722],[-163.345,-78.78],[-163.66,-78.856],[-163.815,-78.929],[-164.126,-78.996],[-164.2,-79.051],[-164.245,-79.138],[-164.282,-79.245],[-164.226,-79.321],[-163.971,-79.389],[-163.712,-79.442],[-163.317,-79.505],[-161.866,-79.704],[-160.807,-79.812]],[[-163.253,-81.483],[-160.571,-81.598],[-160.467,-81.589],[-160.486,-81.567],[-160.617,-81.522],[-160.938,-81.464],[-161.559,-81.397],[-162.457,-81.313],[-163.201,-81.282],[-163.869,-81.324],[-163.93,-81.352],[-163.951,-81.391],[-163.939,-81.404],[-163.89,-81.424],[-163.766,-81.445],[-163.253,-81.483]],[[-163.796,-82.843],[-163.735,-82.857],[-163.704,-82.879],[-163.635,-82.902],[-163.602,-82.927],[-163.602,-82.969],[-163.552,-82.988],[-163.348,-83.021],[-163.242,-83.06],[-163.047,-83.097],[-162.305,-83.142],[-161.994,-83.119],[-161.828,-83.043],[-161.635,-83.027],[-162.34,-82.922],[-162.411,-82.899],[-162.799,-82.865],[-163.796,-82.843]]]]}},{"type":"Feature","properties":{"id":"seas-ne-1159115219-seas-27","category":"seas"},"geometry":{"type":"Polygon","coordinates":[[[169.456,-19.611],[169.769,-20.151],[169.75,-20.153],[169.737,-20.202],[169.807,-20.241],[169.821,-20.241],[169.836,-20.267],[167.536,-22.601],[167.53,-22.579],[167.443,-22.541],[167.422,-22.619],[167.444,-22.639],[167.473,-22.654],[167.482,-22.655],[167.472,-22.666],[159.041,-29.016],[159.041,-29.876],[153.278,-29.876],[153.275,-29.876],[153.347,-29.497],[153.348,-29.29],[153.462,-29.05],[153.605,-28.854],[153.617,-28.673],[153.569,-28.533],[153.575,-28.24],[153.455,-28.048],[153.428,-27.898],[153.385,-27.768],[153.198,-27.405],[153.117,-27.194],[153.162,-26.983],[153.084,-26.304],[153.165,-25.964],[153.126,-25.923],[153.028,-25.87],[152.985,-25.816],[152.92,-25.689],[152.917,-25.565],[152.913,-25.432],[152.789,-25.274],[152.654,-25.202],[152.563,-25.072],[152.502,-24.964],[152.493,-24.904],[152.456,-24.803],[152.353,-24.733],[152.282,-24.699],[152.13,-24.598],[152.055,-24.495],[151.903,-24.201],[151.832,-24.123],[151.691,-24.038],[151.575,-24.034],[151.501,-24.012],[151.236,-23.825],[151.154,-23.784],[151.088,-23.696],[150.989,-23.602],[150.931,-23.532],[150.843,-23.458],[150.783,-23.176],[150.783,-22.903],[150.764,-22.576],[150.672,-22.418],[150.623,-22.367],[150.569,-22.384],[150.564,-22.486],[150.58,-22.556],[150.541,-22.559],[150.405,-22.469],[150.235,-22.373],[150.143,-22.266],[150.076,-22.165],[150.02,-22.168],[149.981,-22.184],[149.942,-22.308],[150.006,-22.522],[149.974,-22.551],[149.92,-22.501],[149.823,-22.39],[149.772,-22.426],[149.704,-22.44],[149.645,-22.328],[149.596,-22.258],[149.524,-22.024],[149.46,-21.766],[149.454,-21.579],[149.329,-21.476],[149.28,-21.299],[149.242,-21.25],[149.205,-21.125],[149.061,-20.961],[148.912,-20.845],[148.79,-20.736],[148.684,-20.58],[148.73,-20.468],[148.805,-20.492],[148.885,-20.481],[148.821,-20.367],[148.759,-20.289],[148.601,-20.145],[148.527,-20.109],[148.367,-20.088],[148.19,-19.956],[148.081,-19.899],[148.004,-19.89],[147.915,-19.869],[147.853,-19.795],[147.742,-19.77],[147.586,-19.623],[147.51,-19.474],[147.471,-19.419],[147.419,-19.378],[147.341,-19.403],[147.278,-19.414],[147.139,-19.393],[147.093,-19.333],[147.003,-19.256],[146.829,-19.236],[146.692,-19.188],[146.587,-19.139],[146.481,-19.079],[146.383,-18.977],[146.297,-18.841],[146.312,-18.667],[146.333,-18.554],[146.223,-18.51],[146.032,-18.273],[146.023,-18.176],[146.074,-17.977],[146.126,-17.635],[146.05,-17.381],[145.902,-17.07],[145.912,-16.913],[145.838,-16.911],[145.755,-16.879],[145.638,-16.726],[145.55,-16.625],[145.49,-16.532],[145.426,-16.406],[145.436,-16.305],[145.452,-16.237],[145.458,-16.056],[145.375,-15.881],[145.35,-15.701],[145.272,-15.476],[145.293,-15.327],[145.276,-15.204],[145.252,-15.098],[145.277,-15.029],[145.288,-14.943],[145.18,-14.857],[145.064,-14.791],[144.916,-14.674],[144.648,-14.493],[144.586,-14.355],[144.473,-14.232],[144.322,-14.279],[144.21,-14.302],[144.106,-14.394],[143.962,-14.463],[143.822,-14.401],[143.756,-14.349],[143.707,-14.165],[143.644,-13.964],[143.589,-13.863],[143.548,-13.741],[143.587,-13.443],[143.53,-13.304],[143.512,-13.095],[143.458,-12.856],[143.397,-12.736],[143.402,-12.64],[143.289,-12.499],[143.254,-12.398],[143.191,-12.361],[143.11,-12.304],[143.099,-12.226],[143.105,-12.17],[143.153,-12.076],[143.179,-11.954],[143.067,-11.924],[142.988,-11.919],[142.934,-11.881],[142.872,-11.822],[142.851,-11.633],[142.853,-11.432],[142.837,-11.307],[142.803,-11.214],[142.78,-11.115],[142.998,-9.638],[143.078,-9.093],[143.227,-9.036],[143.366,-8.961],[143.374,-8.943],[146.626,-8.943],[146.631,-8.951],[146.697,-9.025],[146.856,-9.088],[146.913,-9.092],[146.964,-9.06],[146.93,-9.154],[146.925,-9.247],[147.017,-9.388],[147.065,-9.426],[147.299,-9.579],[147.409,-9.675],[147.496,-9.791],[147.553,-9.912],[147.614,-9.96],[147.669,-10.013],[147.769,-10.07],[147.89,-10.087],[148.051,-10.128],[148.101,-10.124],[148.15,-10.107],[148.269,-10.128],[148.383,-10.185],[148.43,-10.191],[148.591,-10.178],[148.654,-10.157],[148.713,-10.167],[148.838,-10.234],[148.937,-10.255],[149.353,-10.29],[149.544,-10.338],[149.651,-10.338],[149.754,-10.353],[149.835,-10.399],[149.948,-10.483],[149.981,-10.518],[150.017,-10.577],[150.142,-10.621],[150.32,-10.655],[150.426,-10.648],[150.482,-10.637],[150.618,-10.557],[150.68,-10.566],[151.28,-10.989],[153.185,-11.236],[153.284,-11.35],[153.203,-11.324],[153.207,-11.352],[153.235,-11.42],[153.322,-11.472],[153.287,-11.517],[153.357,-11.495],[153.379,-11.56],[153.519,-11.595],[153.554,-11.631],[153.699,-11.613],[153.755,-11.589],[159.983,-11.519],[159.979,-11.538],[160.004,-11.58],[160.087,-11.595],[160.1,-11.611],[160.15,-11.644],[160.27,-11.664],[160.355,-11.712],[160.395,-11.789],[160.443,-11.815],[160.506,-11.832],[160.576,-11.798],[160.537,-11.759],[160.523,-11.749],[160.558,-11.765],[162.118,-10.822],[162.124,-10.825],[162.201,-10.808],[162.301,-10.832],[162.373,-10.824],[162.288,-10.776],[162.288,-10.736],[167.155,-9.895],[167.504,-13.733],[167.481,-13.71],[167.407,-13.748],[167.392,-13.788],[167.451,-13.91],[167.475,-13.917],[167.489,-13.908],[167.499,-13.885],[167.508,-13.882],[167.508,-14.143],[167.506,-14.142],[167.439,-14.168],[167.411,-14.197],[167.404,-14.282],[167.431,-14.295],[167.543,-14.312],[167.559,-14.292],[168.072,-14.87],[168.117,-15.159],[168.131,-15.319],[168.144,-15.343],[168.159,-15.47],[168.123,-15.681],[168.179,-15.926],[168.196,-15.972],[168.212,-15.97],[168.194,-16.115],[168.164,-16.082],[168.065,-16.181],[167.985,-16.197],[167.929,-16.229],[167.957,-16.272],[168.022,-16.316],[168.183,-16.347],[168.206,-16.345],[168.306,-16.695],[168.296,-16.684],[168.266,-16.671],[168.234,-16.64],[168.199,-16.594],[168.182,-16.6],[168.135,-16.637],[168.124,-16.69],[168.149,-16.766],[168.181,-16.804],[168.212,-16.806],[168.319,-16.788],[168.319,-17.445],[168.355,-17.551],[168.341,-17.552],[168.32,-17.544],[168.297,-17.545],[168.273,-17.552],[168.191,-17.645],[168.158,-17.711],[168.182,-17.717],[168.233,-17.698],[168.278,-17.706],[168.306,-17.746],[168.252,-17.781],[168.399,-17.807],[168.455,-17.803],[169.024,-18.574],[169.056,-18.629],[169.016,-18.644],[168.987,-18.708],[168.998,-18.825],[168.987,-18.871],[169.201,-18.963],[169.201,-19.35],[169.238,-19.387],[169.218,-19.476],[169.262,-19.545],[169.347,-19.624],[169.438,-19.649],[169.456,-19.611]],[[167.967,-21.642],[168.006,-21.643],[168.121,-21.616],[168.139,-21.445],[168.058,-21.449],[168.011,-21.43],[167.995,-21.407],[167.985,-21.37],[167.988,-21.338],[167.926,-21.373],[167.815,-21.393],[167.879,-21.524],[167.876,-21.582],[167.941,-21.606],[167.967,-21.642]],[[167.72,-15.478],[167.844,-15.482],[167.911,-15.436],[168.003,-15.283],[167.826,-15.312],[167.674,-15.452],[167.72,-15.478]],[[167.152,-16.08],[167.218,-16.155],[167.246,-16.15],[167.316,-16.116],[167.349,-16.154],[167.38,-16.246],[167.401,-16.4],[167.447,-16.502],[167.436,-16.515],[167.449,-16.555],[167.526,-16.574],[167.612,-16.499],[167.76,-16.516],[167.836,-16.45],[167.792,-16.395],[167.776,-16.341],[167.714,-16.314],[167.681,-16.261],[167.642,-16.263],[167.499,-16.166],[167.484,-16.118],[167.459,-16.118],[167.413,-16.096],[167.336,-15.917],[167.254,-15.877],[167.199,-15.885],[167.183,-15.928],[167.152,-16.08]],[[167.204,-20.673],[167.056,-20.72],[167.045,-20.76],[167.136,-20.766],[167.189,-20.804],[167.111,-20.904],[167.033,-20.923],[167.073,-20.997],[167.134,-21.061],[167.273,-21.097],[167.346,-21.169],[167.401,-21.161],[167.431,-21.087],[167.431,-21.056],[167.361,-20.942],[167.293,-20.891],[167.298,-20.733],[167.269,-20.7],[167.204,-20.673]],[[166.759,-15.631],[166.826,-15.635],[166.937,-15.578],[167.094,-15.581],[167.2,-15.486],[167.201,-15.443],[167.182,-15.39],[167.132,-15.135],[167.106,-15.126],[167.069,-15.072],[167.054,-14.974],[167.076,-14.936],[167.026,-14.922],[166.987,-14.94],[166.968,-15.062],[166.923,-15.139],[166.885,-15.157],[166.81,-15.157],[166.746,-14.827],[166.663,-14.735],[166.608,-14.637],[166.568,-14.642],[166.526,-14.76],[166.527,-14.85],[166.648,-15.211],[166.631,-15.406],[166.699,-15.516],[166.759,-15.567],[166.759,-15.631]],[[164.06,-20.142],[164.041,-20.173],[164.037,-20.234],[164.065,-20.279],[164.124,-20.305],[164.158,-20.348],[164.152,-20.415],[164.17,-20.48],[164.313,-20.633],[164.375,-20.739],[164.454,-20.829],[164.559,-20.906],[164.656,-20.992],[164.855,-21.202],[164.928,-21.29],[165.01,-21.327],[165.242,-21.525],[165.329,-21.58],[165.428,-21.615],[165.62,-21.724],[165.744,-21.777],[165.824,-21.854],[165.933,-21.908],[166.096,-21.957],[166.124,-21.989],[166.143,-22.044],[166.176,-22.089],[166.292,-22.155],[166.416,-22.196],[166.438,-22.231],[166.468,-22.256],[166.522,-22.249],[166.571,-22.266],[166.774,-22.376],[166.835,-22.356],[166.9,-22.354],[166.97,-22.323],[167.004,-22.261],[166.942,-22.09],[166.82,-22.017],[166.69,-21.953],[166.588,-21.873],[166.493,-21.783],[166.303,-21.637],[166.058,-21.484],[165.949,-21.442],[165.885,-21.389],[165.823,-21.364],[165.775,-21.312],[165.663,-21.267],[165.582,-21.18],[165.447,-21.08],[165.42,-21.043],[165.412,-20.981],[165.381,-20.936],[165.307,-20.887],[165.252,-20.818],[165.192,-20.769],[165.112,-20.744],[164.976,-20.681],[164.588,-20.381],[164.436,-20.282],[164.315,-20.309],[164.202,-20.246],[164.06,-20.142]],[[165.968,-10.78],[166.028,-10.77],[166.053,-10.775],[166.133,-10.758],[166.13,-10.745],[166.162,-10.693],[166.126,-10.68],[166.023,-10.661],[165.909,-10.674],[165.86,-10.703],[165.836,-10.761],[165.79,-10.756],[165.791,-10.785],[165.819,-10.844],[165.856,-10.842],[165.904,-10.852],[165.968,-10.78]],[[152.978,-25.543],[152.976,-25.551],[153.007,-25.729],[153.052,-25.778],[153.077,-25.751],[153.084,-25.683],[153.141,-25.513],[153.35,-25.063],[153.359,-24.978],[153.298,-24.915],[153.296,-24.886],[153.282,-24.738],[153.257,-24.729],[153.223,-24.74],[153.181,-24.765],[153.144,-24.815],[153.186,-24.833],[153.242,-24.923],[153.228,-25.006],[153.189,-25.071],[153.038,-25.193],[153.061,-25.302],[153.052,-25.354],[152.999,-25.449],[152.978,-25.543]],[[151.184,-23.74],[151.238,-23.776],[151.261,-23.762],[151.296,-23.72],[151.274,-23.669],[151.229,-23.595],[151.24,-23.53],[151.212,-23.513],[151.181,-23.516],[151.147,-23.491],[151.06,-23.461],[151.033,-23.53],[151.184,-23.74]]]}},{"type":"Feature","properties":{"id":"seas-ne-1159115305-seas-28","category":"seas"},"geometry":{"type":"Polygon","coordinates":[[[130.894,34.275],[130.834,34.509],[130.617,35.017],[130.206,35.58],[129.6,36.056],[129.571,36.03],[129.573,36.051],[129.51,36.037],[129.458,36.007],[129.426,36.019],[129.404,36.052],[129.403,36.138],[129.391,36.202],[129.392,36.323],[129.427,36.386],[129.445,36.471],[129.433,36.636],[129.473,36.742],[129.426,36.925],[129.418,37.059],[129.335,37.275],[129.052,37.678],[128.852,37.887],[128.619,38.176],[128.374,38.623],[128.329,38.681],[128.313,38.694],[128.313,40.041],[128.393,40.089],[128.511,40.13],[128.611,40.198],[128.701,40.318],[128.843,40.359],[128.945,40.428],[129.11,40.491],[129.245,40.661],[129.341,40.726],[129.709,40.858],[129.742,40.932],[129.712,41.124],[129.766,41.304],[129.759,41.391],[129.683,41.494],[129.686,41.595],[129.757,41.712],[129.876,41.805],[129.928,41.897],[130.007,41.991],[130.068,42.046],[130.18,42.097],[130.235,42.183],[130.315,42.214],[130.458,42.302],[130.569,42.292],[130.637,42.275],[130.687,42.303],[130.73,42.326],[130.834,42.523],[130.71,42.656],[130.756,42.673],[130.946,42.634],[131.025,42.645],[131.158,42.626],[131.245,42.697],[131.293,42.772],[131.393,42.822],[131.517,42.996],[131.722,43.203],[131.795,43.255],[131.939,43.302],[131.976,43.296],[132.013,43.28],[131.898,43.171],[131.866,43.095],[131.947,43.095],[132.029,43.119],[132.233,43.245],[132.31,43.313],[132.334,43.239],[132.304,42.883],[132.481,42.91],[132.576,42.872],[132.709,42.876],[132.863,42.794],[132.924,42.805],[132.997,42.808],[133.06,42.723],[133.16,42.697],[133.33,42.764],[133.587,42.828],[133.709,42.83],[134.011,42.947],[134.157,43.042],[134.692,43.291],[134.917,43.427],[135.131,43.526],[135.26,43.685],[135.483,43.835],[135.489,43.899],[135.533,43.972],[135.875,44.373],[135.987,44.44],[136.143,44.489],[136.209,44.562],[136.251,44.667],[136.461,44.822],[136.604,44.978],[136.737,45.08],[136.803,45.171],[137.147,45.394],[137.425,45.64],[137.686,45.818],[137.769,45.929],[138.106,46.251],[138.21,46.463],[138.337,46.543],[138.392,46.745],[138.501,46.89],[138.53,46.976],[138.587,47.057],[139.001,47.383],[139.167,47.635],[139.373,47.888],[139.521,47.975],[139.676,48.09],[139.76,48.181],[139.999,48.324],[140.113,48.422],[140.171,48.524],[140.224,48.773],[140.379,48.964],[140.334,48.995],[140.309,49.054],[140.326,49.12],[140.349,49.159],[140.364,49.221],[140.399,49.29],[140.431,49.332],[140.517,49.596],[140.511,49.762],[140.465,49.825],[140.463,49.912],[140.584,50.033],[140.613,50.054],[140.625,50.082],[140.564,50.107],[140.536,50.131],[140.476,50.546],[140.521,50.8],[140.646,50.987],[140.671,51.051],[140.688,51.232],[140.838,51.414],[140.933,51.62],[141.129,51.728],[141.258,51.861],[141.348,51.91],[141.683,51.91],[141.721,51.847],[141.808,51.789],[141.772,51.752],[141.722,51.736],[141.772,51.69],[141.873,51.63],[142.006,51.521],[142.091,51.429],[142.207,51.222],[142.208,50.998],[142.148,50.89],[142.1,50.776],[142.066,50.63],[142.071,50.515],[142.143,50.312],[142.153,50.217],[142.142,49.569],[142.109,49.44],[142.067,49.312],[142.02,49.079],[141.98,48.972],[141.867,48.75],[141.873,48.702],[141.897,48.655],[142.028,48.477],[142.135,48.29],[142.182,48.013],[142.149,47.902],[142.076,47.808],[142.016,47.701],[141.964,47.587],[141.962,47.544],[141.984,47.348],[142.017,47.245],[142.039,47.14],[142.011,47.03],[141.867,46.694],[141.831,46.451],[141.916,46.171],[141.93,46.088],[141.954,46.032],[141.962,46.013],[142.016,45.962],[142.038,45.945],[142.07,45.922],[142.068,45.913],[141.946,45.504],[141.938,45.509],[141.879,45.484],[141.83,45.439],[141.778,45.419],[141.69,45.405],[141.668,45.401],[141.654,45.377],[141.653,45.349],[141.594,45.256],[141.583,45.156],[141.656,45.051],[141.719,44.941],[141.782,44.716],[141.761,44.482],[141.716,44.371],[141.661,44.264],[141.645,44.019],[141.601,43.919],[141.447,43.749],[141.398,43.643],[141.398,43.512],[141.413,43.382],[141.374,43.28],[141.296,43.2],[141.245,43.185],[141.138,43.18],[140.954,43.201],[140.819,43.205],[140.781,43.215],[140.584,43.312],[140.487,43.338],[140.392,43.303],[140.379,43.237],[140.398,43.167],[140.486,43.05],[140.432,42.954],[140.329,42.867],[140.224,42.795],[140.114,42.733],[140.015,42.685],[139.95,42.672],[139.891,42.649],[139.86,42.582],[139.829,42.448],[139.821,42.387],[139.836,42.278],[139.895,42.19],[140.024,42.099],[140.057,42.067],[140.108,41.913],[140.084,41.803],[140.021,41.696],[139.995,41.577],[140.009,41.521],[140.037,41.474],[140.085,41.434],[140.144,41.424],[140.318,41.146],[140.344,41.006],[140.326,40.948],[140.281,40.846],[140.253,40.809],[140.201,40.775],[140.146,40.752],[140.085,40.747],[140.029,40.733],[139.967,40.673],[139.923,40.598],[139.924,40.534],[139.964,40.414],[140.014,40.315],[140.011,40.26],[139.973,40.137],[139.908,40.022],[139.874,39.985],[139.826,39.966],[139.755,39.959],[139.741,39.921],[139.81,39.878],[139.891,39.887],[139.945,39.885],[139.995,39.855],[140.055,39.749],[140.065,39.625],[140.048,39.464],[140.037,39.411],[140.011,39.358],[139.977,39.311],[139.939,39.273],[139.912,39.229],[139.878,39.105],[139.802,38.882],[139.749,38.788],[139.66,38.697],[139.58,38.599],[139.521,38.503],[139.477,38.4],[139.446,38.269],[139.401,38.142],[139.364,38.099],[139.247,38.009],[138.885,37.844],[138.819,37.775],[138.77,37.663],[138.71,37.561],[138.633,37.472],[138.548,37.392],[138.32,37.218],[138.218,37.173],[138.109,37.151],[137.913,37.064],[137.514,36.952],[137.482,36.925],[137.343,36.77],[137.298,36.754],[137.246,36.753],[137.124,36.774],[137.017,36.837],[137.012,36.895],[137.018,36.96],[136.995,37.027],[136.9,37.118],[136.924,37.172],[136.982,37.2],[137.046,37.22],[137.152,37.283],[137.337,37.438],[137.341,37.486],[137.323,37.522],[137.199,37.497],[136.962,37.414],[136.844,37.382],[136.719,37.198],[136.75,36.951],[136.698,36.742],[136.556,36.572],[136.359,36.362],[136.262,36.288],[136.156,36.223],[136.067,36.117],[136.006,35.991],[136.022,35.874],[136.095,35.767],[136.016,35.682],[135.903,35.607],[135.795,35.549],[135.681,35.503],[135.602,35.518],[135.327,35.526],[135.268,35.551],[135.232,35.592],[135.269,35.66],[135.266,35.722],[135.221,35.741],[135.174,35.747],[134.882,35.663],[134.456,35.628],[134.336,35.578],[134.214,35.539],[133.981,35.507],[133.86,35.495],[133.74,35.495],[133.615,35.511],[133.495,35.498],[133.435,35.472],[133.377,35.459],[133.267,35.556],[133.157,35.559],[132.923,35.511],[132.746,35.449],[132.698,35.418],[132.619,35.307],[132.414,35.156],[132.26,35.022],[132.158,34.966],[132.065,34.9],[131.963,34.809],[131.856,34.726],[131.734,34.667],[131.608,34.615],[131.515,34.55],[131.432,34.47],[131.355,34.413],[131.262,34.393],[131.132,34.408],[131.004,34.393],[130.952,34.35],[130.904,34.3],[130.894,34.275]],[[138.225,37.829],[138.249,37.82],[138.344,37.822],[138.497,37.904],[138.575,38.066],[138.453,38.076],[138.463,38.124],[138.51,38.259],[138.504,38.316],[138.461,38.292],[138.306,38.161],[138.25,38.078],[138.246,37.995],[138.322,37.991],[138.322,37.969],[138.288,37.896],[138.282,37.854],[138.225,37.829]]]}}]}
